subject_id,group,trial_order,trial_type,duration_s,raw_samples,raw_median_hz,raw_path,hold_path,linear_path,hold_path_fraction,linear_path_fraction,hold_stationary_fraction,raw_stationary_fraction,clicks,unrepresented_tail_s,window_count
100,0,0,A,25.024250499904156,752,29.99949008161809,2.6669187281973725,2.6545473223328484,2.645960885147407,0.9953611612780993,0.992141551660957,0.604,0.6311584553928096,0,0.02425049990415573,21
100,0,1,B,25.00505180004984,751,30.002145194164605,3.6156366696323636,3.602621972753168,3.5976700223591,0.9964004411758223,0.9950308482530434,0.478,0.5066666666666667,0,0.005051800049841404,21
100,0,2,A,22.058913099579513,642,29.997420383795575,3.811813887268261,3.786329895289848,3.7920293334652317,0.9933144710806759,0.9948096747668843,0.38095238095238093,0.39469578783151327,0,0.008913099579512362,18
100,0,3,B,24.99444569973275,751,29.999085045385538,2.2101207288013347,2.150610529802377,2.158890376168935,0.9730737790820897,0.9768201112433417,0.6653306613226453,0.6933333333333334,0,0.044445699732751365,21
100,0,4,A,22.84380740020424,686,30.001379836482784,3.8408081617382877,3.8195289820434555,3.8147602431348933,0.9944597129565561,0.9932181151709474,0.5043859649122807,0.5313868613138686,0,0.043807400204240565,18
100,0,5,B,25.019020500127226,751,30.000885057296156,3.6691076577721944,3.6532476526761783,3.6525823865355656,0.9956774217124919,0.9954961061985674,0.58,0.596,0,0.019020500127226114,21
100,0,6,A,25.008252599742264,749,29.997645191367052,4.441930317165707,4.423568533536757,4.4157326559938745,0.9958662603152527,0.994102189971195,0.424,0.4505347593582888,0,0.008252599742263556,21
100,0,7,B,25.013536600396037,751,30.00084000197595,3.2204534541187444,3.2034999892818288,3.2000666509758458,0.9947356901509528,0.9936695861519671,0.436,0.46,0,0.013536600396037102,21
100,0,8,A,24.12172479974106,723,30.00183020241652,5.253038663425915,5.21908834520713,5.210267775304981,0.9935370134518211,0.9918578767716436,0.4024896265560166,0.4265927977839335,3,0.02172479974105812,20
100,0,9,B,23.26086869975552,699,29.99949008161809,4.5176578202706565,4.506712933911562,4.494425939736505,0.9975773095717907,0.994857538694075,0.35053763440860214,0.3868194842406877,0,0.010868699755519629,19
100,0,10,A,17.39296230021864,523,30.000030077092703,4.153297528380632,4.120536853771682,4.129245479481146,0.99211212912509,0.9942089270669555,0.33429394812680113,0.35823754789272033,0,0.04296230021864034,13
100,0,11,B,24.99483729992062,751,30.00030018689596,3.9493912594243277,3.9346193698131104,3.921792215878817,0.9962597046884206,0.9930118234095819,0.501002004008016,0.532,0,0.044837299920619245,21
100,0,12,A,25.000052500050515,751,30.001470160069577,4.68317512676207,4.668726399068168,4.659956812301321,0.9969147581922927,0.9950421853054208,0.412,0.44533333333333336,0,5.250005051493645e-05,21
100,0,13,B,21.26977160014212,640,29.999220195938936,3.9083116272775333,3.8646253139309565,3.872045229527309,0.9888222031626971,0.9907206995734148,0.44941176470588234,0.48043818466353677,0,0.019771600142121315,17
100,0,14,A,21.62871350022033,650,30.000210079904264,4.124059145889939,4.097172027275156,4.09098720968162,0.9934804236157527,0.9919807318376413,0.47453703703703703,0.5038520801232665,1,0.02871350022032715,17
100,0,15,B,25.0040148999542,752,30.001020224068743,2.9270638367468838,2.918711672960355,2.9093021409818975,0.9971465727253113,0.9939319069362265,0.538,0.5778961384820239,1,0.004014899954199791,21
100,0,16,A,24.995014799758792,747,29.99625051695911,5.219640373845692,5.187697487568649,5.17951696399825,0.9938802515136672,0.9923129934298748,0.46292585170340683,0.4879356568364611,0,0.045014799758792634,21
100,0,17,B,22.266639600042254,667,30.000570092007663,3.758964091685775,3.743025952691588,3.731752258716742,0.9957599650846786,0.9927608159308514,0.4,0.42492492492492495,0,0.016639600042253733,18
100,0,18,A,16.839166299905628,506,29.997690237091817,3.599017952423517,3.559936391954105,3.5620252954150167,0.9891410487566212,0.9897214580484129,0.3541666666666667,0.3821782178217822,0,0.039166299905627255,12
100,0,19,B,21.995636399835348,657,29.99841014898574,3.8282961849713955,3.785276504289751,3.7907004354171128,0.9887627083686666,0.9901795086540401,0.4305239179954442,0.4634146341463415,0,0.04563639983534884,18
101,0,0,A,20.540114200208336,615,29.99737512937034,3.7550537383760854,3.6872876830673347,3.7081519602410733,0.9819533726997854,0.987509691897167,0.24634146341463414,0.2687296416938111,0,0.040114200208336115,16
101,0,1,B,24.02729850029573,721,30.002550103452656,5.472993208991694,5.433740085904896,5.423165260961069,0.9928278509422763,0.9908956678497679,0.26666666666666666,0.2972222222222222,1,0.027298500295728445,20
101,0,2,A,25.002321099862456,751,30.000030077092703,5.829525270324039,5.5359442603184785,5.757747883450493,0.9496389506191742,0.9876872672224378,0.638,0.652,1,0.0023210998624563217,21
101,0,3,B,25.000580699648708,752,29.999579765201315,3.383659256908765,3.3586784812505277,3.3708125442820362,0.9926172307074858,0.996203307824067,0.376,0.40745672436750996,1,0.0005806996487081051,21
101,0,4,A,15.671971600037068,471,30.000884847736213,4.700388428243002,4.672552812637694,4.6702354322878215,0.9940780180127128,0.9935849991090094,0.23961661341853036,0.2531914893617021,1,0.021971600037067773,11
101,0,5,B,24.993864600080997,751,30.001785144257436,4.611361035590291,4.59914233363496,4.524051150976199,0.9973503046365211,0.9810663524412341,0.5430861723446894,0.5613333333333334,1,0.04386460008099746,21
101,0,6,A,20.17500270018354,607,30.00007492043162,8.20226491103097,8.170911885596368,8.14234948700312,0.9961775161160138,0.9926952586050627,0.36476426799007444,0.3910891089108911,1,0.025002700183542004,16
101,0,7,B,24.998410599771887,751,29.998499826112145,4.04778436525234,4.0129157239253175,4.004524470984134,0.9913857463291899,0.9893126979194927,0.38276553106212424,0.408,1,0.048410599771887775,21
101,0,8,A,16.1210807999596,485,30.001740086233692,5.762381767429082,5.7259902129187825,5.732488220367547,0.9936846331987241,0.9948122932030462,0.1956521739130435,0.2128099173553719,1,0.02108079995959855,12
101,0,9,B,17.995214499998838,542,30.00029976779242,4.629867036285146,4.5781318105553765,4.583778053144465,0.988825764255364,0.990045290117519,0.181058495821727,0.19963031423290203,1,0.04521449999883842,14
101,0,10,A,15.775183700025082,476,30.000570092007663,5.649858567897111,5.578215192800397,5.589906069500063,0.9873194391973286,0.989388672711614,0.21904761904761905,0.24210526315789474,1,0.025183700025081635,11
101,0,11,B,25.018705499824136,750,29.998050188719557,4.0882364149373,4.058500913395131,4.056725144922703,0.9927265699621666,0.9922922094477064,0.498,0.5327102803738317,1,0.018705499824136496,21
101,0,12,A,17.763014500029385,534,30.00246040210896,5.884848728347744,5.86211828090057,5.849168614303272,0.9961374627460381,0.9939369530651488,0.10140845070422536,0.12570356472795496,1,0.01301450002938509,13
101,0,13,B,23.646502600051463,711,30.001245085599724,3.604240033691875,3.5731946541861044,3.5738260254909244,0.9913864284244215,0.991561603024037,0.3305084745762712,0.3619718309859155,1,0.04650260005146123,19
101,0,14,A,21.936847900040448,657,30.00228016271293,6.635074590028729,6.509462599135284,6.550020133616607,0.9810684885016641,0.9871810851169717,0.3493150684931507,0.3628048780487805,1,0.03684790004044913,17
101,0,15,B,18.977977400179952,571,30.00093011275169,5.3779032094679105,5.356840701769569,5.351431651342752,0.9960835093384982,0.9950777176356476,0.29815303430079154,0.3175438596491228,1,0.027977400179953094,15
101,0,16,A,21.92267360026017,659,29.999939971723567,6.9074263517664996,6.862281047865095,6.8338651587538415,0.993464236663217,0.9893504194954108,0.2557077625570776,0.2933130699088146,1,0.022673600260169735,17
101,0,17,B,18.59985759994015,560,29.999759972153306,6.946728900931129,6.885961675898273,6.876588455773469,0.9912523972218478,0.9899030973918878,0.24528301886792453,0.2737030411449016,1,0.049857599940150266,14
101,0,18,A,16.071745299734175,483,30.002685075644084,5.541088331012416,5.496888560014893,5.502833563124817,0.9920232690119476,0.9930961634967098,0.2523364485981308,0.27385892116182575,1,0.021745299734174495,12
101,0,19,B,25.001208300236613,751,29.99949008161809,6.348657299702785,6.302048602136238,6.2734611183308004,0.9926584952744687,0.9881555771839339,0.47,0.496,1,0.0012083002366125584,21
10,0,0,A,21.416334900073707,648,30.000120183003105,4.753864527917915,4.687146194973522,4.7013708432829695,0.9859654534636868,0.9889576818340812,0.4088785046728972,0.44049459041731065,1,0.016334900073708525,17
10,0,1,B,25.00207869987935,750,29.999310087446453,4.7291202933215235,4.716819465804744,4.712560095152651,0.9973989184554788,0.9964982497501155,0.512,0.5287049399198932,1,0.002078699879348278,21
10,0,2,A,25.023931700037792,752,29.998770117890686,5.221220775487726,5.204093923338712,5.191403570274309,0.9967197609744026,0.994289227271637,0.486,0.5139813581890812,0,0.023931700037792325,21
10,0,3,B,24.291744800051674,724,30.001109916800946,4.441442424034563,4.394758152033953,4.403490407030882,0.9894889390554785,0.9914550244311832,0.43917525773195876,0.4633471645919779,1,0.04174480005167425,20
10,0,4,A,19.522308699786663,585,30.001425102991938,4.249718889563626,4.2110477790174325,4.210767053813628,0.990900313279271,0.9908342559208668,0.4282051282051282,0.4400684931506849,0,0.022308699786663055,15
10,0,5,B,21.74015329987742,653,30.00133509402579,4.804740678333321,4.760029839581588,4.769024088927162,0.9906944324896962,0.9925663856184328,0.4700460829493088,0.49079754601226994,0,0.04015329987742078,17
10,0,6,A,16.352422999916598,495,30.002235103202292,4.197501169010187,4.181091467061626,4.179752379041722,0.9960906021730946,0.995771581887933,0.3241590214067278,0.34615384615384615,0,0.0024229999165967797,12
10,0,7,B,21.077435000101104,635,30.000885057296156,3.7909851760102278,3.775441804934961,3.7707772451050316,0.9958999124624315,0.9946694777302021,0.4085510688836104,0.43690851735015773,0,0.027435000101103668,17
10,0,8,A,22.358404299942777,673,29.99854508393091,4.405634768111833,4.384514983679887,4.381720091540016,0.9952061880878524,0.9945717977475318,0.42953020134228187,0.46130952380952384,0,0.00840429994277514,18
10,0,9,B,18.06765510002151,544,30.001470160069577,3.8049213387495158,3.785580103005154,3.7841782891631457,0.9949167843373292,0.9945483630962034,0.37950138504155123,0.4088397790055249,0,0.017655100021510606,14
10,0,10,A,18.041110099991783,544,30.001110126364033,4.099700889550995,4.045508480718378,4.057121819842718,0.9867813749606127,0.9896141033564669,0.3638888888888889,0.3848987108655617,0,0.0411100999917835,14
10,0,11,B,19.005994900129735,574,30.00291017172064,4.038480101154352,4.009459075410165,4.017446220701576,0.9928138742751531,0.9947916344946792,0.4473684210526316,0.46596858638743455,0,0.00599490012973547,15
10,0,12,A,15.072289800038561,453,29.997780014672344,4.902658182139964,4.880453055606136,4.872999269154373,0.9954707985527688,0.9939504424163943,0.24916943521594684,0.2809734513274336,0,0.022289800038560514,11
10,0,13,B,19.52035850007087,587,29.999129885899276,3.5008508752355776,3.4881515252139605,3.483312274622423,0.9963724961518784,0.9949901891745176,0.4897435897435897,0.5255972696245734,0,0.020358500070869923,15
10,0,14,A,14.968234300147742,449,30.00084000197595,3.901342096252369,3.8840191535982758,3.883658611784179,0.9955597478440218,0.9954673330274788,0.35785953177257523,0.3705357142857143,0,0.018234300147742744,11
10,0,15,B,19.071371499914676,574,30.00264022450165,4.6224497568644125,4.595074525771325,4.586537892324932,0.994077765571722,0.9922309886686922,0.38320209973753283,0.4048865619546248,1,0.02137149991467524,15
10,0,16,A,15.050712099997327,454,30.000030077092703,4.167990082350988,4.137732240018147,4.15001844715826,0.9927404236250549,0.9956881770739265,0.3222591362126246,0.3554083885209713,0,0.0007120999973260211,11
10,0,17,B,18.150141699938104,547,29.999849971668436,3.6193029645663453,3.5950685147000634,3.602772572792148,0.9933041112878525,0.9954327139960282,0.43526170798898073,0.4652014652014652,0,0.00014169993810497772,14
10,0,18,A,16.482559699798003,497,30.00192010956631,4.569938512468458,4.544067902826398,4.533732437675972,0.9943389589222095,0.9920773387445578,0.2857142857142857,0.3185483870967742,0,0.03255969979800355,12
10,0,19,B,15.652354499790817,471,30.000390084875907,4.083428295362561,4.057088280313621,4.06988214164007,0.9935495340817289,0.9966826517468484,0.36421725239616615,0.39361702127659576,0,0.002354499790817144,11
11,1,0,A,24.99897009995766,751,30.000479983394627,3.0573277038554467,3.0020258145412773,2.9932758399633244,0.9819116906426384,0.9790497224712452,0.6212424849699398,0.6613333333333333,0,0.04897009995766055,21
11,1,1,B,25.022739599924535,752,29.999850076441177,2.778990271434066,2.75175834183096,2.7430116217281197,0.9902007826788637,0.9870533372945635,0.654,0.6884154460719041,0,0.02273959992453456,21
11,1,2,A,25.01807610015385,749,30.000164921836454,4.036298461949447,4.002431359561287,3.9618322532567176,0.9916093661785846,0.9815508666183314,0.55,0.589572192513369,0,0.01807610015384853,21
11,1,3,B,24.9938690001145,751,29.99980491945716,2.856668608082246,2.818510929051202,2.7980635008909434,0.986642595181294,0.9794848072242284,0.5891783567134269,0.6253333333333333,0,0.04386900011450123,21
11,1,4,A,24.999849800020456,751,29.99944492571782,3.6793622491705635,3.65492685952266,3.6392626788757,0.9933587975325311,0.9891014889050669,0.5410821643286573,0.572,0,0.049849800020457025,21
11,1,5,B,25.010131099959835,752,30.00156006506148,4.228481831155774,4.183638324741174,4.172637071192874,0.989394892019119,0.9867931890941491,0.54,0.5712383488681758,0,0.01013109995983541,21
11,1,6,A,24.99562399997376,751,29.998815062228477,4.403538859333528,4.371181091248981,4.345279610306074,0.9926518717971653,0.9867699023697791,0.5350701402805611,0.568,0,0.045623999973759766,21
11,1,7,B,24.998975499998778,750,29.999670077949656,2.5499308341651585,2.525896754551618,2.516411154846923,0.9905746150869974,0.9868546711663221,0.6292585170340681,0.6635514018691588,1,0.048975499998778815,21
11,1,8,A,19.71428700000979,593,29.999939971723567,4.549051950264371,4.478479247313253,4.46562729565713,0.9844862833569055,0.9816610899327294,0.34517766497461927,0.40202702702702703,0,0.014287000009790773,15
11,1,9,B,24.997834000037983,752,29.99841014898574,2.803293109347526,2.7729143098519033,2.762976801314916,0.9891631740561394,0.9856182331065644,0.6693386773547094,0.6950732356857523,0,0.04783400003798377,21
11,1,10,A,24.43368489993736,734,29.99895010558279,4.895825846394475,4.826463784594105,4.808900435243562,0.9858324082643888,0.9822449952514285,0.4774590163934426,0.5170532060027285,1,0.0336848999373629,20
11,1,11,B,25.00275779981166,751,30.00106496558658,3.460293829884297,3.432788853458137,3.4205704919795,0.9920512598702985,0.9885202413847829,0.612,0.6373333333333333,0,0.0027577998116612434,21
11,1,12,A,22.354397899936885,671,29.996700519405728,4.121415148940697,4.0767561224996625,4.078312920768678,0.9891641524022367,0.9895418863146807,0.40492170022371365,0.46417910447761196,0,0.0043978999368832206,18
11,1,13,B,25.000362399965525,751,30.000345031042386,3.51253568681977,3.432380092868801,3.4806574588261263,0.9771801339266842,0.9909244401093883,0.566,0.608,0,0.00036239996552467346,21
11,1,14,A,21.246352900052443,636,30.001109916800946,3.95727345747383,3.8101234724574473,3.836860353527372,0.9628153104409626,0.9695716999998971,0.4740566037735849,0.5023622047244094,0,0.04635290005244386,17
11,1,15,B,24.996261399937794,751,30.001334989242675,2.8825675198878002,2.8621797347575515,2.835961072293827,0.9929272133299267,0.9838316198068494,0.6112224448897795,0.6506666666666666,0,0.04626139993779432,21
11,1,16,A,19.60061000008136,589,29.998275110492713,4.189593577307698,4.12858108552334,4.1353097749980465,0.9854371335408707,0.9870431818008144,0.39540816326530615,0.4387755102040816,0,0.000610000081358919,15
11,1,17,B,25.00380440009758,757,30.001695028345285,2.5203009874573485,2.5096476281519657,2.4809643348417545,0.9957729813389746,0.9843920814175138,0.656,0.6878306878306878,0,0.003804400097578764,21
11,1,18,A,19.247970400145277,578,30.00372046172354,3.6604995613428377,3.5874347771944954,3.5875077633490022,0.9800396686507077,0.9800596075014802,0.4036458333333333,0.42634315424610053,0,0.04797040014527809,15
11,1,19,B,25.0224666998256,752,30.0006599916052,2.3768058277127926,2.3588055426903196,2.3440189489057355,0.9924266909763535,0.9862054870344171,0.666,0.7017310252996005,0,0.02246669982559979,21
12,1,0,A,25.00721780001186,752,30.001020014506913,2.649402514694523,2.625678911956901,2.6353716858254197,0.9910456781836499,0.9947041535624417,0.628,0.6564580559254327,1,0.007217800011858344,21
12,1,1,B,24.997978299856186,753,30.00025502855688,2.7018395656106984,2.6910140203610844,2.6860581568772557,0.9959932686650227,0.9941590133869124,0.5070140280561122,0.5412234042553191,1,0.047978299856186624,21
12,1,2,A,25.017173600150272,754,30.00084000197595,3.960562947849893,3.926614070586725,3.93289387798848,0.9914282697408968,0.9930138542864383,0.48,0.5139442231075697,1,0.01717360015027225,21
12,1,3,B,25.00879369978793,759,30.002370177349903,2.751829760803279,2.7179907504481813,2.72415489020136,0.9877030872922823,0.9899431022237944,0.452,0.503957783641161,1,0.008793699787929654,21
12,1,4,A,24.99275129986927,752,29.998589922830465,3.703808743338594,3.669244316814501,3.6663036760599645,0.9906678695042616,0.9898739190175294,0.48897795591182364,0.507323568575233,1,0.04275129986926984,21
12,1,5,B,25.017089900095016,754,30.002010226830617,1.9242993214380668,1.9197630666728653,1.9158245427179859,0.9976426459674623,0.9955959145099383,0.602,0.6414342629482072,1,0.017089900095015764,21
12,1,6,A,21.997666399925947,662,29.999309877908516,4.35626608671245,4.2984138407300545,4.300654138638957,0.9867197630193303,0.9872340332370602,0.2938496583143508,0.329803328290469,1,0.0476663999259479,18
12,1,7,B,24.995303800096735,759,30.00007502520593,2.8919012405170355,2.8778057315218915,2.8674407197506424,0.9951258677863343,0.9915417164238916,0.4789579158316633,0.5316622691292876,2,0.04530380009673607,21
12,1,8,A,25.00455030007288,761,29.99958007951388,3.616745599531523,3.6014847906523935,3.5914010275510853,0.9957805135973329,0.9929924371833837,0.43,0.4697368421052632,1,0.004550300072878599,21
12,1,9,B,25.000810500001535,754,29.999579974743025,3.313295295034427,3.29557122496204,3.2843649401579764,0.9946506216638915,0.9912684043224858,0.432,0.4674634794156706,1,0.0008105000015348196,21
12,1,10,A,25.0219194998499,757,29.997870107066984,3.3471900929958887,3.322239196230306,3.3207778862889206,0.9925457186259623,0.9921091405109508,0.444,0.4775132275132275,1,0.021919499849900603,21
12,1,11,B,25.01314299996011,757,29.99966997317817,3.0681815456169383,3.0607921824909186,3.0512605799034613,0.9975916147671979,0.9944850180923455,0.538,0.5661375661375662,1,0.013142999960109591,21
12,1,12,A,24.950408299919218,753,30.000479983394627,4.276597673645374,4.259230645420372,4.255866649087013,0.9959390549333115,0.9951524491803106,0.28857715430861725,0.3204787234042553,2,0.0004082999192185355,21
12,1,13,B,25.015308999922127,749,30.000884952516184,2.4692241283068617,2.462996209616552,2.4573287792922747,0.9974777831550755,0.9951825559785277,0.556,0.5802139037433155,1,0.015308999922126532,21
12,1,14,A,25.001399600179866,752,30.000299977344188,3.6259579952753693,3.6104152205804927,3.605830894029991,0.9957134708358097,0.9944491631531297,0.34,0.3754993342210386,1,0.0013996001798659563,21
12,1,15,B,24.99584920005873,751,29.9989950504599,3.5257028463245232,3.5068200527754128,3.5009522936434925,0.9946442470133876,0.9929799663330015,0.3927855711422846,0.42533333333333334,1,0.04584920005872917,21
12,1,16,A,25.014644700102508,750,29.99868022961912,3.8050601891668556,3.7777546653813108,3.7806104367197295,0.9928238917578006,0.9935744111179278,0.362,0.3871829105473965,1,0.014644700102508068,21
12,1,17,B,25.015604299958795,751,30.000389980099392,3.185201741778368,3.1735173184505943,3.167283934813594,0.9963316536046944,0.9943746712398914,0.49,0.528,1,0.015604299958795309,21
12,1,18,A,25.007115199929103,753,30.00119992441596,3.3789933918668305,3.3659590731424585,3.3568252394003437,0.9961425438842983,0.9934394211838813,0.436,0.4640957446808511,1,0.007115199929103255,21
12,1,19,B,25.01433390006423,751,29.99971492021234,3.284998889816717,3.2616925461123794,3.2630190186189214,0.9929052202189212,0.993309017161031,0.504,0.5266666666666666,2,0.014333900064229965,21
13,1,0,A,25.015576200094074,761,30.000840211535266,3.8629483431121963,3.8543595224913245,3.85290989433796,0.9977766152021716,0.9974013505015838,0.55,0.5855263157894737,1,0.01557620009407401,21
13,1,1,B,25.004802300129086,755,29.99881495746296,3.064431738204876,3.055310463583514,3.049120441508952,0.9970235021039481,0.9950035445381161,0.658,0.6843501326259946,1,0.004802300129085779,21
13,1,2,A,15.161507700104266,459,30.002370072559554,4.758388059620879,4.717935361804366,4.732596709551738,0.991498655151775,0.9945798136373107,0.33993399339933994,0.36026200873362446,1,0.01150770010426605,11
13,1,3,B,25.009636300150305,755,29.99998523388785,5.982468629145911,5.938977720703015,5.924835130322933,0.9927302738820871,0.9903662681084202,0.558,0.5954907161803713,1,0.009636300150305033,21
13,1,4,A,25.019043299835175,754,29.999400398571087,4.649180797128089,4.626947301942774,4.625764854870606,0.9952177606861301,0.9949634261864051,0.52,0.549800796812749,1,0.019043299835175276,21
13,1,5,B,24.9974666996859,756,29.999670287492627,4.393397792881026,4.370967353775667,4.3638849014606205,0.9948945121378026,0.9932824449749968,0.4969939879759519,0.5390728476821192,1,0.047466699685902114,21
13,1,6,A,14.693098899908364,446,30.002009807679297,5.706454802800989,5.623577640772557,5.63067633572109,0.985476593630821,0.9867205700038659,0.24232081911262798,0.28314606741573034,3,0.043098899908363464,10
13,1,7,B,24.999858600087464,753,29.99980481468473,4.2667813630385085,4.244836317450167,4.246301550373145,0.994856768200395,0.9952001729353249,0.4709418837675351,0.5053191489361702,1,0.049858600087464566,21
13,1,8,A,13.673813700210303,418,30.000389875322877,4.568183525455374,4.536232155313929,4.538717141421929,0.9930056728317938,0.9935496496869602,0.326007326007326,0.3669064748201439,1,0.023813700210302713,9
13,1,9,B,25.01138749998063,751,29.999850076441177,4.822688598555311,4.6932420193196585,4.761171132360953,0.9731588352450478,0.9872441554255056,0.51,0.5346666666666666,3,0.01138749998062849,21
13,1,10,A,17.737336799968034,533,29.999309877908516,5.1628611032752065,5.092917986380157,5.111898215501734,0.9864526440870781,0.990128944638634,0.3870056497175141,0.41541353383458646,1,0.03733679996803474,13
13,1,11,B,25.000571600161493,750,30.000389875322877,7.355450631214639,7.3212348667536205,7.301892095623419,0.995348243611912,0.9927185242242085,0.532,0.5527369826435247,1,0.0005716001614928246,21
13,1,12,A,24.995233499910682,751,30.00011997345385,8.70288632877984,8.543347243518816,8.537638168348835,0.9816682558827134,0.981012257981063,0.4188376753507014,0.468,1,0.04523349991068315,21
13,1,13,B,25.00328220007941,754,30.00074989174152,2.112369228824071,2.094486816959451,2.1042249181711306,0.9915344289148849,0.9961444663452732,0.68,0.7078353253652059,1,0.0032822000794112682,21
13,1,14,A,17.345808200072497,530,30.00561116886236,7.063869911845878,6.98344237075256,6.980497380557111,0.9886142380738858,0.988197329179441,0.2630057803468208,0.30434782608695654,1,0.04580820007249642,13
13,1,15,B,25.001186300069094,751,29.999445030487735,3.6166447529273635,3.5980629691360244,3.598315469433761,0.9948621484661166,0.9949319646396659,0.552,0.5746666666666667,1,0.0011863000690937042,21
13,1,16,A,25.011042499914765,752,29.999579765201315,6.876542573388614,6.840209131061272,6.826960403918296,0.994716321183272,0.992789665890793,0.372,0.4021304926764314,2,0.011042499914765358,21
13,1,17,B,25.014629599638283,751,29.999085254920338,5.875701299452052,5.832896965789292,5.796400852053761,0.9927150255805631,0.9865036625660862,0.478,0.5093333333333333,1,0.014629599638283253,21
13,1,18,A,24.99422790016979,752,29.99921977686557,6.172045248456415,6.13236360987073,6.115670450763963,0.9935707472987808,0.99086610751816,0.4288577154308617,0.4647137150466045,1,0.0442279001697905,21
13,1,19,B,25.01486249966547,752,29.999759972153306,4.146979543662633,4.12783440803109,4.126803997292946,0.9953833542148042,0.9951348816271546,0.484,0.521970705725699,1,0.014862499665468931,21
14,0,0,A,17.03829300031066,514,30.00264022450165,4.231379948777377,4.198704052843237,4.202319556827174,0.9922777211383293,0.9931321714660486,0.2323529411764706,0.23976608187134502,0,0.03829300031065941,13
14,0,1,B,25.011721500195563,756,29.998499826112145,3.774674258024311,3.7657213727166514,3.7611461682939717,0.997628170089478,0.996416090818544,0.458,0.4741721854304636,0,0.01172150019556284,21
14,0,2,A,16.581342900171876,499,30.000885057296156,4.17419686749969,4.150386560909648,4.149404891137804,0.9942958352598485,0.9940606595355106,0.2809667673716012,0.2971887550200803,0,0.03134290017187524,12
14,0,3,B,24.83277830015868,748,30.00093011275169,4.5947969412134,4.561234164134683,4.5569842439427255,0.9926954819749111,0.9917705400794732,0.3689516129032258,0.3962516733601071,0,0.032778300158678775,20
14,0,4,A,14.663407600019127,444,30.003270248631274,3.8165407681299115,3.796684372998199,3.796503180951924,0.9947972794375672,0.9947498039729297,0.15699658703071673,0.17155756207674944,0,0.013407600019126775,10
14,0,5,B,20.25310539966449,610,30.001470369637694,3.2796266660707927,3.250890339998257,3.2662362728011054,0.9912379276672477,0.9959170983062746,0.4469135802469136,0.4630541871921182,0,0.003105399664491415,16
14,0,6,A,17.545510000083596,525,30.00119981963379,3.9321598495884946,3.8964761425226704,3.9018103732973177,0.9909251636681152,0.9922817287566901,0.43714285714285717,0.4484732824427481,0,0.045510000083595514,13
14,0,7,B,23.177922500297427,700,30.000029867544704,3.9253557592713264,3.9030904485501754,3.897691449777451,0.9943278234925427,0.9929524070707387,0.43628509719222464,0.4678111587982833,0,0.0279225002974286,19
14,0,8,A,17.570866800379008,532,30.00093011275169,4.743160162102255,4.72126564293321,4.718674501198945,0.9953839806330004,0.9948376904708067,0.19658119658119658,0.23540489642184556,0,0.020866800379007344,13
14,0,9,B,23.100548199843615,696,30.00120002919813,4.832257227070098,4.7795281469896675,4.813925139571618,0.9890881057024357,0.9962063096732962,0.4090909090909091,0.4316546762589928,0,0.0005481998436138724,19
14,0,10,A,12.34549089986831,378,30.00246040210896,3.8556375278704733,3.816236633984456,3.818904489736279,0.9897809652486241,0.990472901597033,0.1991869918699187,0.21750663129973474,0,0.04549089986830879,8
14,0,11,B,22.188730100169778,671,30.003135271174802,5.081757883090569,5.019546254676944,5.027627299595623,0.9877578527263896,0.9893480593250882,0.27765237020316025,0.31044776119402984,0,0.03873010016977929,18
14,0,12,A,19.069351499900222,574,29.999039995471684,4.767312032001412,4.7359595262625875,4.728257983235829,0.993423441652578,0.9918079520485704,0.27034120734908135,0.28097731239092494,0,0.019351499900221114,15
14,0,13,B,25.01615949999541,755,30.000345240594786,5.067124611263754,5.022276213792935,5.0305082468599265,0.9911491425785889,0.9927737391098627,0.472,0.4907161803713528,0,0.016159499995410442,21
14,0,14,A,14.064177299849689,423,30.00183020241652,4.886892577030029,4.865928154988637,4.8500175683708004,0.9957100710296087,0.9924543034089695,0.12811387900355872,0.14928909952606634,0,0.014177299849688296,10
14,0,15,B,21.733974700327963,654,29.998770117890686,5.000718907954557,4.970856846116023,4.961986924975064,0.9940284462317942,0.9922547170332084,0.1912442396313364,0.21745788667687596,0,0.03397470032796335,17
14,0,16,A,17.069524500053376,514,29.999309877908516,4.761695497151421,4.7238988951865934,4.7247660548330215,0.9920623647632575,0.9922444762920074,0.31671554252199413,0.3333333333333333,0,0.01952450005337525,13
14,0,17,B,22.55597350001335,678,30.000029867544704,4.837519621993033,4.796728316626662,4.805896032832874,0.9915677230163739,0.9934628504623758,0.31042128603104213,0.3308714918759232,0,0.00597350001335073,18
14,0,18,A,15.601884000003338,466,29.997600145777575,3.6498378002650096,3.623434202965851,3.634715253576238,0.9927658162515491,0.9958566524003687,0.10576923076923077,0.13548387096774195,0,0.0018840000033382154,11
14,0,19,B,17.112776100169867,515,29.99899515522667,4.182222139051448,4.157687972886663,4.158078643674394,0.9941337008535014,0.994227113105348,0.13742690058479531,0.14785992217898833,0,0.012776100169865856,13
15,1,0,A,25.01634529978037,751,30.000389875322877,3.156175581847579,3.1426059067347634,3.137362320498936,0.9957005956224805,0.9940392221976351,0.526,0.556,10,0.016345299780368805,21
15,1,1,B,25.00486780004576,750,29.999399979492686,2.28849220963385,2.276321502415507,2.2694922538190703,0.9946817790477467,0.9916976095724531,0.504,0.527369826435247,0,0.004867800045758486,21
15,1,2,A,25.013819699641317,754,30.00282046822388,4.627774248547641,4.595638407762154,4.595040523070607,0.9930558754469123,0.9929266805771032,0.328,0.3758300132802125,1,0.01381969964131713,21
15,1,3,B,25.015313299838454,755,30.002145194164605,3.365723615006589,3.354862514814222,3.349035286415644,0.9967730267143918,0.9950416818194645,0.434,0.46684350132625996,1,0.015313299838453531,21
15,1,4,A,22.497366199735552,678,30.002010226830617,4.645474050196833,4.602704536717535,4.592681888137962,0.9907932940713585,0.9886357858232716,0.32293986636971045,0.3515509601181684,0,0.04736619973555278,18
15,1,5,B,24.99355380004272,759,29.999399979492686,2.8116797301835956,2.793932255926285,2.7870224766928278,0.9936879460107813,0.9912304188752117,0.6513026052104208,0.6767810026385225,0,0.04355380004271936,21
15,1,6,A,25.01341430004686,760,30.001649761021593,2.2894974026737396,2.270969960118837,2.2656259280151287,0.9919076376617567,0.9895734869012155,0.632,0.6824769433465085,0,0.013414300046861172,21
15,1,7,B,24.992327999789268,750,30.000029867544704,2.6890197529227917,2.676170582917936,2.670658229129949,0.9952216156125706,0.9931716664509865,0.5250501002004008,0.5660881174899867,0,0.04232799978926849,21
15,1,8,A,25.01190759986639,752,30.000210079904264,5.077803885739654,5.055766577794186,5.03433272944513,0.995660071077704,0.9914389847909236,0.348,0.38348868175765644,3,0.011907599866390228,21
15,1,9,B,25.007261000107974,751,29.999670287492627,4.514517973002842,4.48872390869702,4.477421199174682,0.9942864189576667,0.9917827830014185,0.444,0.4666666666666667,1,0.007261000107973814,21
15,1,10,A,21.310533799696714,641,30.00074989174152,4.111996809305985,4.084640823437107,4.07912235139073,0.9933472745389861,0.9920052326303229,0.38967136150234744,0.409375,0,0.010533799696712975,17
15,1,11,B,25.023708700202405,753,30.000210079904264,3.3871156555754047,3.3665237271188255,3.3619776316340144,0.993920512155325,0.992578339065567,0.538,0.5731382978723404,0,0.023708700202405453,21
15,1,12,A,25.018074499908835,752,30.00228016271293,4.048921223859272,3.9797480665324345,4.017900096818053,0.9829156574054301,0.9923384216866412,0.54,0.5605858854860186,0,0.018074499908834696,21
15,1,13,B,25.018582500051707,753,30.00115497293187,2.237046860586104,2.2269381771442065,2.2186310616265112,0.9954812375100408,0.9917678081384634,0.65,0.6781914893617021,0,0.01858250005170703,21
15,1,14,A,24.993945800233632,750,30.000570092007663,3.406111275783033,3.378320396225985,3.374542909969877,0.9918408773798327,0.9907318454221967,0.5170340681362725,0.5327102803738317,1,0.04394580023363304,21
15,1,15,B,24.99451299989596,754,30.001470369637694,1.9786523753652898,1.9491014289181707,1.9553295353224658,0.9850651146128366,0.9882127652470949,0.657314629258517,0.6799468791500664,0,0.0445129998959608,21
15,1,16,A,25.005628400016576,748,29.997150535354386,5.064443905787273,5.006921598713986,5.033493679376364,0.988641930260585,0.993888721647101,0.416,0.4457831325301205,1,0.005628400016576052,21
15,1,17,B,25.003881100099534,751,30.000119763904593,1.8416931575464544,1.8323624390699003,1.8275582884738337,0.9949336194043394,0.9923250683672782,0.646,0.6706666666666666,1,0.0038811000995337963,21
15,1,18,A,25.008611199911684,751,29.99912967636385,4.153072665083736,4.111115643849028,4.12259825456186,0.9898973544124439,0.9926622014639702,0.412,0.44133333333333336,2,0.008611199911683798,21
15,1,19,B,25.00185350002721,750,30.000570092007663,2.7533071894370593,2.743201680508564,2.738632627410648,0.9963296834558583,0.9946702053142817,0.52,0.5514018691588785,1,0.0018535000272095203,21
16,1,0,A,18.68169500026852,561,30.00286531990521,4.5824937135986925,4.562315356993013,4.5549536319472175,0.995596642817905,0.9939901539701519,0.42359249329758714,0.4357142857142857,1,0.031695000268520346,14
16,1,1,B,25.018298299983144,749,29.99998481479311,6.145467420685613,6.129106055020256,6.115814883796901,0.9973376531766673,0.9951748931596478,0.428,0.45187165775401067,2,0.018298299983143806,21
16,1,2,A,19.182452300097793,576,29.997690237091817,5.078898298354204,5.055642832151102,5.045002099479399,0.9954211593071991,0.9933260725291961,0.3733681462140992,0.38956521739130434,1,0.03245230009779476,15
16,1,3,B,24.366487899795175,732,30.000660201162,4.575919681978424,4.552036819777634,4.5557511485507725,0.9947807514421968,0.9955924634107801,0.5482546201232033,0.5663474692202463,2,0.016487899795173178,20
16,1,4,A,15.511416400317103,465,30.001515007713802,4.281165772205933,4.258218509264411,4.257778795466893,0.9946399499195993,0.994537241026528,0.36129032258064514,0.39439655172413796,1,0.01141640031710267,11
16,1,5,B,16.061493899673223,483,29.999759972153306,5.085414107928692,5.057849141154241,5.063619379724934,0.9945796023314062,0.9957142667752903,0.37383177570093457,0.4045643153526971,1,0.011493899673222785,12
16,1,6,A,17.22875969996676,524,30.00435095043889,3.890394530034391,3.8563246547198435,3.8534720254838586,0.9912425654900747,0.9905093161463482,0.43023255813953487,0.45124282982791586,1,0.0287596999667592,13
16,1,7,B,16.578422400169075,498,29.999850076441177,4.561066195964515,4.545236027594453,4.540033682395959,0.9965292833539517,0.9953886848677694,0.36253776435045315,0.38028169014084506,1,0.028422400169073825,12
16,1,8,A,17.647208699956536,531,30.004440663087678,5.829238595088446,5.770494079560349,5.7648024247952945,0.9899224376271725,0.9889460399944096,0.3210227272727273,0.3471698113207547,1,0.04720869995653487,13
16,1,9,B,19.899586400017142,595,29.99953513288376,4.5440420711826475,4.443792844331008,4.467817774289094,0.9779383145487585,0.9832254420844931,0.4357682619647355,0.4511784511784512,2,0.049586400017140875,15
16,1,10,A,19.422014100011438,585,30.00025492378131,4.347432228062952,4.324288699147994,4.322699512806664,0.9946765061073143,0.994310960134896,0.43041237113402064,0.4417808219178082,1,0.022014100011439552,15
16,1,11,B,20.730034800246358,625,29.999759972153306,4.493368681131962,4.464185838549905,4.455941316702205,0.9935053531875543,0.991670533382467,0.4396135265700483,0.46474358974358976,1,0.03003480024635863,16
16,1,12,A,13.645181400235742,412,30.001290142136646,4.861968602518992,4.833355124036864,4.83208411944984,0.9941148368446264,0.9938534191574852,0.26838235294117646,0.29683698296836986,1,0.045181400235742686,9
16,1,13,B,18.463926000054926,555,30.002595163909476,4.602344681928168,4.577012600461709,4.582021076224233,0.9944958313170394,0.995584075703035,0.45257452574525747,0.4657039711191336,1,0.01392600005492639,14
16,1,14,A,22.132071200292557,665,30.00084000197595,6.408544889228239,6.3715642764028555,6.357737116972794,0.9942294836870782,0.9920718707391994,0.38461538461538464,0.4006024096385542,1,0.03207120029255606,18
16,1,15,B,18.263755899854004,547,30.00084000197595,3.9496027743027136,3.9292899167034174,3.927673432575806,0.9948569872060407,0.9944477095596583,0.39452054794520547,0.4157509157509158,2,0.013755899854004383,14
16,1,16,A,15.149398299865425,457,29.99872506892268,4.718949769701119,4.677245475840743,4.673091031099873,0.9911623780935016,0.9902820032339208,0.32781456953642385,0.35526315789473684,1,0.04939829986542499,11
16,1,17,B,19.047829099930823,573,30.0001650266114,5.587410682306496,5.515361036379934,5.522982327331845,0.9871050026527101,0.9884690138889066,0.4631578947368421,0.486013986013986,1,0.04782909993082285,15
16,1,18,A,16.937305700033903,510,29.998680020089978,5.8098074899473255,5.745300759053164,5.761849812365747,0.9888969245528741,0.9917453929988972,0.38461538461538464,0.4106090373280943,1,0.03730570003390454,12
16,1,19,B,23.9030085997656,720,29.999850076441177,3.5944058717482115,3.5701063023783117,3.5820964228122136,0.9932396144907027,0.9965753870388568,0.5711297071129707,0.5855354659248957,1,0.003008599765600195,19
17,1,0,A,20.10585690010339,601,29.999534923342676,4.806421217962082,4.755889911532071,4.7816648181377905,0.9894867086885413,0.9948493070620247,0.34328358208955223,0.36,0,0.005856900103388796,16
17,1,1,B,25.00288509996608,751,29.999894919241974,2.633674917960634,2.621216244667027,2.615989803366389,0.9952694718666136,0.993285004738573,0.522,0.5586666666666666,0,0.0028850999660789967,21
17,1,2,A,24.9965997999534,751,30.00345029032768,4.752673625625214,4.7124553262731395,4.706804100149071,0.9915377527429556,0.9903486902132674,0.41082164328657317,0.44,0,0.0465997999534018,21
17,1,3,B,24.998803799971938,752,30.00029976779242,6.494966202924774,6.464476908904867,6.458746300906628,0.9953057039763845,0.9944233886849426,0.3687374749498998,0.3941411451398136,0,0.048803799971938844,21
17,1,4,A,19.90154459979385,598,29.99894989604988,5.658191793322047,5.575686530640684,5.635048376700389,0.9854184400785535,0.9959097504172673,0.24874371859296482,0.2847571189279732,0,0.0015445997938527967,15
17,1,5,B,22.65472469991073,681,30.000209870353753,4.965970996814187,4.946006223711805,4.946320838407741,0.9959796839097147,0.9960430380243758,0.37527593818984545,0.40147058823529413,0,0.004724699910731545,18
17,1,6,A,16.763941699638963,505,29.999624816736343,5.1303466754437155,5.10716506037871,5.1065371678582565,0.9954814720073473,0.9953590840752687,0.25970149253731345,0.2857142857142857,0,0.013941699638962746,12
17,1,7,B,24.994271299801767,751,30.00079494679107,5.244445252344532,5.222451416777486,5.208016386097322,0.9958062608133408,0.9930538189466418,0.6352705410821643,0.6586666666666666,0,0.04427129980176758,21
17,1,8,A,21.112058999948204,635,29.999985024340475,5.770491180779403,5.692835435423284,5.718785903029994,0.986542610858712,0.9910397094234144,0.24881516587677724,0.2807570977917981,0,0.012058999948202143,17
17,1,9,B,25.003333100117743,751,30.001695028345285,3.9023400891471915,3.8758546582525804,3.8785237785720117,0.9932129362665572,0.9938969156887644,0.46,0.48933333333333334,1,0.0033331001177430153,21
17,1,10,A,25.020576499868184,750,29.999399979492686,4.37035819182212,4.354685774387984,4.345597839235373,0.9964139283907065,0.9943344798069231,0.52,0.5487316421895861,0,0.020576499868184328,21
17,1,11,B,25.012648799922317,753,29.997510264517267,4.642050020483017,4.625240341297031,4.6205577716850375,0.9963788242022784,0.9953700953882131,0.404,0.4348404255319149,0,0.012648799922317266,21
17,1,12,A,17.543204000219703,529,30.00196516813079,5.0161854983020255,4.976141099576574,4.975503057478053,0.9920169621440422,0.9918897654726399,0.2714285714285714,0.30492424242424243,0,0.04320400021970272,13
17,1,13,B,24.996152800042182,751,30.000885057296156,4.291448134374896,4.259590483739515,4.260954201539226,0.9925764800976626,0.9928942557661572,0.45691382765531063,0.48533333333333334,0,0.04615280004218292,21
17,1,14,A,25.00300019979477,751,30.00124487603475,4.626133576352856,4.561073539867897,4.602207441440669,0.9859364120358473,0.9948280492732658,0.452,0.4666666666666667,0,0.003000199794769287,21
17,1,15,B,25.00410069990903,753,29.998905056074214,5.946881470051307,5.920878504387608,5.917676413809078,0.9956274619235896,0.9950890132266287,0.364,0.3949468085106383,0,0.004100699909031391,21
17,1,16,A,16.461021199822426,495,30.001829992843373,8.801600197070801,8.749599346749129,8.739416612446922,0.9940918867981554,0.9929349682749082,0.2066869300911854,0.23481781376518218,0,0.011021199822426553,12
17,1,17,B,21.743824100121856,656,29.99841014898574,5.531739689635312,5.437405575457493,5.4589990189525395,0.9829467546431061,0.9868503084447258,0.3847926267281106,0.4030534351145038,0,0.043824100121856446,17
17,1,18,A,19.976238399744034,601,30.001784934684917,5.12792899149756,5.089270332893877,5.086382581293671,0.9924611556307075,0.9918980137453589,0.3483709273182957,0.36833333333333335,0,0.026238399744034524,16
17,1,19,B,24.99401400005445,750,29.998680020089978,3.916282716736903,3.8936408605920265,3.8918878380999438,0.9942185338029574,0.9937709097117265,0.49498997995991983,0.5233644859813084,0,0.044014000054449554,21
18,0,0,A,18.853028499986976,580,29.99949008161809,3.855818953165479,3.8413685024262976,3.8452964502083757,0.9962523005061432,0.9972710069936077,0.46153846153846156,0.5043177892918825,1,0.003028499986974964,14
18,0,1,B,25.011884899809957,767,29.999850076441177,2.87255191365826,2.8600330506888216,2.857476467487074,0.9956419019235426,0.9947518977465626,0.658,0.6814621409921671,1,0.01188489980995655,21
18,0,2,A,19.490607199724764,590,30.00246040210896,3.6180596738028874,3.5250107988355555,3.5640390159272215,0.9742821060578225,0.9850691633786998,0.5141388174807198,0.534804753820034,2,0.04060719972476434,15
18,0,3,B,25.004147099796683,758,29.999759972153306,4.734346176238122,4.721651201388773,4.713104150428797,0.9973185368418841,0.9955132081561885,0.52,0.5521796565389696,1,0.004147099796682596,21
18,0,4,A,20.00085599999875,613,30.001695028345285,4.0733778218513645,4.052703862253394,4.057952409829422,0.9949246152696501,0.9962131153316558,0.4575,0.5179738562091504,1,0.0008559999987483025,16
18,0,5,B,25.021273299586028,758,30.000029867544704,3.955832967953007,3.9465486646537977,3.936292326926619,0.9976530092715179,0.9950602967353044,0.634,0.6618229854689565,0,0.02127329958602786,21
18,0,6,A,22.588132800068706,686,30.00165018016285,6.588223161884545,6.56268596951346,6.55279640068156,0.996123811877104,0.9946227138437048,0.3991130820399113,0.43503649635036495,1,0.038132800068705563,18
18,0,7,B,23.414956800173968,711,30.004350531222165,5.530791709172488,5.502802980661404,5.4862310865771065,0.9949394716013864,0.9919431746956805,0.38675213675213677,0.43661971830985913,1,0.014956800173969498,19
18,0,8,A,19.00947599997744,582,29.999399979492686,4.918240359022673,4.8975470545700714,4.8916473849483015,0.9957925390094775,0.9945929901482782,0.3368421052631579,0.3838209982788296,1,0.009475999977439642,15
18,0,9,B,21.374641200061888,646,29.998680020089978,4.283078084034118,4.258314836613184,4.251833008507454,0.9942183525644226,0.9927049951194831,0.3559718969555035,0.39689922480620154,1,0.02464120006188608,17
18,0,10,A,15.06593960011378,458,30.004890911306124,4.069336188536046,4.0474063866908585,4.0491571333411,0.994610963353933,0.9950411924058293,0.32558139534883723,0.3544857768052516,0,0.015939600113778596,11
18,0,11,B,24.402590800076723,748,30.002190462983357,4.358911721458284,4.332698637795928,4.343218809063979,0.9939863238034133,0.9963998095402915,0.45081967213114754,0.48728246318607765,1,0.00259080007672452,20
18,0,12,A,14.669708900153637,441,29.99894989604988,3.9669706085015517,3.9335184938695362,3.9433900603887304,0.9915673399343256,0.994055779475077,0.35494880546075086,0.375,0,0.019708900153636577,10
18,0,13,B,25.01775569980964,767,30.00187505113717,5.121722603196797,5.093711723659313,5.082747394770957,0.9945309651248976,0.9923902148856104,0.448,0.489556135770235,0,0.017755699809640646,21
18,0,14,A,18.924705599900335,581,30.001649970592222,4.672111369793345,4.650954833034761,4.642871552845103,0.9954717396303161,0.9937416267220668,0.37566137566137564,0.4051724137931034,0,0.024705599900336495,14
18,0,15,B,25.010306400246918,763,30.001604912974496,4.596867301908436,4.575765248361762,4.560307439088125,0.9954094708068008,0.9920467874273567,0.562,0.6023622047244095,0,0.010306400246918201,21
18,0,16,A,18.386867499910295,558,30.00291059089712,5.0919279252077505,5.003945245218318,5.054476856837956,0.9827211458446081,0.9926450120818892,0.40054495912806537,0.4362657091561939,0,0.03686749991029359,14
18,0,17,B,24.993173599708825,752,30.00146995050146,4.2454839959946025,4.073060126791402,4.138555396462733,0.9593865223927652,0.9748135666904525,0.5350701402805611,0.5525965379494008,2,0.04317359970882606,21
18,0,18,A,16.404365699738264,500,29.999670287492627,3.8995991527420664,3.8787776033381007,3.8803071536417546,0.9946605923869574,0.9950528250867153,0.3597560975609756,0.3867735470941884,0,0.004365699738265505,12
18,0,19,B,25.009943400043994,751,30.000030077092703,3.7462228452589468,3.7363763466347373,3.734788469355295,0.9973716196203676,0.996947758749023,0.554,0.576,0,0.009943400043994188,21
19,1,0,A,25.003321699798107,790,30.004080558083782,3.457781007508677,3.448883112072549,3.447069771880161,0.9974267035949339,0.9969022805072802,0.61,0.6438529784537389,0,0.003321699798107147,21
19,1,1,B,24.99538189964369,760,30.00111033592712,3.9585592690005793,3.9098554199783457,3.9179277809200235,0.9876965719817226,0.989735788876842,0.4749498997995992,0.4980237154150198,0,0.045381899643690105,21
19,1,2,A,25.022513799834996,752,30.001379836482784,2.7525311412561635,2.7441239494564966,2.741427809566916,0.9969456506145721,0.9959661376676813,0.55,0.563249001331558,0,0.022513799834996462,21
19,1,3,B,25.0134733999148,767,30.001920319140716,2.626577132216908,2.6162915715021517,2.610776187198221,0.9960840439107628,0.9939842067362589,0.542,0.5809399477806788,0,0.01347339991480112,21
19,1,4,A,25.014757600147277,759,30.00264022450165,3.7827188947262282,3.7555646727647938,3.757964918680986,0.9928215067740581,0.9934560360592076,0.39,0.4287598944591029,0,0.014757600147277117,21
19,1,5,B,25.02053659968078,770,30.00318054298137,3.13512746136845,3.1262963710790794,3.119602168019399,0.997183179823408,0.995047954655638,0.61,0.6345903771131339,0,0.020536599680781364,21
19,1,6,A,25.023722799960524,781,30.00115497293187,3.9389397195707745,3.913625509274958,3.9075963908258413,0.993573344072761,0.992042699057007,0.486,0.5282051282051282,0,0.023722799960523844,21
19,1,7,B,25.011699199676514,755,30.00007492043162,2.507476459658151,2.488071580397615,2.49341651397337,0.9922611918505582,0.9943927905561681,0.666,0.6830238726790451,0,0.011699199676513672,21
19,1,8,A,25.019892999902368,768,30.00120002919813,4.592127902875536,4.576991735725295,4.570497645647649,0.9967038881602661,0.9952897093274901,0.464,0.4915254237288136,0,0.019892999902367592,21
19,1,9,B,25.021774400025606,758,30.00093011275169,5.261860656552065,5.243743036984406,5.218198869374047,0.9965568036194385,0.9917022152375604,0.436,0.47424042272126815,0,0.021774400025606155,21
19,1,10,A,15.456528299953789,467,30.00390050882322,4.42042613068196,4.3961722606009594,4.394894870255935,0.9945132280544955,0.9942242535739225,0.2750809061488673,0.30686695278969955,0,0.0065282999537892294,11
19,1,11,B,24.092405100353062,732,30.002190043827003,4.469712922770224,4.409346271991453,4.42568173378736,0.9864942890467879,0.9901489894891113,0.5197505197505198,0.5403556771545828,0,0.04240510035306144,20
19,1,12,A,19.031478700228035,582,30.001379836482784,4.334310373887586,4.307246596603543,4.298547153101341,0.9937559207925922,0.9917488094526631,0.4631578947368421,0.4974182444061962,0,0.03147870022803545,15
19,1,13,B,25.017086300067604,759,30.000209870353753,4.332548270737753,4.310773952807043,4.309312279877112,0.9949742468935027,0.994636876635033,0.518,0.5448548812664907,0,0.017086300067603588,21
19,1,14,A,17.74243289977312,544,30.003270248631274,3.475044267021234,3.431234937482741,3.445011502005002,0.9873931592888612,0.9913575877863634,0.3983050847457627,0.427255985267035,0,0.04243289977312159,13
19,1,15,B,25.002245800103992,773,30.002955442847902,2.096477806613978,2.0875228230448926,2.08834358162749,0.9957285578979972,0.9961200519457796,0.732,0.7512953367875648,0,0.0022458001039922237,21
19,1,16,A,23.414924799930304,714,30.001109916800946,4.764841079484845,4.733193370897652,4.732399073200793,0.9933580767838296,0.9931913770589891,0.4166666666666667,0.44460028050490885,0,0.01492479993030571,19
19,1,17,B,25.00560039980337,756,29.99894989604988,3.648734681518333,3.6366506113020978,3.632610490837599,0.9966881477358592,0.9955808815690528,0.516,0.5311258278145695,0,0.005600399803370237,21
19,1,18,A,18.67915410036221,581,30.00196516813079,3.8768381584806693,3.835671067249646,3.8337453611414007,0.9893812716579439,0.9888845508691143,0.4772117962466488,0.5086206896551724,0,0.029154100362212887,14
19,1,19,B,25.00888859992847,767,29.999894919241974,3.4969460038399878,3.488854555426327,3.4820309602372044,0.9976861385892789,0.9957348373162167,0.588,0.6109660574412533,0,0.008888599928468466,21
20,1,0,A,24.998705399688333,748,30.00029976779242,8.008329939518843,7.978339592193938,7.95873555894741,0.9962551059270285,0.9938071506861001,0.35671342685370744,0.4029451137884873,7,0.048705399688333983,21
20,1,1,B,25.018261699937284,750,29.999939762176826,4.66960904022465,4.624896633877741,4.621712124434712,0.9904248073100446,0.9897428424141406,0.514,0.5460614152202937,12,0.018261699937283993,21
20,1,2,A,24.383528999984264,733,29.999985024340475,4.847778397304738,4.81584210585882,4.806404173771025,0.9934121800073052,0.9914653228462925,0.4209445585215606,0.4576502732240437,14,0.03352899998426295,20
20,1,3,B,25.012763699982315,752,30.000210079904264,3.6465653833214673,3.6302013811005054,3.6224635505759184,0.9955124890134133,0.9933905387091686,0.522,0.5539280958721704,10,0.012763699982315302,21
20,1,4,A,25.012070800177753,752,30.003180123797346,6.631169312483259,6.6016677547625235,6.576927645602938,0.9955510775957419,0.9918201957566956,0.362,0.3954727030625832,10,0.012070800177752972,21
20,1,5,B,24.999981500208378,751,29.998635180921084,3.6956526559044196,3.5720002736566503,3.5916964074254487,0.9665411244614089,0.9718706658449399,0.531062124248497,0.556,9,0.04998150020837855,21
20,1,6,A,25.022147899959236,752,30.002100344636297,4.4743006718294005,4.423533676974187,4.4251175656058255,0.9886536469989943,0.9890076439133301,0.376,0.4181091877496671,15,0.022147899959236383,21
20,1,7,B,25.00585460010916,751,30.001515217282545,3.4070655567799806,3.3895813282678677,3.380112657061845,0.9948682441764821,0.9920891162001565,0.588,0.6146666666666667,7,0.0058546001091599464,21
20,1,8,A,21.59797939984128,649,29.99836510109886,4.951463330413802,4.891599034322525,4.8858020216422196,0.9879097769494591,0.9867390093816781,0.35962877030162416,0.39814814814814814,15,0.04797939984127808,17
20,1,9,B,24.997026899829507,749,30.000345031042386,5.225096188790102,5.192653199211758,5.175949866502441,0.9937909296965772,0.990594178458743,0.3867735470941884,0.42513368983957217,10,0.047026899829507585,21
20,1,10,A,24.996044899802655,751,30.001515007713802,5.908769929661671,5.883035546379578,5.864295437589577,0.9956447139441141,0.9924731386394258,0.3727454909819639,0.4066666666666667,13,0.04604489980265569,21
20,1,11,B,25.01690089982003,751,30.00255031303586,5.7198264900127995,5.677020546950448,5.6788341091404355,0.9925162165081243,0.9928332824528961,0.402,0.4093333333333333,7,0.016900899820029736,21
20,1,12,A,23.07806390011683,694,29.99822995824997,6.281192054583081,6.221800595303789,6.1969481159649025,0.9905445560710158,0.986587905944269,0.3362255965292842,0.39105339105339104,14,0.028063900116830354,19
20,1,13,B,25.001206199638546,753,30.00165018016285,2.7328956187014875,2.713496149903312,2.706158959524914,0.9929014966157423,0.9902167287350414,0.598,0.6276595744680851,6,0.0012061996385455132,21
20,1,14,A,23.87004130007699,720,30.002190462983357,5.691695164152754,5.620848407063981,5.629727739896842,0.987552608661304,0.9891126593275422,0.38155136268343814,0.41863699582753827,14,0.0200413000769899,19
20,1,15,B,25.01073839981109,752,30.002099925482458,3.7798189441929786,3.7658338577951325,3.75970251989799,0.9963000644728416,0.994677939712987,0.52,0.5472703062583223,10,0.010738399811089039,21
20,1,16,A,24.999723599758,751,30.00030018689596,4.053790469916302,3.9925209672324717,3.9944859277305245,0.9848858733231235,0.9853705950946691,0.4348697394789579,0.476,10,0.04972359975799989,21
20,1,17,B,25.014173800125718,750,30.000209660803243,4.882453256505421,4.782789914017702,4.8180003668879685,0.9795874456442717,0.9867990769739423,0.448,0.49132176234979974,12,0.014173800125718117,21
20,1,18,A,25.01465559983626,752,29.996880272760112,6.846361253880133,6.7937750832831725,6.794441377224043,0.992319106654333,0.9924164275400068,0.332,0.36750998668442075,16,0.01465559983626008,21
20,1,19,B,25.009604099672288,754,30.00282004904992,3.123677427004875,3.106116019702445,3.092177499858482,0.9943779702889269,0.9899157554252981,0.494,0.5431606905710491,12,0.009604099672287703,21
21,0,0,A,16.220862899906933,488,29.998499826112145,3.603780881899797,3.5848312050365725,3.582934595599331,0.9947417233499405,0.9942154401214658,0.3148148148148148,0.33675564681724846,2,0.020862899906934018,12
21,0,1,B,25.00922180013731,751,30.000479983394627,4.158305870688814,4.142494598727585,4.134198993927614,0.9961976649979791,0.994202716800819,0.382,0.4026666666666667,2,0.00922180013731122,21
21,0,2,A,18.39814280020073,553,30.001515217282545,4.585490788367288,4.5180071780379505,4.537326114683209,0.9852832306411926,0.9894962882040313,0.2779291553133515,0.3188405797101449,1,0.04814280020072914,14
21,0,3,B,24.99421470006928,751,30.000614936961,5.781228139550617,5.747008987137834,5.7337071313229195,0.9940809890931855,0.9917801188466174,0.35470941883767537,0.38666666666666666,1,0.04421470006927919,21
21,0,4,A,20.816997499670833,626,30.00156006506148,7.4017655767272865,7.372761751675702,7.35650773515511,0.9960814991030277,0.9938855343224491,0.2980769230769231,0.3264,1,0.01699749967083264,16
21,0,5,B,24.997837000060827,750,30.00093011275169,6.059885535202544,6.024839873524032,6.016990949626362,0.9942167782749479,0.9929215518466475,0.3286573146292585,0.36315086782376504,2,0.04783700006082725,21
21,0,6,A,17.815726700238883,536,30.00146995050146,5.025572173754035,4.967339475907039,4.982620622929294,0.9884127228037606,0.9914534008587013,0.2612359550561798,0.2953271028037383,2,0.015726700238882785,13
21,0,7,B,25.022513299714774,750,29.998680020089978,6.556295740540563,6.535017971027923,6.527307071951704,0.9967546049850879,0.9955784989365857,0.222,0.25500667556742324,0,0.022513299714773893,21
21,0,8,A,25.026081699877977,754,30.000479983394627,7.202646492812014,7.179031284667927,7.141087515827114,0.9967213151210941,0.9914532835887012,0.51,0.5351925630810093,1,0.02608169987797737,21
21,0,9,B,25.007054399698973,751,30.00052482807857,6.261958146993693,6.231252340800982,6.21971763610294,0.9950964529829295,0.9932544245906479,0.31,0.332,0,0.007054399698972702,21
21,0,10,A,18.805740599986166,565,30.00011997345385,4.350123323727271,4.326291089529645,4.323905388644722,0.9945214807893755,0.9939730593522381,0.3271276595744681,0.35106382978723405,1,0.005740599986165051,14
21,0,11,B,24.999546899925917,751,30.001109916800946,6.7740215860681054,6.7424484071556705,6.736685046114767,0.995339079081565,0.9944882756160495,0.3306613226452906,0.37466666666666665,1,0.0495468999259181,21
21,0,12,A,19.551158600021154,588,30.00120002919813,5.2731508776189004,5.208149575237557,5.2496676335409695,0.9876731571142346,0.9955466390734993,0.309462915601023,0.3441226575809199,0,0.0011586000211529779,15
21,0,13,B,24.994675800204277,751,30.002325222358916,5.29614315342328,5.278363443962222,5.271898994100626,0.9966428948489495,0.9954222990919376,0.3346693386773547,0.356,0,0.04467580020427775,21
21,0,14,A,16.97041939990595,510,29.999039995471684,4.891072554899425,4.856922546869109,4.860383293719783,0.9930178897068072,0.9937254537046479,0.2890855457227139,0.3163064833005894,0,0.02041939990595054,13
21,0,15,B,24.99404799984768,752,30.002370282140248,4.309283357519391,4.28093026631772,4.280101408296249,0.9934204625573769,0.9932281201299467,0.4288577154308617,0.4567243675099867,1,0.04404799984768104,21
21,0,16,A,18.659508099779487,564,30.00228016271293,5.218303264517514,5.185701206143056,5.194889613601433,0.9937523641839409,0.9955131678384265,0.34584450402144773,0.37122557726465366,0,0.009508099779488077,14
21,0,17,B,25.00082889990881,751,30.000390084875907,3.891041249474995,3.877047967526171,3.8764898316206264,0.9964037179120854,0.9962602766402613,0.482,0.49733333333333335,0,0.000828899908810854,21
21,0,18,A,14.998731799889356,447,29.994496097253357,4.427616615511952,4.346652094182161,4.363580076778019,0.9817137461617306,0.9855370181533822,0.1705685618729097,0.2062780269058296,0,0.04873179988935661,11
21,0,19,B,25.020816599950194,752,30.001019804945084,4.911249619738553,4.899223493935423,4.891930038239982,0.997551310412976,0.9960662595073718,0.348,0.374167776298269,0,0.02081659995019436,21
22,0,0,A,22.335101100150496,674,29.999669868406684,4.999857404352012,4.967459055434929,4.963681556010085,0.9935201454167709,0.9927646239849884,0.33408071748878926,0.3655274888558692,1,0.03510110015049506,18
22,0,1,B,25.005490300245583,753,29.998634971392573,3.97163966405812,3.9602553932310545,3.945766662106437,0.9971336093427384,0.9934855615966816,0.37,0.4002659574468085,0,0.005490300245583057,21
22,0,2,A,20.16208569984883,610,29.999310296984397,5.1208805456166075,5.089294971001126,5.083179694831802,0.9938320032396541,0.992637818740553,0.21836228287841192,0.26436781609195403,0,0.012085699848832121,16
22,0,3,B,25.01650649961084,752,30.000479983394627,3.761724904353548,3.7427473525780695,3.738432144666765,0.9949550931399807,0.9938079577111485,0.39,0.4274300932090546,7,0.016506499610841274,21
22,0,4,A,18.62976669985801,566,30.00075031085764,4.451354453977194,4.417324901955,4.414525165182314,0.9923552365074435,0.9917262736149952,0.23655913978494625,0.26017699115044246,0,0.029766699858008394,14
22,0,5,B,24.99420229997486,754,30.00093011275169,3.998204099525162,3.986666647867227,3.976127951787233,0.9971143414966471,0.9944784840422352,0.44488977955911824,0.49269588313413015,0,0.04420229997485947,21
22,0,6,A,18.132184899877757,547,30.000389875322877,4.357404221139774,4.305466300524808,4.303975960146417,0.9880805364893641,0.9877385116730387,0.3149171270718232,0.3498168498168498,0,0.03218489987775541,14
22,0,7,B,25.00376579957083,755,30.00124487603475,3.7107255857062156,3.6877829778698747,3.6920236250954446,0.9938172178711581,0.9949600259628976,0.372,0.4124668435013263,2,0.0037657995708286762,21
22,0,8,A,18.950152799952775,570,30.002010226830617,5.060080850284986,5.006749743865986,5.019891868798322,0.9894604240531065,0.9920576404457252,0.18997361477572558,0.2179261862917399,0,0.0001527999527759505,15
22,0,9,B,24.997005499899387,756,29.999850076441177,2.0501720020543814,2.0384016195879946,2.034828418738873,0.9942588317201716,0.9925159531492317,0.627254509018036,0.6635761589403973,0,0.04700549989938807,21
22,0,10,A,18.410284500103444,554,30.001829992843373,4.21770148089408,4.1882933997224825,4.191535791058966,0.9930274626346093,0.9937962205353691,0.32065217391304346,0.3399638336347197,0,0.010284500103445282,14
22,0,11,B,24.992028600070626,751,30.00246040210896,3.6861127318486187,3.6704758365480465,3.661606355040675,0.9957578901031792,0.9933517017544785,0.46893787575150303,0.49466666666666664,1,0.042028600070626254,21
22,0,12,A,24.864016099832952,747,30.001829992843373,5.369371756307995,5.318787246983488,5.323397737896559,0.9905790636930514,0.9914377285652786,0.3299798792756539,0.3605898123324397,0,0.014016099832950601,20
22,0,13,B,24.9952926998958,752,30.000570092007663,3.090808803461617,3.0745308080448233,3.0685467976049114,0.9947334188389257,0.9927973526438217,0.45691382765531063,0.474034620505992,0,0.04529269989579987,21
22,0,14,A,24.184700599871576,726,29.998320053347268,5.466672541973925,5.4281258373897785,5.423261198454554,0.9929487811299873,0.9920589091104228,0.36853002070393376,0.3972413793103448,0,0.03470059987157725,20
22,0,15,B,24.99883420020342,751,30.00079494679107,5.404021929058921,5.367814559792303,5.355356657034739,0.9932999218467415,0.990994619810387,0.26452905811623245,0.30133333333333334,3,0.04883420020341944,21
22,0,16,A,25.016584400087595,752,30.001739876661805,5.151693718906506,5.119955941905186,5.11858343059589,0.9938393509527084,0.9935729315217047,0.414,0.44873501997336884,0,0.016584400087594986,21
22,0,17,B,25.015592699870467,750,30.001829992843373,4.6265104297469835,4.5933210424999835,4.587536096220311,0.9928262590669626,0.9915758682232553,0.366,0.41255006675567424,2,0.015592699870467186,21
22,0,18,A,17.238679599948227,519,30.00250525271376,4.114814983090075,4.072345380322666,4.073404864885423,0.9896788548350439,0.9899363353213139,0.1569767441860465,0.20656370656370657,0,0.038679599948228116,13
22,0,19,B,25.012482000049204,749,29.999894919241974,3.660792134013698,3.6441419265341524,3.629988345812345,0.9954517473623146,0.991585485579707,0.282,0.32085561497326204,0,0.012482000049203634,21
23,0,0,A,24.995955899823457,750,30.000029867544704,3.542928391717319,3.5239377795496054,3.521887495525484,0.994639854361124,0.9940611567987024,0.5571142284569138,0.5767690253671562,4,0.04595589982345771,21
23,0,1,B,25.01977280015126,749,30.00011997345385,3.5530987691457177,3.538823837303137,3.535642703167378,0.9959823993730371,0.9950870867621457,0.556,0.5721925133689839,2,0.019772800151258707,21
23,0,2,A,18.866574099753052,567,30.00097495878135,5.021586794320923,4.994621682441284,4.996873988996031,0.9946301611454502,0.9950786860135843,0.259946949602122,0.2879858657243816,1,0.016574099753050575,14
23,0,3,B,24.999583599623293,750,30.002100344636297,7.175574831270751,7.154110217441339,7.139198378532739,0.9970086558451219,0.9949305172626052,0.4248496993987976,0.45927903871829107,1,0.049583599623293395,21
23,0,4,A,18.394980700220913,553,29.999670077949656,4.693503954059075,4.654715477773972,4.651626575538963,0.9917357103211647,0.9910775874634355,0.3651226158038147,0.3858695652173913,1,0.044980700220911274,14
23,0,5,B,25.0108725996688,751,30.0005252471884,4.449357412939413,4.436446916907047,4.430355423959132,0.9970983459330958,0.995729273417096,0.524,0.556,1,0.01087259966880083,21
23,0,6,A,16.6769820000045,501,30.003225395739268,6.1541862831657665,6.1126935984504485,6.102368898350822,0.9932578113813653,0.9915801403417563,0.2222222222222222,0.25,2,0.026982000004501572,12
23,0,7,B,22.472313200123608,674,29.99894989604988,7.264992413778751,7.22158026163756,7.217903826816414,0.9940244738509492,0.9935184258591889,0.34966592427616927,0.3833580980683507,1,0.022313200123608823,18
23,0,8,A,16.658482499886304,501,30.001695237916547,3.756096055302013,3.726930077565486,3.738891365188042,0.9922350287886389,0.9954195287179397,0.4084084084084084,0.426,1,0.008482499886305561,12
23,0,9,B,24.993957499973476,751,29.998769908360288,2.566118521236369,2.5565051421193346,2.5480372604375123,0.9962537275509774,0.9929538481370903,0.6232464929859719,0.652,1,0.043957499973476644,21
23,0,10,A,21.581851500086486,649,30.00264022450165,9.592668911791254,9.56335061679541,9.549508861044945,0.9969436769614964,0.9955007254870167,0.2296983758700696,0.2654320987654321,1,0.03185150008648563,17
23,0,11,B,25.017839400097728,752,30.00093011275169,6.196385918718582,6.179015040474508,6.167185300151289,0.9971966113034375,0.9952874758043908,0.432,0.4580559254327563,1,0.017839400097727776,21
23,0,12,A,21.22800809983164,638,30.00056967289658,5.063904438407364,5.036468175960152,5.027377893118873,0.9945819944311903,0.9927868810059972,0.4481132075471698,0.46467817896389324,1,0.02800809983164143,17
23,0,13,B,21.501273199915886,646,29.99912967636385,3.6045235388911117,3.5969622138092685,3.596539516479548,0.997902267803148,0.9977849992307111,0.4558139534883721,0.4868217054263566,1,0.0012731999158859253,17
23,0,14,A,21.404716900084168,643,29.997105281743337,5.640603385721668,5.612886561471699,5.622416845715483,0.9950861951542045,0.9967757811066416,0.34579439252336447,0.37227414330218067,2,0.00471690008416914,17
23,0,15,B,25.022706400137395,752,30.001829992843373,5.480321943891703,5.439225246936527,5.437648918696562,0.9925010433007532,0.9922134090602645,0.514,0.5406125166444741,1,0.022706400137394667,21
23,0,16,A,24.311834800057113,728,30.0000302866407,3.7802922698206887,3.7653267533612444,3.7645693657330064,0.9960411747581215,0.9958408231519019,0.4897119341563786,0.5226960110041265,1,0.01183480005711246,20
23,0,17,B,20.35140059981495,609,30.001920319140716,5.30781259479409,5.284187302778815,5.286250454515557,0.9955489588991053,0.9959376598375607,0.33415233415233414,0.3618421052631579,1,0.0014005998149499987,16
23,0,18,A,25.024338900111616,751,29.999309877908516,8.129245732651134,8.105135994515368,8.094162185504166,0.9970341973992829,0.9956842801533167,0.32,0.336,1,0.024338900111615658,21
23,0,19,B,25.02040409995243,751,29.99953513288376,4.668648690573205,4.608860507682718,4.618066744212285,0.9871936856137389,0.9891656130684982,0.52,0.5373333333333333,1,0.020404099952429533,21
24,1,0,A,25.015693800058216,749,30.000389875322877,3.6839604157032197,3.66354336887954,3.66895385640184,0.994457853907265,0.9959265145093815,0.578,0.5922459893048129,2,0.015693800058215857,21
24,1,1,B,25.01578629994765,752,29.998499826112145,2.598178254747303,2.591679441094449,2.58896656301089,0.9974987037009567,0.9964545574501742,0.608,0.625832223701731,0,0.01578629994764924,21
24,1,2,A,22.304861499927938,669,29.998860006700937,4.328124023697416,4.303604133210667,4.310742955132392,0.9943347532666584,0.9959841565375994,0.4147982062780269,0.44011976047904194,1,0.004861499927937274,18
24,1,3,B,25.023002699948847,752,30.00093011275169,3.758218194341679,3.7508597043019734,3.7433291924541927,0.9980420269236139,0.9960382816756348,0.556,0.5912117177097204,0,0.023002699948847294,21
24,1,4,A,25.01748349983245,752,29.9991300954347,2.4749488033714906,2.466644410272399,2.464269512091432,0.9966446202492031,0.9956850455793225,0.708,0.7323568575233023,0,0.017483499832451344,21
24,1,5,B,25.000602699816227,751,30.00138004604964,3.4827316351490643,3.4743087517005047,3.472215226245078,0.9975815295776589,0.9969804136506383,0.566,0.588,1,0.0006026998162269592,21
24,1,6,A,19.004311400000006,571,30.000164817061513,5.235295013985123,5.200156593645397,5.2170677930956035,0.9932881680505377,0.9965183966059546,0.39473684210526316,0.4192982456140351,0,0.0043114000000059605,15
24,1,7,B,24.992783199995756,751,29.99904020500585,2.886095280305819,2.879935247292929,2.8745173341873644,0.9978656168925104,0.9959883701007862,0.591182364729459,0.6133333333333333,1,0.04278319999575686,21
24,1,8,A,18.990506900008768,571,30.001245085599724,4.1860606402251825,4.118788587826827,4.1398066678089,0.983929508389841,0.9889504772167385,0.46965699208443273,0.49122807017543857,1,0.040506900008768554,15
24,1,9,B,24.99407480005175,748,30.000660201162,3.3053505208676155,3.298855742802051,3.2926106112653306,0.9980350713110271,0.9961456706265026,0.593186372745491,0.6211512717536813,0,0.04407480005174946,21
24,1,10,A,19.133200999815017,575,29.99827500573097,3.8576924380994995,3.8062362996537464,3.807092023553136,0.9866614201957731,0.9868832429338789,0.36649214659685864,0.39198606271777003,0,0.033200999815015564,15
24,1,11,B,24.993296400178224,751,30.002100135059376,1.5182578516408196,1.5082541396775213,1.507862382544237,0.9934110586337578,0.993153027935704,0.7454909819639278,0.76,0,0.04329640017822456,21
24,1,12,A,24.997774999588728,751,29.999670077949656,4.051759568865535,4.031306010636226,4.027384290782882,0.9949519318997905,0.9939840265276456,0.4589178356713427,0.4786666666666667,1,0.04777499958872866,21
24,1,13,B,25.013294499833137,753,30.000075129980246,2.9438783694110024,2.928616417211194,2.9283858216422933,0.9948156987875616,0.9947373682521371,0.518,0.5492021276595744,0,0.013294499833136797,21
24,1,14,A,18.240555500146,549,30.00093011275169,3.229031699223471,3.192392779476446,3.209557636285462,0.988653279633075,0.9939690703740405,0.3983516483516483,0.4306569343065693,0,0.04055550014600229,14
24,1,15,B,25.02329109981656,753,30.00097495878135,2.895111344005307,2.8854261846708447,2.8825564371127568,0.9966546504836449,0.9956634113853525,0.608,0.6329787234042553,0,0.023291099816560745,21
24,1,16,A,18.44108479982242,554,30.000660201162,4.199894707203628,4.182797877292758,4.1809532650497765,0.995929224158514,0.9954900197565993,0.3858695652173913,0.4213381555153707,0,0.0410847998224213,14
24,1,17,B,24.99257729994133,750,30.000660201162,4.3991327858658416,4.390821140572008,4.3840116575833274,0.9981106173197276,0.9965627024646545,0.45691382765531063,0.4939919893190921,2,0.04257729994133186,21
24,1,18,A,14.98008030001074,451,30.002145194164605,3.523066944203076,3.507815674377601,3.504589335728644,0.9956710246875751,0.9947552491147421,0.3779264214046823,0.4022222222222222,0,0.030080300010741468,11
24,1,19,B,24.996437600348145,747,30.00075010129958,4.10748872182848,4.089521642161345,4.085879499059135,0.9956257750455523,0.9947390670473404,0.48096192384769537,0.5080428954423593,0,0.04643760034814548,21
26,0,0,A,17.540228699799627,525,29.998320053347268,4.3860512541685805,4.362751753766757,4.36214556117422,0.9946878184837262,0.9945496092934071,0.4828571428571429,0.5248091603053435,0,0.040228699799627066,13
26,0,1,B,25.000008499715477,753,30.001740086233692,2.948739429265557,2.9400529735466385,2.9274022467454226,0.9970541799547605,0.992763964727311,0.73,0.7393617021276596,0,8.499715477228165e-06,21
26,0,2,A,21.181789699941874,639,30.001065070367808,4.436681686100593,4.408939445591683,4.402122333708135,0.993747074396655,0.9922105404810251,0.47754137115839246,0.5219435736677116,1,0.03178969994187497,17
26,0,3,B,25.01237929984927,753,30.001425102991938,3.842481590347315,3.827221632532972,3.8173265662652973,0.9960286191474079,0.9934534431745335,0.552,0.5877659574468085,1,0.012379299849271774,21
26,0,4,A,25.01155439997092,755,29.999579765201315,3.5687103018028594,3.5608308198984977,3.55412356614491,0.9977920645729128,0.9959126030346088,0.604,0.6432360742705571,1,0.011554399970918894,21
26,0,5,B,25.00200860016048,752,30.000389875322877,3.065109006837308,3.0461566997916805,3.052986420819581,0.9938167592071437,0.9960449739338192,0.586,0.6191744340878829,1,0.0020086001604795456,21
26,0,6,A,18.47876049997285,558,30.001649761021593,4.130000749980894,4.0681228209153915,4.065451049229203,0.9850174533101989,0.9843705353438521,0.4715447154471545,0.518850987432675,1,0.028760499972850795,14
26,0,7,B,25.010467499960214,751,30.00156006506148,3.5872431108130995,3.5810953898044864,3.570702021415874,0.998286226826924,0.995388913188692,0.634,0.6613333333333333,1,0.0104674999602139,21
26,0,8,A,19.925158699974418,599,30.001515217282545,4.918119997268725,4.885397958836676,4.8827927507072,0.9933466368347618,0.9928169205751091,0.41708542713567837,0.46488294314381273,1,0.025158699974419108,15
26,0,9,B,24.997103499714285,752,30.001020224068743,3.8589190256378827,3.8376448804031917,3.8299358775579027,0.9944870195271397,0.9924893090817865,0.5711422845691383,0.5978695073235686,1,0.047103499714285846,21
26,0,10,A,17.588819300290197,529,30.000299977344188,3.6474407870566736,3.566918707068684,3.5979029388785624,0.9779236772605793,0.9864184640491214,0.5042735042735043,0.5397727272727273,1,0.038819300290196423,13
26,0,11,B,23.265799900051206,700,29.99894989604988,3.0162405132667685,2.979913027841274,2.991056599848205,0.9879560382317955,0.9916505619138151,0.5978494623655914,0.6251788268955651,1,0.01579990005120635,19
26,0,12,A,18.658905999734998,561,29.997150325846615,4.772358864917532,4.746581329282919,4.749616354695269,0.9945985755966283,0.9952345347728464,0.5120643431635389,0.5464285714285714,1,0.00890599973499917,14
26,0,13,B,25.020132600329816,752,29.999849657350214,3.910782479034807,3.8806771736119647,3.8846158102871757,0.9923019739440296,0.9933090963540142,0.534,0.5778961384820239,1,0.02013260032981634,21
26,0,14,A,19.265189800411463,580,30.00084000197595,4.966246738616173,4.944461545216559,4.9303523476503015,0.9956133485615569,0.9927723303220587,0.5038961038961038,0.5440414507772021,1,0.015189800411462784,15
26,0,15,B,21.149623800069094,633,29.99854508393091,3.9118563442853986,3.8677852085687534,3.8738032252955694,0.9887339585511553,0.9902723628781975,0.518957345971564,0.5443037974683544,1,0.04962380006909228,17
26,0,16,A,20.29508090019226,610,30.00120002919813,4.5862007958978666,4.5388214065745505,4.549256258363412,0.9896691419691666,0.9919444134309384,0.48641975308641977,0.5221674876847291,1,0.04508090019226074,16
26,0,17,B,21.12107239989564,635,30.00011997345385,4.323184973511912,4.254290632695226,4.274315224141203,0.9840639849465612,0.9886958921096058,0.45734597156398105,0.4921135646687697,1,0.021072399895636806,17
26,0,18,A,16.43000249983743,494,30.002010226830617,4.023720326520911,4.006427553550419,4.002480638434844,0.9957022925135943,0.994721380622288,0.5304878048780488,0.5679513184584178,1,0.030002499837429752,12
26,0,19,B,23.768861200194806,715,29.99921977686557,4.875238444726482,4.802708221785071,4.8248414612210855,0.985122733223466,0.9896626628467966,0.5326315789473685,0.5658263305322129,1,0.01886120019480586,19
27,1,0,A,21.684000600129366,652,30.00011997345385,4.30137283523468,4.27353518205329,4.272863110009077,0.9935281933820387,0.9933719474415084,0.6535796766743649,0.6589861751152074,0,0.03400060012936734,17
27,1,1,B,25.00552809983492,752,30.00165018016285,2.519464689498291,2.511185048945435,2.508464542664966,0.996713730266843,0.9956339349072141,0.668,0.6870838881491345,0,0.005528099834918976,21
27,1,2,A,22.270798600278795,667,30.000570092007663,5.949355793442823,5.919834329680306,5.917498707860277,0.9950378722020534,0.9946452882146235,0.39101123595505616,0.42792792792792794,0,0.020798600278794765,18
27,1,3,B,24.99827709980309,751,29.997600145777575,3.576127996533092,3.5645188421781757,3.5568601793073125,0.9967537083778403,0.9946121007848547,0.5671342685370742,0.5866666666666667,0,0.048277099803090806,21
27,1,4,A,19.369065400213003,582,30.00272992692062,4.2815915958462565,4.245182890175915,4.255042122028136,0.9914964552654525,0.9937991578076065,0.4289405684754522,0.45438898450946646,0,0.019065400213001737,15
27,1,5,B,25.011854299809784,751,30.00196495855576,2.742605179082682,2.713604523804179,2.723374523224269,0.9894258730714557,0.9929881792665304,0.6,0.624,0,0.011854299809783697,21
27,1,6,A,24.999872699845582,751,29.999939971723567,4.594987532188114,4.5703181350766044,4.565001245661127,0.9946312374214948,0.9934741310358447,0.5130260521042084,0.5413333333333333,0,0.04987269984558296,21
27,1,7,B,25.01922299992293,751,30.002594954325644,2.9386883530524424,2.9259047606149884,2.92516467517318,0.9956498985596157,0.9953980564610687,0.522,0.5453333333333333,0,0.019222999922931194,21
27,1,8,A,16.050298700109124,483,30.00250546229634,3.977715113746515,3.949349961581718,3.9616264255919917,0.9928689834858282,0.9959552940081298,0.3395638629283489,0.36929460580912865,0,0.0002987001091234731,12
27,1,9,B,25.00439270026982,751,30.002730136506337,3.459146046364228,3.448161308906391,3.444303759652234,0.9968244366353416,0.995709262773801,0.492,0.5226666666666666,0,0.004392700269818306,21
27,1,10,A,16.659845900256187,501,30.001334989242675,3.623524617826517,3.6095674697387334,3.607315513426694,0.9961481845551375,0.9955267022831639,0.34234234234234234,0.378,0,0.009845900256188145,12
27,1,11,B,25.002130900043994,751,29.999894919241974,3.0333844718943404,3.024012925309406,3.0210724594835203,0.9969105312327646,0.995941163237006,0.48,0.5133333333333333,0,0.0021309000439941883,21
27,1,12,A,20.448858600109816,614,29.999309877908516,5.1078693464064635,5.045239092350281,5.04531821607532,0.987738477668728,0.9877539682225526,0.2769607843137255,0.3164763458401305,0,0.04885860010981702,16
27,1,13,B,25.020322000142187,749,30.0007048368273,4.128620944589278,4.114619775934486,4.112490884031169,0.996608754147522,0.9960931117739817,0.436,0.4625668449197861,0,0.02032200014218688,21
27,1,14,A,20.8481719000265,626,30.000479983394627,4.4635074818333,4.375129844114523,4.389851027857256,0.9801999575270169,0.9834980776271062,0.4879807692307692,0.5104,0,0.048171900026499515,16
27,1,15,B,25.02061300026253,749,30.00052482807857,2.697831203925867,2.6890627160306892,2.6836754612630735,0.9967498011430744,0.9947529175872107,0.524,0.5494652406417112,0,0.020613000262528658,21
27,1,16,A,24.995678700041026,751,30.001740086233692,4.575229089098741,4.564851183424447,4.558628394972476,0.9977317188992741,0.9963716146660679,0.531062124248497,0.552,0,0.04567870004102659,21
27,1,17,B,25.036070799920708,747,30.002550103452656,3.046731765542697,3.0408541309103962,3.036556624581656,0.99807083948158,0.996660309556582,0.48,0.5053619302949062,0,0.03607079992070794,21
27,1,18,A,25.023948600050062,747,30.000614936961,2.870705204212731,2.8625583503439556,2.856715517492345,0.9971620722821627,0.9951267421329587,0.584,0.6072386058981233,0,0.02394860005006194,21
27,1,19,B,25.001812299713492,750,30.00092969363055,2.492257225744031,2.4724817312570986,2.483054772006848,0.9920652273438474,0.996307582683631,0.558,0.5727636849132176,0,0.0018122997134923935,21
28,0,0,A,18.731290000025183,567,30.001829992843373,5.494459676062572,5.3625044980897165,5.360695524521047,0.9759839573402026,0.9756547214052205,0.24331550802139038,0.28975265017667845,0,0.03129000002518367,14
28,0,1,B,25.002124999649823,749,29.999445240027562,4.154858070790965,4.143303948956119,4.136303905034644,0.9972191295976938,0.995534344268759,0.368,0.3983957219251337,0,0.002124999649822712,21
28,0,2,A,22.07420999975875,663,29.9991300954347,6.136166663507751,6.010688306052265,6.029742194175908,0.9795510186837468,0.9826561964223107,0.2947845804988662,0.324773413897281,0,0.02420999975874949,18
28,0,3,B,24.997780200093985,752,30.002370282140248,5.112494335772002,5.0841299232783115,5.083765995201015,0.9944519425097011,0.9943807584548356,0.3687374749498998,0.39280958721704395,0,0.047780200093985314,21
28,0,4,A,23.21841839980334,698,30.00156006506148,5.989526706544796,5.960100372409063,5.95344279222518,0.9950870351569552,0.9939754982175492,0.26939655172413796,0.2998565279770445,0,0.018418399803341146,19
28,0,5,B,24.99934160010889,751,30.00268528522918,5.092108230830653,5.07070889636265,5.061196687169579,0.9957975491686452,0.9939295195114045,0.3306613226452906,0.368,0,0.049341600108892436,21
28,0,6,A,22.392471800092608,673,29.99949008161809,7.542238349535485,7.469366404287972,7.464452145326174,0.9903381540239973,0.9896865889667751,0.26174496644295303,0.29464285714285715,0,0.042471800092606316,18
28,0,7,B,25.00002670008689,754,30.002459982945062,6.305474877618165,6.27265654575894,6.262317405351451,0.994795264037017,0.9931555555918706,0.252,0.2642762284196547,0,2.6700086891651154e-05,21
28,0,8,A,16.218932900112122,488,29.999850076441177,5.326761796461215,5.249822572478127,5.269268493053995,0.985556098259509,0.989206706512498,0.17901234567901234,0.21560574948665298,0,0.018932900112123008,12
28,0,9,B,16.49882739968598,495,29.999534923342676,5.073369303291076,4.979436975144909,4.989918621571036,0.981485217706262,0.9835512306060774,0.24924012158054712,0.2793522267206478,0,0.0488273996859796,12
28,0,10,A,20.29743959987536,610,30.001019804945084,7.654711083993478,7.56419328136626,7.573527657529034,0.9881748897333961,0.9893943186655073,0.3333333333333333,0.36617405582922824,0,0.04743959987536073,16
28,0,11,B,23.93339590029791,721,30.000029867544704,7.443608961654709,7.301941325515294,7.293562264438809,0.9809678830699992,0.9798422112192008,0.32217573221757323,0.3527777777777778,0,0.033395900297911396,19
28,0,12,A,23.81823829980567,712,29.999309877908516,9.108717143193315,8.997777549065056,9.0219455445136,0.9878205028892393,0.9904737849122301,0.2773109243697479,0.31645569620253167,0,0.018238299805670266,19
28,0,13,B,23.498540199827403,707,29.99953513288376,7.1144030522725465,7.027690330006076,7.035086790498324,0.987811665767408,0.9888513117416244,0.2921108742004264,0.32152974504249293,0,0.04854019982740354,19
28,0,14,A,19.535675699822605,587,30.00156006506148,5.23390026453172,5.144340588447198,5.179501804459534,0.9828885397967103,0.9896065157296127,0.3,0.3361774744027304,0,0.035675699822604656,15
28,0,15,B,25.015145499724895,750,30.00264022450165,8.55852988884119,8.530589522216262,8.52353717941665,0.9967353778057892,0.9959113644657404,0.192,0.2096128170894526,0,0.015145499724894762,21
28,0,16,A,24.99582890002057,753,29.999759972153306,7.644268512561077,7.617886006757632,7.60457574753976,0.9965487206839878,0.9948075129809878,0.21643286573146292,0.24867021276595744,0,0.04582890002057027,21
28,0,17,B,20.219274299684912,608,30.001290142136646,5.282966834201887,5.241921077589868,5.248334945668268,0.9922305481180974,0.9934446136762751,0.34405940594059403,0.37397034596375617,0,0.019274299684912677,16
28,0,18,A,16.424587599933147,493,30.00286531990521,5.064832497596971,5.018372040688781,5.011392638492439,0.9908268522344552,0.9894488397928488,0.19207317073170732,0.22154471544715448,0,0.02458759993314885,12
28,0,19,B,25.02090570004657,752,29.9991300954347,4.1540263652380265,4.133734614502333,4.130961014186267,0.9951151608219196,0.9944474711945076,0.364,0.3848202396804261,0,0.02090570004656911,21
29,0,0,A,21.43612170033157,643,29.999445030487735,4.28064556518515,4.240258251994168,4.25016594279826,0.9905651349601434,0.9928796668813733,0.37850467289719625,0.411214953271028,3,0.03612170033157014,17
29,0,1,B,25.003467299975455,752,29.99949008161809,4.290549678051606,4.271655244723428,4.270860549657607,0.9955962674375191,0.99541104756467,0.482,0.511318242343542,1,0.0034672999754548073,21
29,0,2,A,23.762407399713993,717,30.00187505113717,4.938580660588339,4.91620667740206,4.917384389064361,0.9954695519372941,0.9957080236244532,0.3957894736842105,0.4399441340782123,1,0.012407399713993073,19
29,0,3,B,24.99293449986726,751,29.9991300954347,2.694888732827737,2.6770952577395515,2.6804045287737184,0.9933973247683904,0.9946253053502434,0.6653306613226453,0.692,1,0.04293449986726117,21
29,0,4,A,21.18917249981314,637,30.00097495878135,4.87137362568509,4.7975815414257195,4.818014103501522,0.9848518939565034,0.9890463088476275,0.4326241134751773,0.44654088050314467,1,0.03917249981314086,17
29,0,5,B,24.992931100074202,751,30.00011997345385,5.603989652809527,5.580797478609037,5.569962970102832,0.9958614887540232,0.9939281324886752,0.4248496993987976,0.45466666666666666,1,0.04293110007420253,21
29,0,6,A,21.891755799762905,660,30.001379836482784,5.083439856800047,5.04201504554463,5.047591288009594,0.991851027567484,0.9929479703113829,0.40045766590389015,0.4294385432473445,2,0.04175579976290322,17
29,0,7,B,24.998726699966937,749,30.00138004604964,5.012790721634232,4.998717170662868,4.991875371304031,0.9971924718678907,0.9958276035263283,0.5110220440881763,0.5200534759358288,2,0.048726699966938014,21
29,0,8,A,18.370257599744946,553,30.001109916800946,4.809722136782563,4.785076467582851,4.783047408275035,0.9948758642393843,0.9944539980171554,0.3678474114441417,0.39855072463768115,1,0.020257599744944343,14
29,0,9,B,25.0036856001243,751,29.999894919241974,2.6931245942619824,2.677664034891385,2.681829564691533,0.9942592483825152,0.9958059758562546,0.626,0.6426666666666667,1,0.003685600124299526,21
29,0,10,A,17.67709039989859,528,30.001019804945084,4.7265524731252855,4.6926541220372595,4.693390756863939,0.992828102241376,0.9929839525849123,0.3654390934844193,0.38519924098671726,1,0.02709039989859008,13
29,0,11,B,24.99856729991734,754,30.000209660803243,2.4184717613428677,2.411322817189279,2.4066225913186114,0.9970440241362921,0.9951005547330943,0.6212424849699398,0.6454183266932271,1,0.04856729991734099,21
29,0,12,A,24.316408100072294,732,30.002459982945062,5.064747041139128,5.037709479461796,5.0341180322459635,0.9946616165708345,0.9939525096427568,0.3230452674897119,0.3488372093023256,1,0.016408100072293763,20
29,0,13,B,24.999140500091016,752,30.00192010956631,4.0902907711688465,4.035647212906224,4.038818679809404,0.986640666563906,0.9874160312214837,0.4849699398797595,0.5153129161118508,1,0.049140500091017,21
29,0,14,A,24.998692499939352,752,30.000479983394627,3.697431413261561,3.6885116299933873,3.683382736152553,0.9975875730280808,0.9962004225261301,0.5350701402805611,0.5619174434087882,2,0.048692499939352984,21
29,0,15,B,25.010292400140315,750,30.00146995050146,4.132461669693872,4.12223135864799,4.1082739512247635,0.9975244026772448,0.9941468982891013,0.476,0.48731642189586116,1,0.010292400140315294,21
29,0,16,A,21.346535100135952,642,30.00029976779242,6.444100371499759,6.362882419600483,6.377471574159628,0.9873965414538736,0.9896604966560097,0.352112676056338,0.38533541341653665,1,0.046535100135951524,17
29,0,17,B,25.023890300188214,752,29.99958018428474,4.59592233835745,4.5758306724916595,4.574471809274474,0.9956283713286218,0.9953327041878078,0.442,0.47003994673768307,1,0.023890300188213587,21
29,0,18,A,17.326061900239438,519,30.00061514651717,4.138178267343312,4.1123486283012305,4.1119541252521365,0.9937582101655896,0.9936628776246483,0.34971098265895956,0.3764478764478765,1,0.026061900239437108,13
29,0,19,B,24.999768999870867,751,30.00079494679107,3.3317852404755954,3.224556163434749,3.2445101451546945,0.9678163298947984,0.9738053058580561,0.5551102204408818,0.58,1,0.04976899987086725,21
2,0,0,A,25.001436699999886,760,29.999310015827042,4.8383138989075025,4.775637168170579,4.77867841298065,0.9870457493981373,0.9876743247393852,0.322,0.3820816864295125,0,0.0014366999998856045,21
2,0,1,B,25.0245003,758,30.00138006324067,3.795723185841486,3.773532896624763,3.7468165237365256,0.9941538705194585,0.9871153243504721,0.5,0.5468956406869221,4,0.024500299999999697,21
2,0,2,A,22.331452399999762,676,30.000300003128878,3.784941957203766,3.7494239947913464,3.7223407755514777,0.9906159822755487,0.9834604645566252,0.3542600896860987,0.4103703703703704,0,0.03145239999976113,18
2,0,3,B,25.00788969999985,753,30.001020034767286,2.815822332472364,2.7902648154734626,2.7888109131251158,0.9909236045526845,0.9904072714262723,0.608,0.6382978723404256,1,0.007889699999850563,21
2,0,4,A,23.530184799999915,705,29.999580005846873,5.313719644289249,5.243949958051497,5.212716852740996,0.9868698970009201,0.980992073667868,0.3382978723404255,0.375,0,0.030184799999915413,19
2,0,5,B,25.013563200000135,762,30.002100146929944,3.4365373047706314,3.414179302939,3.385201522154495,0.9934940319720685,0.985061770595398,0.46,0.5137976346911958,4,0.013563200000135112,21
2,0,6,A,24.99444140000014,756,30.000840023668612,4.917222292960513,4.827327911710892,4.82082795638931,0.9817184630073946,0.980396587579699,0.3687374749498998,0.41589403973509936,6,0.044441400000142295,21
2,0,7,B,25.003868999999668,754,29.998500075334242,3.1277168613436093,3.090418464910981,3.088504003486493,0.9880748807880885,0.9874627852854074,0.536,0.5737051792828686,1,0.0038689999996677216,21
2,0,8,A,23.132564300000013,697,29.999130025248515,5.104214159832662,5.054691772997603,5.032814355984655,0.9902977451015335,0.9860115971602674,0.30952380952380953,0.34770114942528735,3,0.032564300000011315,19
2,0,9,B,25.004543600000034,750,29.999760002029728,3.419691137004218,3.389089814170832,3.3613197641376593,0.9910514366334867,0.9829308055821397,0.418,0.465954606141522,4,0.004543600000033621,21
2,0,10,A,21.930386100000305,668,30.001470072067338,5.3738892659062625,5.324806933468013,5.258598119280993,0.990866515849211,0.9785460509287539,0.24429223744292236,0.31634182908545727,3,0.030386100000306726,17
2,0,11,B,24.993745000000217,755,30.00309031818923,3.2072930081602076,3.179621994020948,3.162795776132606,0.9913724707817909,0.9861262342061082,0.44488977955911824,0.4946949602122016,0,0.04374500000021797,21
2,0,12,A,16.10518749999983,487,30.00286527364857,4.242583521110273,4.2068637621388785,4.144202381009919,0.9915806586261272,0.9768110304462295,0.2515527950310559,0.30246913580246915,2,0.005187499999827594,12
2,0,13,B,24.999581200000193,755,29.999939999963264,3.303492902407259,3.267440958938905,3.2520009650877975,0.9890867198648791,0.9844128808988997,0.4188376753507014,0.47480106100795755,2,0.04958120000019406,21
2,0,14,A,25.012454700000035,754,30.002100146929944,3.256692252864596,3.2178998224650908,3.1957995026762136,0.988088395406295,0.9813022706905078,0.406,0.4674634794156706,0,0.01245470000003479,21
2,0,15,B,25.011828599999717,752,30.00129005536339,2.3364519597108373,2.3216050818450444,2.305053230353493,0.9936455454159518,0.9865613631699793,0.576,0.6271637816245007,0,0.011828599999716971,21
2,0,16,A,16.76432130000012,510,30.00129005536339,4.308913913304615,4.221658261046114,4.227267951267431,0.9797499662295222,0.9810518465488286,0.2865671641791045,0.33398821218074654,0,0.014321300000119663,12
2,0,17,B,25.010574900000393,752,30.002010135141262,3.3530193625342504,3.315502011296565,3.2561825187616282,0.9888108754584318,0.9711195095218801,0.538,0.5778961384820239,0,0.010574900000392518,21
2,0,18,A,19.84272190000047,602,30.00327035588408,5.225249187206296,4.987048226416893,5.022039744374051,0.9544134734525919,0.9611100953175993,0.30303030303030304,0.34608985024958405,2,0.04272190000046905,15
2,0,19,B,25.01623759999984,753,30.002370187583335,3.851289895646695,3.7583991673141774,3.769029880685095,0.9758806190005285,0.978640918447977,0.472,0.5066489361702128,2,0.016237599999840313,21
30,0,0,A,20.455215299999963,615,30.00147007186268,4.1151799478127735,4.096714885602413,4.100966821415704,0.9955129393016763,0.9965461713516018,0.43765281173594134,0.4609120521172638,0,0.005215299999964174,16
30,0,1,B,25.00942150000037,752,30.00165009093161,3.2699536314382938,3.259568175994961,3.255385861378305,0.9968239747060986,0.9955449612740896,0.51,0.5312916111850865,0,0.009421500000371452,21
30,0,2,A,22.93149029999995,690,30.002100146929944,4.467650053558257,4.453663216042666,4.441660807029024,0.996869307723766,0.9941827926946664,0.49344978165938863,0.5137880986937591,0,0.03149029999995179,18
30,0,3,B,24.999476100000265,751,29.999895000482017,3.285824683385057,3.274456234965937,3.2723211498985423,0.9965401536860428,0.9958903670196417,0.5531062124248497,0.568,0,0.04947610000026614,21
30,0,4,A,22.14918970000008,666,29.999130025043893,4.367996833199583,4.337722126950499,4.340422898981096,0.9930689724820824,0.9936872815454199,0.5158371040723982,0.5383458646616541,0,0.04918970000007761,18
30,0,5,B,23.555490499999905,709,29.999265018031082,3.303543966560735,3.280512943996721,3.2896644778385076,0.9930283892700871,0.9957986063262003,0.5371549893842887,0.5522598870056498,0,0.005490499999904586,19
30,0,6,A,21.224714499999664,636,30.00039000506567,4.245542024636055,4.193218572291024,4.196749117051585,0.987675672024583,0.9885072607216382,0.5707547169811321,0.5889763779527559,0,0.02471449999966424,17
30,0,7,B,23.726307100000213,713,30.000840023463965,4.950760562486302,4.909200779386902,4.907440706566103,0.9916053740481183,0.9912498584059085,0.43037974683544306,0.45224719101123595,0,0.026307100000213524,19
30,0,8,A,17.357006300000194,522,30.002370187583335,5.109064330824664,5.078556062056359,5.0800056144788925,0.9940285996039944,0.9943123213050088,0.23631123919308358,0.2571976967370441,0,0.0070063000001923115,13
30,0,9,B,25.005448299999898,751,30.000615012679535,4.260836067494829,4.247501836377625,4.2409336098826405,0.9968705129918214,0.9953289783279811,0.478,0.492,0,0.005448299999898154,21
30,0,10,A,16.341470500000014,492,30.002730248258096,4.25787906144712,4.208772471915743,4.21357024248395,0.9884668895422577,0.9895936877671413,0.39263803680981596,0.41140529531568226,0,0.04147050000001329,12
30,0,11,B,19.72319749999997,593,29.99967000366831,4.018467213496656,4.00066611467227,3.992150444895768,0.9955701769160643,0.9934510430961091,0.49746192893401014,0.5152027027027027,0,0.023197499999970006,15
30,0,12,A,17.117520299999796,516,30.001740100969215,4.564771164817842,4.503596633608437,4.519927540624357,0.9865985546699696,0.9901761506602763,0.4239766081871345,0.429126213592233,0,0.017520299999794986,13
30,0,13,B,21.025891699999647,634,30.002010134731936,3.363461339485574,3.3337380232019536,3.3326268651246833,0.9911628785695612,0.9908325170862209,0.4238095238095238,0.4486571879936809,0,0.025891699999647244,17
30,0,14,A,18.653745399999934,558,30.001830111546912,4.099309397455993,4.086197243221006,4.086350675352856,0.9968013748259342,0.9968388036016067,0.49865951742627346,0.5134649910233393,0,0.003745399999935728,14
30,0,15,B,21.79413599999998,655,29.998545070426225,4.469646411149435,4.3729046638725,4.39377818141038,0.9783558388342275,0.9830258989727233,0.42298850574712643,0.43883792048929665,0,0.04413599999998041,17
30,0,16,A,18.690862500000094,562,30.0009300288456,3.7837358074563863,3.7464824853080865,3.74662548456852,0.9901543543090702,0.9901921474499527,0.353887399463807,0.3689839572192513,0,0.04086250000009528,14
30,0,17,B,24.98499989999982,751,30.001560081024774,4.777143419874111,4.7472946825775555,4.749338832610691,0.9937517602732258,0.9941796624426753,0.43286573146292584,0.4533333333333333,0,0.03499989999982134,21
30,0,18,A,18.907698499999697,566,29.998050126927424,4.715955143730069,4.68446215512521,4.690630040310991,0.9933220338945062,0.994629910029414,0.291005291005291,0.30619469026548674,0,0.007698499999698072,14
30,0,19,B,19.605037599999832,589,29.999805001105983,4.163442615895473,4.141032211834267,4.135741787206747,0.9946173380712282,0.9933466529398128,0.45153061224489793,0.46938775510204084,0,0.0050375999998308885,15
31,0,0,A,25.00596089999999,761,29.999220019960863,4.330466020767652,4.318516696793335,4.309188185775363,0.9972406378627585,0.9950864791710068,0.408,0.45394736842105265,0,0.005960899999990943,21
31,0,1,B,25.011054200000217,757,30.00318033748295,5.232004634933789,5.1971172478542,5.186734066042163,0.9933319273368666,0.9913473759963137,0.436,0.47883597883597884,0,0.011054200000216952,21
31,0,2,A,25.019303000000036,766,30.002910282245686,3.5498386879681822,3.541287533810871,3.5368490747519674,0.9975911147212705,0.996340787748964,0.45,0.47843137254901963,0,0.019303000000036263,21
31,0,3,B,25.001441700000214,766,30.00372046172354,2.2044620567104385,2.198121378435318,2.193146978021445,0.9971237072301521,0.9948671928126185,0.538,0.5725490196078431,0,0.0014417000002140412,21
31,0,4,A,24.999595299999783,762,30.00336037646283,4.634398763629723,4.617873935844164,4.613334803351084,0.9964343103327137,0.9954548666713908,0.4709418837675351,0.49540078843626806,0,0.04959529999978329,21
31,0,5,B,25.007044300000416,771,30.00147007247665,3.127741805128913,3.1186786537628706,3.1091806700658045,0.9971023339103052,0.994065643451556,0.492,0.5285714285714286,0,0.007044300000416115,21
31,0,6,A,25.01271159999942,768,30.000750018622377,3.632671323092734,3.586267698355807,3.6038141309151404,0.9872260326878621,0.9920562061328946,0.516,0.5554106910039114,0,0.012711599999420287,21
31,0,7,B,24.99654610000016,761,30.000840023668612,2.631178255018138,2.614714377758961,2.6114000949527716,0.9937427738969121,0.9924831546370354,0.5170340681362725,0.5565789473684211,0,0.04654610000016035,21
31,0,8,A,25.003538899999512,764,30.002280173355636,4.465277141870381,4.442685621702941,4.440032040285607,0.9949406230678043,0.99434635280573,0.392,0.4338138925294889,0,0.0035388999995120685,21
31,0,9,B,25.01670220000051,764,30.00048000795177,2.2286447833685727,2.2200923751613075,2.2183217380098825,0.996162507246068,0.9953680167267002,0.598,0.6199213630406291,0,0.016702200000509038,21
31,0,10,A,22.93563190000077,694,30.000120000466055,4.279989178804206,4.2461666537454335,4.245261113475527,0.9920975208941482,0.9918859455298012,0.4126637554585153,0.4329004329004329,0,0.03563190000077299,18
31,0,11,B,25.01049779999994,759,30.000570010968605,4.860431865631037,4.840839016860523,4.827247902584564,0.995968907843548,0.9931726307530154,0.45,0.4788918205804749,0,0.010497799999939161,21
31,0,12,A,25.019502099999954,763,30.0025502164311,5.910305610243343,5.799099666613423,5.829715873221897,0.9811844004416311,0.9863645397825497,0.342,0.38451443569553806,0,0.019502099999954225,21
31,0,13,B,25.004471600000215,759,30.00138006324067,3.3495731433082807,3.336450400796595,3.33057604271979,0.9960822642318166,0.994328501043053,0.384,0.42480211081794195,0,0.004471600000215403,21
31,0,14,A,20.996228199999678,641,30.00412556746148,7.366749198445225,7.302238129651088,7.290626422225503,0.9912429394490921,0.9896667072314899,0.2553699284009546,0.303125,0,0.04622819999967831,17
31,0,15,B,25.011360600000444,749,30.0009300288456,2.21432676353058,2.209189816040528,2.206830903037922,0.9976801312368815,0.9966148354361637,0.614,0.6403743315508021,0,0.01136060000044381,21
31,0,16,A,20.47681939999984,618,30.002550217249784,6.822749564003164,6.772792191924351,6.755444038607423,0.9926778241513673,0.9901351317728493,0.28117359413202936,0.3192868719611021,0,0.026819399999840954,16
31,0,17,B,25.018274400000337,792,30.00282026518649,2.7259759605314327,2.692149612302897,2.7013105268892827,0.9875911054542311,0.9909517053711137,0.562,0.6042983565107459,0,0.018274400000336755,21
31,0,18,A,20.90805140000066,635,29.99877005077548,3.462107092311557,3.4447008440966673,3.442931803811451,0.9949723541904453,0.994461382046012,0.33014354066985646,0.37381703470031546,0,0.00805140000066018,16
31,0,19,B,25.021184899999753,760,30.001020034153335,4.212874099225627,4.17125597310679,4.174463072112575,0.9901212034495674,0.9908824649851007,0.45,0.4888010540184453,0,0.021184899999752815,21
34,0,0,A,24.99940810003318,749,30.002415184870937,3.831274561284562,3.818602049814742,3.8133243221760287,0.9966923510004015,0.9953148126500976,0.5871743486973948,0.6189839572192514,0,0.049408100033179636,21
34,0,1,B,23.869562799925916,717,30.001020014506913,5.017127964841148,4.9782296056511814,4.986857096884317,0.9922468871707963,0.9939664947418201,0.469601677148847,0.4748603351955307,0,0.019562799925914476,19
34,0,2,A,24.995801000040956,752,30.001110021582488,5.033727647218335,5.020549030888353,5.015681025203392,0.9973819369553567,0.9964148592693696,0.4729458917835671,0.49533954727030627,1,0.04580100004095655,21
34,0,3,B,24.997054200037383,751,29.999984971953634,4.136255857449415,4.123168462115419,4.116306687681636,0.9968359318705043,0.9951769981221422,0.48296593186372744,0.512,1,0.047054200037383254,21
34,0,4,A,22.231155200046487,668,30.001290037353847,4.36118183265911,4.323698783641815,4.322626630440824,0.9914053001100298,0.9911594600505849,0.47297297297297297,0.4992503748125937,1,0.031155200046487863,18
34,0,5,B,25.001393000013195,748,30.000389980099392,4.846405522050701,4.8349275759192825,4.826684294546549,0.9976316579206599,0.9959307516850535,0.448,0.4819277108433735,1,0.0013930000131949782,21
34,0,6,A,17.89926330000162,538,29.999399979492686,4.124593062537856,4.079286605363056,4.090371576227181,0.9890155328082421,0.9917030636012324,0.36134453781512604,0.3817504655493482,1,0.049263300001619825,13
34,0,7,B,21.696685299975798,652,29.999219986402252,4.3848371728795,4.332794864156766,4.343957540722102,0.9881313018771555,0.9906770467076312,0.45496535796766746,0.48540706605222733,1,0.046685299975798955,17
34,0,8,A,20.320869600051083,609,29.999580027128452,4.622359026163085,4.57960746385352,4.587741732361021,0.9907511376620496,0.9925109032842048,0.3866995073891626,0.4243421052631579,1,0.02086960005108196,16
34,0,9,B,19.936051500029862,599,29.998050083959384,3.7811288092054753,3.7472087399665037,3.7555174366181303,0.9910291156555179,0.9932265273468093,0.4648241206030151,0.5050167224080268,1,0.03605150002986335,15
34,0,10,A,20.634473599959165,620,29.99859013235835,5.109475146734827,5.086283741273844,5.079765053126765,0.9954610982938623,0.9941852944275407,0.33495145631067963,0.37318255250403876,1,0.03447359995916344,16
34,0,11,B,25.012418099911883,751,30.000479983394627,5.181562794836394,5.168236676451736,5.156833546846621,0.9974281661899499,0.9952274537685009,0.404,0.448,3,0.012418099911883473,21
34,0,12,A,16.128678899956867,485,30.003360374006647,3.9343813924527034,3.8660048275613312,3.86727352642224,0.9826207583681291,0.9829432230034445,0.3447204968944099,0.36983471074380164,1,0.028678899956865678,12
34,0,13,B,24.994982599979267,751,30.001650075377537,4.953011310384534,4.894487005007898,4.8857667392395845,0.9881840961570321,0.9864234973572614,0.4148296593186373,0.456,2,0.044982599979267235,21
34,0,14,A,20.348141700029373,609,30.0011550253228,4.872421899416044,4.811605540693711,4.815615390807663,0.9875182486291629,0.9883412172055155,0.3817733990147783,0.41118421052631576,2,0.04814170002937246,16
34,0,15,B,23.56111869995948,708,30.00156006506148,3.984321206839719,3.9608929097977965,3.9612487816511806,0.9941198774331487,0.9942091954963543,0.4394904458598726,0.4780763790664781,1,0.011118699959478562,19
34,0,16,A,19.936020800028928,599,29.999805024229584,4.302663045454974,4.270668996892041,4.271276967070682,0.9925641287209953,0.9927054296251605,0.3869346733668342,0.411371237458194,1,0.036020800028929045,15
34,0,17,B,18.90621059993282,568,30.003810485003275,4.0444626603736165,4.026855393673065,4.0310195470944015,0.9956465745442376,0.9966761682804179,0.4126984126984127,0.4409171075837742,1,0.006210599932821026,14
34,0,18,A,20.84938210004475,624,29.998230167772824,6.094060804299286,5.997639215641401,6.014517031575254,0.9841777770596151,0.9869473286732036,0.28846153846153844,0.31942215088282505,1,0.04938210004474897,16
34,0,19,B,25.025100199971348,752,30.001110021582488,4.050757311677909,4.033907779253228,4.028542990999822,0.9958403994294831,0.9945160080032329,0.518,0.5419440745672437,2,0.025100199971348047,21
35,0,0,A,20.668645299971104,621,30.00056998722989,4.229999133201032,4.189589498845635,4.193531480610876,0.9904468929938486,0.9913788037676122,0.387409200968523,0.4241935483870968,0,0.01864529997110509,16
35,0,1,B,25.00996200006921,750,30.002370177349903,3.555756374173974,3.544651426984312,3.537102640211218,0.9968769099957693,0.9947539336220441,0.422,0.46328437917222964,0,0.009962000069208443,21
35,0,2,A,19.69701610004995,592,30.00084000197595,4.70238804149206,4.634472323636583,4.646499178268744,0.9855571855712003,0.988114791308124,0.3282442748091603,0.3587140439932318,0,0.047016100049951604,15
35,0,3,B,24.993025099975057,751,30.003540416784695,4.526224278550261,4.511652368246654,4.505341845670458,0.9967805593786717,0.9953863459707984,0.4088176352705411,0.43866666666666665,0,0.04302509997505766,21
35,0,4,A,20.56286760000512,619,30.002325222358916,4.796159354424461,4.7676579499012846,4.761978346474098,0.9940574525538056,0.9928732543219544,0.27007299270072993,0.2912621359223301,0,0.012867600005119328,16
35,0,5,B,24.99219860008452,752,30.000209975129007,4.244271012931672,4.227333526952767,4.221003433064066,0.9960093297701069,0.9945178854515385,0.4649298597194389,0.4980026631158455,0,0.04219860008452159,21
35,0,6,A,18.753763300017454,563,30.001020014506913,4.510262310243031,4.481477934526908,4.491964064315723,0.9936180262396819,0.9959429752265734,0.304,0.3416370106761566,0,0.00376330001745373,14
35,0,7,B,18.76548239996191,564,29.999759972153306,4.7529211135397125,4.727557579566185,4.722089531154022,0.9946635903757641,0.9935131297892026,0.31466666666666665,0.3481349911190053,0,0.015482399961911142,14
35,0,8,A,16.208418300026096,491,30.002145141770217,4.877667413027147,4.752065606941233,4.837212338683382,0.9742496165789287,0.991706061336671,0.2654320987654321,0.2979591836734694,0,0.008418300026097114,12
35,0,9,B,24.090997599996626,724,30.001290037353847,5.049849184936392,4.792436919521741,4.856417721976002,0.9490257518615592,0.9616955960709892,0.4365904365904366,0.47579529737206083,0,0.04099759999662567,20
35,0,10,A,22.254616599995643,673,30.003045304344365,5.768929501491774,5.729874442752125,5.7365885057089745,0.9932301029628547,0.9943939346503651,0.32808988764044944,0.37202380952380953,0,0.0046165999956429005,18
35,0,11,B,20.817051099962555,629,30.0009300079714,4.930848264202362,4.90574407191717,4.907431671395678,0.9949087477569637,0.9952510011357097,0.3173076923076923,0.3662420382165605,0,0.01705109996255416,16
35,0,12,A,20.23298430000432,609,30.002145141770217,4.475611467291126,4.455693519633493,4.44891340878848,0.9955496700723023,0.9940347685008492,0.3564356435643564,0.38651315789473684,0,0.03298430000431907,16
35,0,13,B,24.834803899982944,746,30.00075010129958,4.240563580162124,4.224774364108765,4.215735948576172,0.9962766231999862,0.9941452047312533,0.4314516129032258,0.4604026845637584,0,0.03480389998294342,20
35,0,14,A,21.918335199938156,659,29.999984971953634,4.402561518536459,4.376272123725722,4.376078797901377,0.9940286138648948,0.9939847017415703,0.3242009132420091,0.3541033434650456,0,0.018335199938157132,17
35,0,15,B,22.763646699953824,687,29.999985024340475,4.844447015191429,4.794201405383838,4.801320132073802,0.9896282053142434,0.9910976664658757,0.2967032967032967,0.34110787172011664,0,0.013646699953824282,18
35,0,16,A,21.753787699970417,654,30.00084000197595,4.595519653600509,4.557451629438752,4.569935904812694,0.9917162743212443,0.9944328931837403,0.3471264367816092,0.38591117917304746,0,0.0037876999704167247,17
35,0,17,B,22.385395099991,675,30.0006599916052,4.329678235538188,4.300593953661782,4.297804409702354,0.9932825766040345,0.992638292246705,0.37583892617449666,0.4169139465875371,0,0.03539509999099977,18
35,0,18,A,17.9417042999994,541,29.998500088020425,4.576779305714318,4.532083637933884,4.536802017202044,0.9902342532171848,0.9912651919959609,0.17597765363128492,0.20925925925925926,0,0.041704299999402394,13
35,0,19,B,24.997715200064704,752,29.998770013125487,4.216235408837951,4.199561238633807,4.189507773553592,0.9960452468642542,0.9936607820264651,0.37675350701402804,0.40745672436750996,0,0.04771520006470453,21
36,0,0,A,16.698980699991807,502,30.004530585883824,3.9175382716817104,3.889116868550883,3.8877448653861313,0.9927450860311245,0.9923948652879938,0.21621621621621623,0.23552894211576847,0,0.04898069999180876,12
36,0,1,B,25.009584299987182,749,30.00056998722989,3.9591779446658757,3.949163277597627,3.9434223118784693,0.997470518575266,0.9960204787439186,0.374,0.39438502673796794,0,0.009584299987182021,21
36,0,2,A,14.755078700138256,443,29.996520349207692,4.024614642221007,4.011940143991113,4.0126303576098925,0.9968507548283184,0.9970222528921426,0.15254237288135594,0.17194570135746606,0,0.005078700138255954,10
36,0,3,B,17.57210149988532,518,29.999849866895694,3.2378516809105435,3.2193711718261957,3.222373474244738,0.994292354651912,0.9952196060254827,0.3903133903133903,0.402321083172147,0,0.022101499885319953,13
36,0,4,A,19.521194799803197,433,29.993281530596114,4.70448416492213,4.67035282627311,4.680637921726586,0.9927449349487639,0.9949311672949506,0.4,0.2013888888888889,0,0.021194799803197384,15
36,0,5,B,25.02369050006382,752,29.999310087446453,3.304652076889245,3.293497859205737,3.285998202473819,0.9966246922750162,0.9943552682759312,0.556,0.563249001331558,0,0.023690500063821673,21
36,0,6,A,23.854062099941075,540,29.999129885899276,6.066235715438012,6.0416512730743435,6.040104598552789,0.9959473315055821,0.995692367044241,0.5010482180293501,0.37105751391465674,0,0.004062099941073427,19
36,0,7,B,25.004176900023594,751,30.002775302297117,3.938666038209738,3.9039443893979753,3.921352282249334,0.9911844140947921,0.9956041573993732,0.542,0.5626666666666666,0,0.004176900023594499,21
36,0,8,A,15.843181499978527,476,30.000929903191118,4.441195542491281,4.418452161938866,4.415935391461588,0.9948789959066615,0.9943123082989669,0.11392405063291139,0.12842105263157894,0,0.043181499978526716,11
36,0,9,B,18.769147999817505,563,29.998590027594407,3.819951687920963,3.7974721867407903,3.798529193719806,0.9941152394017823,0.9943919462989814,0.304,0.30604982206405695,0,0.01914799981750548,14
36,0,10,A,19.36078069987707,582,30.001200238762475,3.9810112921119187,3.9616293023135674,3.9618092520610153,0.9951313903990286,0.9951765924178736,0.35142118863049093,0.3648881239242685,0,0.01078069987706698,15
36,0,11,B,25.025019699940458,752,30.00093011275169,4.620037607253934,4.6083300877845055,4.602698474559377,0.9974659255043624,0.9962469715252246,0.354,0.3648468708388815,0,0.02501969994045794,21
36,0,12,A,17.42683229991235,524,29.99850003563877,3.6983978241053945,3.6796450047628393,3.6757900242617123,0.9949294748065424,0.9938871368308922,0.3103448275862069,0.33460803059273425,0,0.02683229991234981,13
36,0,13,B,15.940733200171962,479,30.00011997345385,3.890849259911527,3.8709038992033937,3.868574714066677,0.9948737770661958,0.9942751455127417,0.2578616352201258,0.28870292887029286,0,0.040733200171962025,11
36,0,14,A,16.928183499956504,509,30.00056998722989,4.499640461658297,4.469606495914077,4.463248419044384,0.9933252520951082,0.9919122332275186,0.14792899408284024,0.1732283464566929,0,0.02818349995650493,12
36,0,15,B,23.12098139990121,663,29.999039890704598,4.103922437802304,4.089688325139895,4.085774185380426,0.9965315834112033,0.9955778276278545,0.3722943722943723,0.3685800604229607,1,0.02098139990120984,19
36,0,16,A,16.821325999917462,506,29.999129885899276,3.62364745186549,3.61141465838281,3.609257080073847,0.9966241767045019,0.9960287605285015,0.35119047619047616,0.3722772277227723,0,0.021325999917461758,12
36,0,17,B,24.1597110000439,647,29.998095130900165,6.302504781778047,6.244347377982249,6.2687273628272155,0.9907723348399602,0.9946406357281173,0.40993788819875776,0.3653250773993808,0,0.009711000043900242,20
36,0,18,A,15.994173299986869,480,30.001740086233692,4.269370380088098,4.208111801129663,4.218139096546745,0.985651612883216,0.9880002719416683,0.2507836990595611,0.2818371607515658,0,0.04417329998686981,12
36,0,19,B,23.85406309994869,647,29.999039995471684,5.422739199744509,5.398700125209622,5.399865590918516,0.9955669867848301,0.9957819087395775,0.3081761006289308,0.25696594427244585,0,0.0040630999486879205,19
38,0,0,A,15.63842110009864,470,30.002370072559554,4.508515267247195,4.475051147964137,4.479235006450379,0.9925775743677384,0.9935055646790137,0.20512820512820512,0.232409381663113,0,0.03842110009864008,11
38,0,1,B,22.576795400120318,676,29.999940181270308,4.527412155098249,4.498885899260475,4.491186134154993,0.9936992138421392,0.9919985148905733,0.3170731707317073,0.3437037037037037,0,0.026795400120317225,18
38,0,2,A,14.726917099906132,443,30.00196527291831,4.461203493516942,4.437164497656962,4.431996852657546,0.994611544643746,0.9934531924172839,0.1292517006802721,0.13800904977375567,1,0.026917099906132336,10
38,0,3,B,24.9923865001183,751,30.00043503406792,4.4965311465061415,4.479948352370139,4.4698287080276256,0.9963120917890477,0.9940615470885231,0.42084168336673344,0.44,2,0.04238650011830103,21
38,0,4,A,13.901639600051567,418,30.002370072559554,4.579531106300499,4.552197624426513,4.560528375004983,0.994031379798604,0.9958505072125458,0.21942446043165467,0.2517985611510791,1,0.0016396000515666032,9
38,0,5,B,16.11675849999301,485,30.00106496558658,3.193077224658093,3.163162673170657,3.1687417196347676,0.9906314350130885,0.9923786669375241,0.18633540372670807,0.21487603305785125,1,0.016758499993009934,12
38,0,6,A,14.302333100000396,429,29.99935503340223,3.832366131472174,3.793888948111671,3.801075474548867,0.9899599406631531,0.9918351598334142,0.13286713286713286,0.14485981308411214,1,0.0023331000003956603,10
38,0,7,B,16.471572699956596,495,29.999579974743025,3.743780211341302,3.7126745691110674,3.7140283993953442,0.991691381311327,0.9920530025091141,0.17933130699088146,0.20647773279352227,1,0.021572699956596608,12
38,0,8,A,14.229716300033033,428,30.003630543783164,6.722335181708883,6.6811904613374224,6.668253538102327,0.9938794006458629,0.9919549320073018,0.2007042253521127,0.22716627634660422,1,0.029716300033033605,10
38,0,9,B,25.016662700101733,752,30.00264022450165,4.495073891657432,4.476077644255345,4.4732583589691295,0.9957739855094835,0.9951467910841709,0.406,0.43009320905459386,3,0.016662700101733208,21
38,0,10,A,14.336488799890503,432,30.000030077092703,3.893653714281486,3.840486345499309,3.8471298158181386,0.986345121399172,0.9880513517951781,0.24475524475524477,0.2691415313225058,1,0.03648879989050258,10
38,0,11,B,16.847384999971837,507,30.000705046384727,4.100557323731795,4.0151970211484596,4.029248874864944,0.9791832436802391,0.9826100592584923,0.18452380952380953,0.19960474308300397,1,0.047384999971836095,12
38,0,12,A,14.996772199869156,449,29.99881495746296,4.833790108143048,4.797584719056971,4.800458999854673,0.9925099376935947,0.993104560284439,0.23411371237458195,0.24776785714285715,1,0.046772199869156594,11
38,0,13,B,17.264920299872756,519,30.000884952516184,4.4051264480703285,4.344604059515941,4.360784003116848,0.986260919120517,0.9899338996334816,0.2144927536231884,0.23745173745173745,1,0.014920299872756004,13
38,0,14,A,15.339355899952352,461,29.997195265330966,4.849393012209477,4.787533633389578,4.790958603296671,0.9872438924491882,0.9879501602023834,0.16666666666666666,0.17391304347826086,1,0.039355899952351336,11
38,0,15,B,24.513912599999458,738,29.999310087446453,6.389720359466547,6.33742395083512,6.3185663496859465,0.9918155403226766,0.9888642998789167,0.1816326530612245,0.21438263229308005,2,0.013912599999457598,20
38,0,16,A,25.000889499904588,751,30.001020014506913,4.26132273921097,4.243533026761219,4.236645357399176,0.9958253074131052,0.9942089854906501,0.498,0.512,1,0.0008894999045878649,21
38,0,17,B,24.99855440016836,752,29.999399979492686,4.025542215142733,3.991255352619716,3.9922322998155773,0.9914826722238705,0.9917253593312586,0.3867735470941884,0.4181091877496671,2,0.04855440016835999,21
38,0,18,A,12.686010899953544,382,30.003180333389356,3.9090547688495385,3.886893299553349,3.882169827996997,0.9943307345108618,0.993122393406513,0.1383399209486166,0.15223097112860892,1,0.036010899953543785,8
38,0,19,B,18.493086300091818,556,29.999759972153306,3.8486305974165207,3.7997738176172606,3.805740075373551,0.9873054119997756,0.9888556407383549,0.3794037940379404,0.40540540540540543,1,0.043086300091818686,14
39,0,0,A,24.99405390000902,752,30.00048019294891,4.244379457136847,4.224722294457996,4.219976922712054,0.995368660394914,0.9942506237551969,0.4248496993987976,0.45006657789613846,1,0.044053900009021874,21
39,0,1,B,21.721522900043055,653,30.003135375970494,3.3600434412601405,3.3242225394336202,3.326159150884179,0.9893391551470281,0.9899155201507592,0.38940092165898615,0.4279141104294479,0,0.021522900043056126,17
39,0,2,A,18.12357010017149,545,30.002235103202292,4.220178060845436,4.1831077255848275,4.181909106436924,0.9912159310042994,0.9909319100149899,0.3342541436464088,0.3713235294117647,0,0.023570100171490083,14
39,0,3,B,24.99956120015122,751,29.998050188719557,4.2634956739055,4.237242619697555,4.233033390721907,0.9938423640561838,0.9928550922732171,0.43887775551102204,0.4746666666666667,0,0.049561200151220675,21
39,0,4,A,17.135650399839506,515,30.002955338053468,4.472517003718445,4.407942199449428,4.414596279795166,0.9855618650045758,0.9870496358370189,0.16374269005847952,0.17315175097276264,0,0.03565039983950413,13
39,0,5,B,24.999704800080508,752,30.00192010956631,5.054382088593817,5.024082967020746,5.0241957083265625,0.9940053757230886,0.9940276813786247,0.40681362725450904,0.44607190412782954,0,0.049704800080508704,21
39,0,6,A,18.26950730010867,550,30.003000294932786,4.501161267574874,4.455002138366632,4.460840430361821,0.9897450621152458,0.9910421256168906,0.2876712328767123,0.331511839708561,0,0.01950730010867119,14
39,0,7,B,25.003258500015363,752,30.000390084875907,3.1661739472004475,3.154868332903497,3.147784188310693,0.9964292504184912,0.9941918039891602,0.474,0.511318242343542,0,0.003258500015363097,21
39,0,8,A,19.35315530002117,582,29.999039995471684,4.825193495614613,4.771184794433399,4.788063870697393,0.9888069356741237,0.9923050495382277,0.22997416020671835,0.270223752151463,0,0.0031553000211701487,15
39,0,9,B,24.994881100021303,751,30.00119992441596,3.6348364029601576,3.614992184117409,3.6069558233949,0.9945405469069838,0.9923296191425418,0.46693386773547096,0.48133333333333334,0,0.04488110002130341,21
39,0,10,A,14.463932399870828,433,30.000705046384727,3.690876777772697,3.6575775405113733,3.6650573587879114,0.9909779601795813,0.9930045296715739,0.22491349480968859,0.24768518518518517,0,0.013932399870828505,10
39,0,11,B,19.11483270023018,574,30.001649970592222,4.222297800893229,4.193637446398991,4.190048505718736,0.993212142808076,0.9923621457568268,0.2774869109947644,0.3106457242582897,0,0.014832700230179796,15
39,0,12,A,14.833085299935192,446,30.00120002919813,3.2184743057642535,3.197434726223756,3.183782782716812,0.9934628716771746,0.9892211278538687,0.26013513513513514,0.2898876404494382,0,0.03308529993519116,10
39,0,13,B,23.034565400099382,692,29.999219986402252,4.099060306530681,4.08053678239039,4.071615438895031,0.9954810315645322,0.9933045953015317,0.39565217391304347,0.4341534008683068,0,0.034565400099381804,19
39,0,14,A,16.637687100097537,500,30.001020014506913,3.5764990669390815,3.5397937423610557,3.5524888456566606,0.9897370797835997,0.9932866692167294,0.28313253012048195,0.3106212424849699,0,0.03768710009753562,12
39,0,15,B,19.075500399805605,574,29.999219986402252,3.319706513811357,3.282520830073931,3.2851619225026027,0.988798502643918,0.9895940827404367,0.4304461942257218,0.45898778359511344,0,0.0255003998056047,15
39,0,16,A,20.880738999927416,630,29.99904020500585,4.749733829642213,4.724057638896703,4.717266785521347,0.9945941832392229,0.993164449780692,0.41007194244604317,0.43720190779014306,0,0.030738999927415023,16
39,0,17,B,24.99820590019226,753,30.000660096383598,3.8777224846558958,3.854915401721569,3.8516615189358006,0.9941184334297841,0.9932793112907852,0.49298597194388777,0.511968085106383,0,0.04820590019226145,21
39,0,18,A,17.534345200052485,527,29.99863507615683,4.26269101555328,4.224775518721983,4.221038626731102,0.9911052673785281,0.9902286164607754,0.22285714285714286,0.25285171102661597,0,0.03434520005248487,13
39,0,19,B,20.484153300058097,616,29.999759972153306,3.9772419474783947,3.9376017524267466,3.9291904587015956,0.9900332452550994,0.9879183893232183,0.39364303178484106,0.4211382113821138,0,0.03415330005809736,16
3,1,0,A,24.997490200000357,758,30.001830111546912,4.085854555362473,4.0743385957578955,4.068635089501616,0.9971815052521967,0.9957855901066628,0.56312625250501,0.5891677675033025,1,0.04749020000035742,21
3,1,1,B,25.01216199999999,758,30.00057001015003,3.950860526115613,3.9224857031899907,3.9181615811431554,0.9928180651435146,0.9917235891380336,0.62,0.6327608982826949,1,0.012161999999989348,21
3,1,2,A,24.99943870000061,758,30.002460201532482,4.962718500336649,4.946452200137226,4.931170253106306,0.9967223004491752,0.9936429504860688,0.5410821643286573,0.5640686922060766,1,0.04943870000061068,21
3,1,3,B,24.994241899999906,751,29.997960138620233,3.7629047284375554,3.750760848799364,3.748245466688455,0.9967727379472522,0.9961042697577976,0.5470941883767535,0.5706666666666667,3,0.04424189999990702,21
3,1,4,A,25.002730999999585,762,30.00201013432261,4.816495802409462,4.803721759218869,4.7931967099509425,0.9973478554296251,0.9951626465766119,0.394,0.41655716162943496,2,0.0027309999995850376,21
3,1,5,B,25.016654900000503,752,30.000660014525476,4.40260077626705,4.392295114367728,4.38244849091544,0.9976591877340146,0.9954226407581073,0.496,0.5193075898801598,2,0.016654900000503403,21
3,1,6,A,21.246736900000542,642,30.000300002719598,4.18255924059533,3.967315008060555,4.012128775478898,0.9485376727134801,0.9592521096982302,0.4811320754716981,0.5054602184087363,1,0.04673690000054265,17
3,1,7,B,25.016204599999583,755,30.001830111546912,3.762883332887397,3.7481448241313773,3.747480366494188,0.9960831874251306,0.9959066053792877,0.552,0.5795755968169761,1,0.01620459999958257,21
3,1,8,A,20.28460350000023,615,30.00039000506567,5.13618610922195,5.099308162237104,5.093618069703107,0.9928199745490858,0.991712130632803,0.4148148148148148,0.44299674267100975,1,0.03460350000023027,16
3,1,9,B,24.999083299999256,755,30.00138006324067,4.104947335909378,4.0875883458279265,4.078314651349402,0.9957712027314948,0.99351205207263,0.48897795591182364,0.5119363395225465,1,0.04908329999925698,21
3,1,10,A,25.015370500000245,752,30.000570010968605,4.214971994198546,4.185237372555531,4.1835136027567605,0.9929454758693673,0.9925365123457321,0.458,0.49533954727030627,1,0.015370500000244647,21
3,1,11,B,25.008048799999415,754,30.000390005474955,5.064796645158426,5.02972718425446,5.016013477309903,0.9930758402832442,0.9903681882479614,0.504,0.5325365205843293,1,0.008048799999414769,21
3,1,12,A,21.22160149999945,643,30.002730248258096,4.663486322275914,4.608461786022222,4.620959080819377,0.9882009868902459,0.9908808049348405,0.3891509433962264,0.4158878504672897,1,0.021601499999452045,17
3,1,13,B,25.003096899999946,755,30.001110041229026,3.758239315628976,3.739693745032845,3.726209241308687,0.9950653566634229,0.9914773723463833,0.42,0.46286472148541113,1,0.00309689999994589,21
3,1,14,A,23.073863699999492,691,29.999760002029728,5.091761872981172,5.060734114488524,5.04557317123061,0.9939062824879354,0.9909287388328868,0.27114967462039047,0.30289855072463767,1,0.023863699999491672,19
3,1,15,B,25.002595899999505,753,30.004305617376197,4.05129220386058,4.037676629946921,4.027769873721263,0.9966392022030194,0.9941938697690326,0.474,0.4946808510638298,1,0.002595899999505491,21
3,1,16,A,23.274667200000295,703,30.000210001322824,4.543431732298712,4.520694025815107,4.518858472165936,0.9949954774665226,0.9945914758753637,0.3741935483870968,0.40028490028490027,2,0.024667200000294542,19
3,1,17,B,25.00737939999999,754,29.99985000113577,3.9718011885610025,3.9609981462683743,3.9548459895404178,0.9972800646911176,0.9957311058092695,0.514,0.5431606905710491,1,0.00737939999999071,21
3,1,18,A,20.210226000000148,613,30.002190160077397,4.728160575313716,4.700225492812653,4.702006913288285,0.9940917652740232,0.9944685334584484,0.36633663366336633,0.4019607843137255,1,0.010226000000148616,16
3,1,19,B,25.013593100000435,755,30.002370187173995,4.897704709438619,4.874063394735654,4.868372954986244,0.9951729807929408,0.9940111223128972,0.464,0.48408488063660476,1,0.013593100000434788,21
40,0,0,A,25.00150910000002,752,29.998590066062416,4.289032346982182,4.251966942536066,4.250766134409237,0.9913580963146161,0.991078124509863,0.478,0.49533954727030627,1,0.0015091000000211352,21
40,0,1,B,25.017229000000043,751,29.998815046881965,4.148753798696783,4.1312567638931466,4.123341606659616,0.9957825805886259,0.9938747408811895,0.496,0.5266666666666666,4,0.017229000000043015,21
40,0,2,A,18.915070500000184,569,30.00133505923452,4.230261138153962,4.205958330600907,4.201773022327449,0.994255010090545,0.9932656365892948,0.35978835978835977,0.3908450704225352,1,0.01507050000018495,14
40,0,3,B,25.02523199999996,748,29.99940001182393,4.161793285409584,4.138106378161881,4.118213754935931,0.9943084853996125,0.9895286652928115,0.476,0.5153949129852744,3,0.025231999999959953,21
40,0,4,A,21.731000100000074,653,30.002235166649,4.8740422264095145,4.842948799972055,4.8332748628879205,0.9936206079075427,0.9916358206129812,0.3294930875576037,0.3665644171779141,1,0.031000100000074582,17
40,0,5,B,25.01383990000022,752,30.00075001903167,4.3002708117826005,4.248960255499123,4.195057636184078,0.9880680639593933,0.975533360524588,0.55,0.5885486018641811,7,0.01383990000022095,21
40,0,6,A,20.248961599999802,609,29.99940001182393,4.858284809780056,4.740074710371276,4.7626783753656285,0.9756683471560139,0.980320949026709,0.3292079207920792,0.35526315789473684,1,0.048961599999802985,16
40,0,7,B,25.015192399999705,752,30.00165009052229,5.634869194392721,5.59193468051981,5.5509196593113295,0.9923805660092988,0.9851017774884766,0.392,0.4181091877496671,9,0.01519239999970523,21
40,0,8,A,25.02550930000052,752,29.99985000113577,4.882908767350762,4.8538515626270975,4.833566216340573,0.9940492017958735,0.989894844781841,0.46,0.49267643142476697,1,0.025509300000521762,21
40,0,9,B,25.01721230000021,751,29.99985000113577,5.18963670570424,5.143767940372802,5.117291856717833,0.9911614689172711,0.986059746936257,0.328,0.38,7,0.017212300000210234,21
40,0,10,A,20.101120100000117,605,30.002190160077397,5.136863362751261,5.114940848840211,5.116495563390841,0.9957323151575307,0.9960349734999548,0.3781094527363184,0.3990066225165563,1,0.0011201000001150874,16
40,0,11,B,24.998331699999653,751,29.999895000277384,4.752141582313044,4.722160279687263,4.695348511204669,0.9936909912917224,0.9880489522198259,0.35470941883767537,0.39466666666666667,8,0.04833169999965392,21
40,0,12,A,17.516483600000356,527,29.998635061833593,4.442015675632904,4.391547000849253,4.393095682935019,0.9886383393330866,0.9889869833269073,0.28285714285714286,0.32509505703422054,1,0.01648360000035609,13
40,0,13,B,24.996533099999397,750,29.999760001620462,4.584675636974132,4.54205045691598,4.532503249911216,0.9907026835847684,0.9886202664715995,0.48897795591182364,0.5380507343124166,8,0.046533099999397365,21
40,0,14,A,24.9996785000003,751,30.002910282245686,6.014475597938202,5.956853119733952,5.9424294575407135,0.9904193678624279,0.9880212099584897,0.44488977955911824,0.4866666666666667,6,0.04967850000030083,21
40,0,15,B,19.616533999999774,589,30.003045308847277,5.096918376711191,5.0532799027494235,5.049416436082323,0.9914382631353957,0.9906802626375354,0.35459183673469385,0.40476190476190477,8,0.016533999999772675,15
40,0,16,A,16.693014500000572,502,30.002280173355636,3.5199877396898147,3.467564378022402,3.4669682524950654,0.9851069476531665,0.9849375932203044,0.4084084084084084,0.4291417165668663,1,0.04301450000057372,12
40,0,17,B,20.16526479999993,606,29.999490008770046,3.8224147760436904,3.7782848411360925,3.7761229584315537,0.9884549591048637,0.9878893787502439,0.34491315136476425,0.3950413223140496,8,0.015264799999933132,16
40,0,18,A,15.357388899999933,461,29.999580005846873,4.6622601763295535,4.632391813748996,4.633637212791277,0.9935935873479992,0.9938607108021136,0.23778501628664495,0.25869565217391305,1,0.007388899999932974,11
40,0,19,B,25.003643699999884,751,29.998860043123432,5.005179604776976,4.9711461572870865,4.948797070252741,0.9932003543973911,0.9887351625762993,0.42,0.468,6,0.00364369999988412,21
41,0,0,A,15.524581200000284,466,30.001200048026178,3.7362230997058967,3.715661659468236,3.7173790458104747,0.9944967311402578,0.9949563895429838,0.3161290322580645,0.33548387096774196,1,0.024581200000284298,11
41,0,1,B,24.39966110000023,734,30.000300002719598,4.948833625703129,4.905191827018423,4.913616065448897,0.9911813970754563,0.9928836645323214,0.30184804928131415,0.32332878581173263,1,0.04966110000022894,20
41,0,2,A,13.818029200000638,417,30.005070857408963,4.436554318101008,4.4219018633449085,4.416313525589105,0.9966973345291147,0.9954377223717693,0.23550724637681159,0.25721153846153844,1,0.01802920000063679,9
41,0,3,B,25.000657200000205,753,29.999220019960863,5.597306525931506,5.587582022224046,5.582486389473873,0.998262645852535,0.9973522735642628,0.516,0.5332446808510638,2,0.0006572000002051936,21
41,0,4,A,22.479192100000546,676,30.000480007133195,4.4887798530065135,4.469634857238913,4.466970456862043,0.9957349220958613,0.9951413531385678,0.41202672605790647,0.43703703703703706,1,0.029192100000546617,18
41,0,5,B,22.001315199999226,662,30.00282026518649,4.060264645047939,4.037701490278609,4.047879215905274,0.9944429349459157,0.9969496005247416,0.3840909090909091,0.405446293494705,1,0.0013151999992260244,18
41,0,6,A,16.28815609999947,490,30.00129005536339,3.7213169768409236,3.6554208850610905,3.681476994966148,0.9822922658322503,0.9892941176140829,0.24307692307692308,0.26789366053169733,1,0.038156099999469006,12
41,0,7,B,18.537324900000385,555,30.00165009093161,4.336339345594882,4.309133820717724,4.316424175612418,0.9937261540878264,0.9954073774224578,0.3054054054054054,0.33574007220216606,1,0.03732490000038524,14
41,0,8,A,13.883144000000357,419,29.999535007650223,3.903516794834797,3.8829783356499457,3.8799899429723443,0.9947384729554569,0.9939729087643266,0.1444043321299639,0.16507177033492823,1,0.03314400000035711,9
41,0,9,B,18.31725649999953,551,30.000030000149295,3.4383989819714342,3.423471452837549,3.425231812221477,0.9956585814467271,0.9961705521031745,0.31693989071038253,0.3527272727272727,1,0.017256499999529495,14
41,0,10,A,16.051306399999703,483,30.000615012679535,4.276457974250021,4.235000685685287,4.261395292053203,0.9903056948497185,0.9964777668136774,0.27414330218068533,0.3029045643153527,1,0.001306399999702279,12
41,0,11,B,18.82869959999971,568,30.000570010968605,3.7342157888284797,3.72180113048472,3.7175713592392956,0.9966754309215605,0.9955427242209787,0.3537234042553192,0.37918871252204583,1,0.02869959999970817,14
41,0,12,A,16.005506099999366,481,29.9998500007265,3.844767373798865,3.8239610425985573,3.8275132996652697,0.9945884031002507,0.9955123229948377,0.309375,0.3229166666666667,1,0.005506099999365688,12
41,0,13,B,23.68255379999937,715,30.00327035629344,5.195868052101666,5.150667885860001,5.146611041609997,0.9913007478657233,0.9905199650957756,0.427061310782241,0.45518207282913165,3,0.032553799999369915,19
41,0,14,A,13.035480799999277,392,30.001740100969215,3.3636410905809373,3.3176874174549047,3.335407348706525,0.9863381163778994,0.9916061966440254,0.28076923076923077,0.2966751918158568,1,0.035480799999277224,9
41,0,15,B,21.602607300000273,649,29.999265018031082,4.620626129944917,4.593642546134211,4.606967101022814,0.9941601888895893,0.997043900861491,0.37037037037037035,0.39197530864197533,2,0.0026073000002710955,17
41,0,16,A,13.652982800000245,412,30.00048000795177,3.6901086086871917,3.6747675310912995,3.679943022802563,0.9958426487611296,0.9972451797595613,0.31135531135531136,0.3381995133819951,1,0.0029828000002449784,9
41,0,17,B,19.090458300000137,575,30.000120000466055,4.32007068694716,4.290168102305058,4.278917551335661,0.9930782186660856,0.9904739670728444,0.3989501312335958,0.4163763066202091,1,0.04045830000013595,15
41,0,18,A,15.715793699999267,474,29.999490008770046,3.895545258266827,3.8673711139406266,3.872781061530726,0.9927675992811503,0.9941563516204074,0.267515923566879,0.28964059196617337,1,0.01579369999926783,11
41,0,19,B,21.988891599999988,661,30.0009300292549,3.921346600055638,3.8783765565532264,3.8944786306243384,0.9890420184990019,0.9931482798712773,0.46697038724373574,0.47878787878787876,1,0.03889159999998881,18
42,1,0,A,21.786727300001075,660,30.001830110728267,3.9809322724101768,3.941513885114386,3.9494781413520808,0.9900982019792248,0.9920988027663549,0.4413793103448276,0.48254931714719274,0,0.03672730000107549,17
42,1,1,B,25.006722199999786,747,30.000435006236575,1.6979505836469841,1.6923916896305076,1.6887006352866392,0.9967261155477583,0.9945522864743935,0.716,0.7359249329758714,0,0.006722199999785516,21
42,1,2,A,20.717802400000437,628,30.0009300292549,4.350400421589075,4.306016957038096,4.315237288623394,0.989797843818991,0.9919172651806527,0.4975845410628019,0.5247208931419458,14,0.017802400000437757,16
42,1,3,B,25.0211462999996,753,30.000795021282634,2.549553197432564,2.530476138195545,2.5305527844215043,0.9925174892384164,0.9925475518494011,0.65,0.6715425531914894,1,0.02114629999960016,21
42,1,4,A,17.111292100000355,518,30.003900507185705,4.277131381016352,4.229086419172633,4.240204133822299,0.9887670128495558,0.9913663519063384,0.39766081871345027,0.42359767891682787,0,0.011292100000353855,13
42,1,5,B,25.023943099999087,758,30.000210001322824,2.6661189243088,2.6543649150530837,2.653641558893398,0.995591340975623,0.9953200266868678,0.66,0.6763540290620872,0,0.02394309999908728,21
42,1,6,A,22.526216199999908,681,30.00138006405929,4.26218845974824,4.228451458382118,4.228980939300982,0.9920845824428621,0.9922088099198647,0.4888888888888889,0.5308823529411765,0,0.026216199999907985,18
42,1,7,B,25.021734999998444,753,30.00156008061546,3.456384026714416,3.447624028666233,3.442192548886881,0.9974655599665787,0.9958941258500651,0.646,0.6622340425531915,0,0.021734999998443527,21
42,1,8,A,16.238172600000325,492,30.000840023259318,3.7886452403674973,3.7214920358425267,3.729464953655828,0.9822751405147512,0.9843795650009373,0.2993827160493827,0.34826883910386963,0,0.038172600000326184,12
42,1,9,B,25.01226929999939,751,29.999805001310616,3.2141641812942616,3.2043568348677267,3.1987321385314043,0.9969487101861157,0.9951987384923681,0.522,0.5626666666666666,0,0.01226929999938875,21
42,1,10,A,16.744226400000116,503,29.99841008514598,5.4999211117195355,5.416444761035137,5.424394741598054,0.984822263994565,0.9862677357388734,0.25149700598802394,0.28884462151394424,0,0.044226400000116683,12
42,1,11,B,25.007941599998958,761,30.003090318803267,4.680706790493028,4.6619469867817225,4.6595421125020735,0.9959921002209733,0.9954783157889868,0.546,0.5842105263157895,0,0.007941599998957827,21
42,1,12,A,21.87014690000069,659,30.000300002719598,4.878177967783113,4.843405246324277,4.843260802836376,0.9928717808803851,0.9928421707495421,0.3501144164759725,0.3829787234042553,0,0.020146900000689527,17
42,1,13,B,25.009647800001403,753,29.999220019960863,3.3774908516289575,3.366117950139152,3.3570406594854783,0.9966327365522484,0.9939451524691425,0.618,0.6449468085106383,1,0.009647800001403084,21
42,1,14,A,16.82919530000072,518,30.003630438984015,4.515012738038411,4.4863525187957505,4.476967045453723,0.9936522395604331,0.9915735137878663,0.3273809523809524,0.3829787234042553,0,0.029195300000719016,12
42,1,15,B,25.0106667,754,30.001830110728267,3.8461719102764196,3.83473932969384,3.8277838435104066,0.9970275430091845,0.9952191250950373,0.558,0.5856573705179283,0,0.010666700000001583,21
42,1,16,A,17.471215600000505,530,30.001830112365557,4.452192328143796,4.397370113947994,4.407987652513599,0.9876864676646486,0.9900712565019341,0.3553008595988539,0.3856332703213611,0,0.02121560000050593,13
42,1,17,B,25.007276600001205,752,30.000210001322824,4.69062037650561,4.664104453755506,4.663177568757737,0.9943470328822779,0.9941494289571314,0.476,0.4966711051930759,0,0.0072766000012052245,21
42,1,18,A,19.808139499999015,597,30.001965128835472,4.582962198186824,4.547709082404856,4.549874693617373,0.9923077882257211,0.9927803234810575,0.3611111111111111,0.3959731543624161,0,0.008139499999014532,15
42,1,19,B,24.99909750000006,754,30.000030000149295,3.5522476598475112,3.5414927659576287,3.530753583721644,0.9969723693504118,0.9939491617184175,0.5831663326653307,0.6148738379814077,0,0.04909750000006241,21
45,1,0,A,25.022831000038423,752,30.00120002919813,3.6528938082448636,3.643568228690887,3.6372788073262328,0.9974470707215939,0.9957253066367857,0.372,0.41278295605858856,0,0.022831000038422644,21
45,1,1,B,24.995594499981962,751,30.001560117453824,3.6524064436841632,3.6362647988403256,3.6313358869632717,0.9955805452945277,0.9942310482018432,0.45490981963927857,0.47333333333333333,0,0.045594499981962855,21
45,1,2,A,25.014355499995872,753,30.00264022450165,3.8124863860534686,3.793327994355157,3.795426402527567,0.994974830134897,0.995525234243902,0.48,0.5066489361702128,0,0.014355499995872378,21
45,1,3,B,25.012639499967918,748,29.99976007692542,2.535434194437874,2.524572961212028,2.5221407140184824,0.995716223576351,0.9947569215369286,0.518,0.5435073627844712,1,0.0126394999679178,21
45,1,4,A,24.997302500065416,751,30.00156006506148,3.5865140804679108,3.575147791935369,3.5707367230951466,0.9968308256213346,0.9956009213908604,0.5070140280561122,0.5293333333333333,0,0.04730250006541681,21
45,1,5,B,25.01245099992957,751,30.003360374006647,2.933614194515271,2.9242399138330155,2.9183700132014097,0.9968045284551112,0.9948036175505416,0.564,0.5853333333333334,1,0.012450999929569662,21
45,1,6,A,24.99451410002075,752,30.00093011275169,3.8983406812881514,3.8620381472794265,3.86288911044671,0.9906876958745614,0.9909059844329134,0.5370741482965932,0.5552596537949401,1,0.04451410002075207,21
45,1,7,B,25.018920800066553,749,30.00124503320848,2.8504968790511764,2.8423748915490883,2.839206341308865,0.9971506765849217,0.996039098367275,0.594,0.6149732620320856,0,0.018920800066553056,21
45,1,8,A,22.769801100017503,684,29.99643047441801,3.9463879556710935,3.8154530185413122,3.865314718146611,0.9668215749184965,0.9794563437667153,0.3802197802197802,0.41142020497803805,0,0.019801100017502904,18
45,1,9,B,25.00464100006502,753,30.001605070151996,5.665547354664616,5.648579010226964,5.640381655453659,0.9970049946853446,0.9955581168710491,0.302,0.32978723404255317,1,0.004641000065021217,21
45,1,10,A,22.215423400048167,667,30.0011550253228,4.546155310170899,4.512922573436079,4.520926624707117,0.9926899248997344,0.9944505447477039,0.32882882882882886,0.35285285285285284,0,0.015423400048167224,18
45,1,11,B,25.003204399952665,750,29.999310087446453,4.612985291754578,4.597494543516262,4.588300918619934,0.9966419255084111,0.9946489373857823,0.388,0.4259012016021362,1,0.0032043999526649714,21
45,1,12,A,24.99430499994196,752,29.999939971723567,4.206034217508563,4.18502161003725,4.181030712880364,0.9950041758139191,0.9940553254359853,0.4529058116232465,0.4806924101198402,1,0.04430499994196069,21
45,1,13,B,24.994370499975048,753,30.001020014506913,2.9653449065098823,2.9600016557921096,2.951722092718115,0.9981981014397204,0.9954059934944294,0.6072144288577155,0.6436170212765957,0,0.044370499975048716,21
45,1,14,A,23.363008100073785,700,29.998320053347268,4.8284782756293465,4.804248957349349,4.801720103778937,0.9949819970398771,0.9944582598651287,0.35974304068522484,0.38197424892703863,0,0.013008100073783169,19
45,1,15,B,24.996429699938744,751,29.99985002405481,3.437589368828247,3.4261745738423626,3.4182045362330613,0.9966794186968947,0.9943609225781981,0.40080160320641284,0.44666666666666666,0,0.04642969993874502,21
45,1,16,A,24.996991099906154,749,30.001110021582488,4.161294849088421,4.151982190100882,4.1462818395887835,0.9977620766311287,0.9963922264477544,0.4148296593186373,0.45187165775401067,0,0.04699109990615469,21
45,1,17,B,25.014833899913356,752,30.0009300079714,3.520576443811611,3.506923986924897,3.503509540541429,0.9961220961667479,0.9951522418153477,0.458,0.4980026631158455,0,0.014833899913355708,21
45,1,18,A,25.02596200001426,752,30.00120002919813,4.335819774865101,4.287220950955246,4.28959293478803,0.9887913182665976,0.9893383852472261,0.476,0.5099866844207723,0,0.02596200001426041,21
45,1,19,B,25.00719349994324,751,30.0028202586369,4.494366068518484,4.458189356741548,4.4480541082574225,0.9919506530564253,0.9896955522636528,0.332,0.36933333333333335,0,0.007193499943241477,21
46,1,0,A,25.000712199951522,755,30.002145141770217,7.52792866814673,7.501849930053171,7.4854892875966055,0.9965357352276852,0.9943624093132417,0.232,0.27453580901856767,3,0.0007121999515220523,21
46,1,1,B,25.00973300007172,750,30.00074999652055,8.066724765151795,8.005149326405641,8.00517527813092,0.9923667361241629,0.9923699532570185,0.25,0.2910547396528705,0,0.009733000071719289,21
46,1,2,A,24.99988660006784,751,30.001830150023235,12.237252260138492,12.08350464874393,12.096560554398916,0.9874361001860378,0.9885029986512689,0.12224448897795591,0.156,0,0.04988660006783974,21
46,1,3,B,25.020309500047006,749,29.99859013235835,11.804536328874187,11.68111208809778,11.595077085904045,0.9895443380969985,0.9822560380912378,0.216,0.26336898395721925,0,0.020309500047005713,21
46,1,4,A,25.02728839998599,753,30.000795051570414,9.386502934766789,9.34215906152026,9.303170077651522,0.9952757833716449,0.9911220549661143,0.2,0.24069148936170212,0,0.02728839998599142,21
46,1,5,B,24.99995849991683,754,30.00228016271293,9.295863273484517,9.206329127083519,9.185663894873054,0.9903683881994709,0.9881453313834987,0.22044088176352705,0.249667994687915,0,0.04995849991682988,21
46,1,6,A,20.170511900098063,607,30.000390032487648,8.54552818834183,8.484615765448362,8.452356889633675,0.9928720119399328,0.9890970696421945,0.23821339950372208,0.26897689768976896,0,0.020511900098064473,16
46,1,7,B,24.99433549994137,752,29.99958007951388,11.255670755715741,11.121151497866562,11.05953203276778,0.98804875686499,0.9825742306074154,0.156312625250501,0.19174434087882822,0,0.04433549994137209,21
46,1,8,A,24.99925589992199,751,30.000615041739085,11.354691209953288,11.248263621683819,11.243159166534262,0.9906269940501617,0.9901774481263517,0.16432865731462926,0.20533333333333334,0,0.04925589992199164,21
46,1,9,B,25.002056600060314,753,30.003135375970494,9.22066967135838,9.113989174058528,9.096938293622124,0.9884302874842998,0.9865810855234739,0.204,0.24335106382978725,0,0.00205660006031394,21
46,1,10,A,25.0142209000187,752,30.002100135059376,10.383816754870868,10.236744377443323,10.222274428378562,0.985836385512239,0.9844428758417246,0.256,0.30758988015978694,0,0.014220900018699467,21
46,1,11,B,25.01825550000649,752,30.001470055285516,13.661756068620486,13.491335443699604,13.522824834925316,0.9875257160159433,0.98983064600207,0.18,0.21837549933422104,0,0.018255500006489456,21
46,1,12,A,25.017585499910638,755,29.999085045385538,10.372690740979046,10.328258245902797,10.273410783632592,0.9957163964311873,0.9904287171163572,0.198,0.23342175066312998,0,0.017585499910637736,21
46,1,13,B,25.00100199994631,750,29.998590027594407,8.22075777967316,8.137578630313172,8.133650868427694,0.9898818148412474,0.9894040289739652,0.272,0.3204272363150868,0,0.0010019999463111162,21
46,1,14,A,25.019221500027925,754,30.000389980099392,8.195778168768111,8.127120834977582,8.103695646272623,0.9916228413731153,0.9887646394766528,0.278,0.3147410358565737,0,0.019221500027924776,21
46,1,15,B,25.005459200008772,754,30.00471074751319,11.458922464509605,11.352184455235669,11.292105457430631,0.9906851617501974,0.9854421733286322,0.204,0.23771580345285526,0,0.005459200008772314,21
46,1,16,A,25.017763399984688,757,29.998545031549096,7.330563184922289,7.25227450074425,7.243338025996929,0.9893202360851258,0.9881011653913894,0.242,0.2830687830687831,0,0.017763399984687567,21
46,1,17,B,25.015127000049688,752,30.002100135059376,9.110847764934455,9.05418865413413,9.018136416488346,0.9937811373582167,0.9898240700714007,0.196,0.23834886817576564,0,0.015127000049687922,21
46,1,18,A,25.00308169994969,755,30.001740086233692,5.7869489286929205,5.724606141418889,5.71963652343566,0.9892270023388451,0.9883682392765708,0.37,0.41379310344827586,0,0.0030816999496892095,21
46,1,19,B,24.99504639999941,753,30.00358542781683,9.474362091582062,9.385758381783829,9.30701124200176,0.9906480553580533,0.982336451999339,0.3667334669338677,0.4095744680851064,0,0.045046399999410625,21
47,1,0,A,14.784471299964935,451,30.001470055285516,3.904408536382855,3.888586716331145,3.8843619950360075,0.9959477037548002,0.994865665014292,0.3898305084745763,0.4288888888888889,1,0.03447129996493459,10
47,1,1,B,25.005595299997367,757,30.001470055285516,2.971858793363015,2.959688985745177,2.9555382584020995,0.9959049845689113,0.9945083073942262,0.69,0.7116402116402116,1,0.005595299997366965,21
47,1,2,A,18.039903600001708,543,30.000795051570414,3.6686296163169825,3.6358235470949736,3.6398816582916567,0.9910576774836857,0.9921638428972325,0.4527777777777778,0.46863468634686345,1,0.03990360000170767,14
47,1,3,B,21.450187499984168,650,30.001020014506913,4.368891768846823,4.355810005903624,4.3535203387096395,0.9970057022157242,0.9964816180050986,0.45454545454545453,0.47919876733436056,1,0.00018749998416822677,17
47,1,4,A,20.520511099952273,621,30.002955285656252,4.647331863186764,4.602041037939296,4.60504552637852,0.990254445651658,0.9909009431533802,0.5170731707317073,0.5387096774193548,2,0.02051109995227307,16
47,1,5,B,25.024772699922323,754,30.001290037353847,5.6581691378856895,5.630934432403905,5.623689704813433,0.995186657588684,0.993906256205494,0.456,0.48871181938911024,1,0.024772699922323227,21
47,1,6,A,16.235082399914972,489,30.00025502855688,4.206792026701845,4.182290792125443,4.1733253290839745,0.9941757913343742,0.9920446037252503,0.4660493827160494,0.5,1,0.035082399914973195,12
47,1,7,B,25.02184129995294,753,30.003405384498585,6.838936082302251,6.823493512250296,6.794291063354811,0.9977419630968746,0.9934719350480593,0.504,0.5372340425531915,1,0.021841299952939153,21
47,1,8,A,16.920158500084653,512,29.995800528013916,6.510852613466829,6.4143155171298005,6.438582705119956,0.9851728948467741,0.9889000853440618,0.3076923076923077,0.36007827788649704,1,0.020158500084654918,12
47,1,9,B,25.007819700054824,753,29.99935498101759,5.15150657117259,5.1215851060591895,5.120702595991548,0.9941917059213632,0.9940203948581919,0.486,0.5186170212765957,1,0.007819700054824352,21
47,1,10,A,19.347569299978204,588,30.00056998722989,5.353932171548102,5.2708707157450245,5.276154570735702,0.9844858968807106,0.9854728079623932,0.41450777202072536,0.4497444633730835,1,0.04756929997820336,15
47,1,11,B,22.9137744999025,689,30.002955285656252,5.680475425922321,5.6580986578492585,5.651650477096934,0.9960607578775981,0.994925609801277,0.48034934497816595,0.5058139534883721,1,0.013774499902503123,18
47,1,12,A,15.957022899994627,479,30.001065017977194,3.90152306604325,3.8727787052796403,3.883095861352748,0.9926325283031683,0.9952769202235706,0.4169278996865204,0.4435146443514644,1,0.007022899994627352,12
47,1,13,B,24.99550379998982,756,30.001470055285516,4.71161753166967,4.694429053644812,4.676732071539329,0.9963518944588936,0.9925958633323154,0.5190380761523046,0.5576158940397351,1,0.04550379998982024,21
47,1,14,A,15.214155399939045,459,30.002505200318115,4.653726117195748,4.625284627113746,4.615408983212912,0.993888447801664,0.9917663538811938,0.3256578947368421,0.35152838427947597,1,0.01415539993904602,11
47,1,15,B,25.00859510002192,759,30.001965115737033,4.076228752914422,4.061992128727654,4.054754180575349,0.9965074030311502,0.9947317548546022,0.526,0.558047493403694,1,0.008595100021921098,21
47,1,16,A,17.022650900064036,513,29.997960147623008,11.486028732629759,11.35965693594126,11.271135250012204,0.98899778159796,0.9812908806324783,0.3411764705882353,0.37109375,1,0.02265090006403625,13
47,1,17,B,24.993975099991076,754,29.99976007692542,5.724540347591294,5.711025970395016,5.697280686303305,0.9976392205529717,0.9952381047852237,0.5070140280561122,0.5418326693227091,1,0.043975099991076405,21
47,1,18,A,19.467786299996078,588,30.001470055285516,5.559271748949592,5.530388446167545,5.527081633487011,0.9948044808589355,0.9942096524659614,0.46272493573264784,0.4855195911413969,1,0.017786299996078725,15
47,1,19,B,25.015155200031586,753,30.0006599916052,6.083532000126617,6.067820666821978,6.021772025377351,0.9974173994146309,0.9898480069229553,0.552,0.589095744680851,1,0.015155200031585991,21
48,1,0,A,25.0219620000571,754,29.999039995471684,2.3832493142784594,2.3753071632335523,2.373323441278734,0.9966675114528202,0.9958351512196992,0.688,0.7078353253652059,2,0.02196200005710125,21
48,1,1,B,25.007109199883416,745,30.000029972318703,3.2217289728073424,3.2150213501161535,3.208220612476011,0.9979180052860425,0.9958071084050374,0.58,0.603494623655914,2,0.007109199883416295,21
48,1,2,A,24.996005499968305,751,30.0009300079714,4.36988781756334,4.352894361824449,4.347486799987438,0.9961112375309518,0.9948737774260775,0.4749498997995992,0.5093333333333333,1,0.04600549996830594,21
48,1,3,B,24.99592600017786,751,29.999085150152936,2.1860559775270207,2.181962101363307,2.1805055222855136,0.9981272775236318,0.9974609729583476,0.7234468937875751,0.74,4,0.04592600017786097,21
48,1,4,A,23.935734499944374,719,30.000479983394627,4.477306683193788,4.428810099258754,4.448664723060262,0.9891683578171955,0.9936028594509646,0.3577405857740586,0.3746518105849582,14,0.035734499944375386,19
48,1,5,B,25.017373400041834,752,30.000299977344188,1.9239468324031237,1.9178543809783142,1.9162849900030656,0.9968333576987678,0.996017643382334,0.682,0.7070572569906791,6,0.01737340004183352,21
48,1,6,A,25.01710409997031,752,29.998860006700937,6.205186344492805,6.18240057512703,6.181886282873666,0.9963279476069243,0.9962450665740573,0.406,0.4394141145139814,5,0.017104099970310926,21
48,1,7,B,25.023786599980667,752,30.000390084875907,2.425208540894052,2.4099800341806126,2.4092694110850226,0.9937207434096265,0.9934277281560483,0.61,0.62982689747004,5,0.023786599980667233,21
48,1,8,A,25.022029999876395,752,30.000210079904264,3.773414353993114,3.7407285951677522,3.7358094366274637,0.9913378824165512,0.9900342464839951,0.324,0.3581890812250333,12,0.022029999876394868,21
48,1,9,B,25.023110500071198,752,29.99822995824997,2.3433539611234413,2.328259766931787,2.3172073659973944,0.993558722053062,0.9888422340116677,0.466,0.5126498002663116,5,0.023110500071197748,21
48,1,10,A,25.00025360006839,748,30.00138004604964,4.2759729184519095,4.240997252407386,4.254536488511764,0.9918204191861003,0.9949867713502951,0.382,0.4149933065595716,12,0.0002536000683903694,21
48,1,11,B,25.000902000116184,752,29.999670077949656,3.5136145362108735,3.4998102619561227,3.4964183103478996,0.9960712041367983,0.9951058302822487,0.402,0.4394141145139814,11,0.0009020001161843538,21
48,1,12,A,21.713448100024834,653,30.002235103202292,4.976501855508186,4.941642612766479,4.936920445046944,0.9929952316398469,0.9920463386510282,0.2695852534562212,0.3052147239263804,14,0.013448100024834986,17
48,1,13,B,24.99678730010055,751,30.000389980099392,3.0136749902967432,2.9972233311603436,2.9967751548599586,0.9945409975563491,0.9943922833446879,0.533066132264529,0.572,7,0.046787300100550766,21
48,1,14,A,25.005093700019643,751,30.00061514651717,3.663476478790269,3.653055453111103,3.6450890279199317,0.9971554271633792,0.9949808737747351,0.532,0.5493333333333333,12,0.005093700019642711,21
48,1,15,B,24.985146899940446,752,30.001109916800946,4.505527924604758,4.487294279785723,4.477808780973927,0.9959530503141573,0.9938477479010935,0.4709418837675351,0.4993342210386152,9,0.03514689994044673,21
48,1,16,A,20.432136800140142,611,29.999489976847865,4.0353134197994,4.00238876164592,3.999343510146052,0.9918408671822283,0.9910862166301977,0.37745098039215685,0.3950819672131147,14,0.03213680014014386,16
48,1,17,B,25.02236569998786,752,29.998680020089978,4.382552401364661,4.340565535356152,4.342697281358118,0.9904195404496624,0.990905956995715,0.34,0.36750998668442075,10,0.022365699987858534,21
48,1,18,A,20.502821799833328,614,30.00255031303586,4.589435814254008,4.563050132660379,4.56590472337721,0.9942507788186775,0.9948727704604313,0.275609756097561,0.3181076672104405,14,0.002821799833327532,16
48,1,19,B,25.02195640001446,752,30.00138004604964,2.5566890126685324,2.535542969501973,2.5314945606791177,0.991729129721378,0.9901456720529658,0.574,0.6098535286284953,5,0.021956400014460087,21
49,1,0,A,24.992636899929494,751,30.00056998722989,5.015387788532028,4.998391731173941,4.980932416782846,0.9966112177014608,0.9931300682615278,0.3907815631262525,0.4226666666666667,0,0.042636899929494376,21
49,1,1,B,24.997596299974248,755,29.99949008161809,2.5214200126250943,2.5088590395594013,2.503456546075454,0.9950182940554138,0.9928756548057465,0.4729458917835671,0.5145888594164456,0,0.047596299974248524,21
49,1,2,A,25.001484300009906,760,30.001470160069577,4.507685840131415,4.4117850153012075,4.480555972088468,0.9787250424649355,0.9939814199557981,0.456,0.4927536231884058,0,0.001484300009906292,21
49,1,3,B,25.004468000028282,757,30.00011997345385,4.847283215644999,4.820841991055417,4.822777445217988,0.9945451455148648,0.9949444318937428,0.364,0.3941798941798942,0,0.004468000028282404,21
49,1,4,A,25.004865600029007,754,30.002100135059376,3.3738155833442502,3.3105900482054667,3.349155731628763,0.9812599314998385,0.992690812195774,0.518,0.548472775564409,0,0.0048656000290066,21
49,1,5,B,25.00055929995142,759,30.00309041868636,3.20228693779895,3.1931910488944495,3.1896699767603662,0.9971595646857454,0.9960600154565612,0.534,0.5817941952506597,0,0.0005592999514192343,21
49,1,6,A,25.013807699782774,754,30.001200238762475,6.135405034525426,6.11328205815099,6.103551592931129,0.9963942109363694,0.9948082577409234,0.336,0.3745019920318725,1,0.013807699782773852,21
49,1,7,B,25.014630100224167,750,29.999400189031885,2.552743162438754,2.5446481478500678,2.5386962515680462,0.9968288957903024,0.9944973270020286,0.636,0.6688918558077437,0,0.014630100224167109,21
49,1,8,A,25.02154290000908,755,30.001244980817237,4.266296964733453,4.235143993489245,4.233609374710019,0.9926978896448776,0.9923381822002454,0.496,0.5291777188328912,0,0.021542900009080768,21
49,1,9,B,25.003153099911287,756,30.00075010129958,2.943705107336924,2.9343058901018324,2.9270453575690047,0.9968070112690076,0.9943405507139977,0.534,0.5629139072847682,0,0.003153099911287427,21
49,1,10,A,25.016180999809876,756,29.998769908360288,4.610615789475133,4.593159156616299,4.590717096069151,0.9962138174907821,0.9956841571029609,0.468,0.5006622516556292,0,0.016180999809876084,21
49,1,11,B,25.01883429987356,760,29.999939971723567,3.616363571859754,3.606363706341861,3.603986768954255,0.9972348284902255,0.9965775556966099,0.514,0.5428194993412385,0,0.018834299873560667,21
49,1,12,A,25.004443400073797,753,30.002325117568883,7.1481512851525455,7.118016331348095,7.111283914956237,0.9957842311106307,0.9948423908888322,0.338,0.3816489361702128,0,0.004443400073796511,21
49,1,13,B,25.01672530011274,759,30.001290142136646,4.185894884567346,4.168206056812712,4.164047984033684,0.9957741825243035,0.9947808291569367,0.408,0.44063324538258575,0,0.016725300112739205,21
49,1,14,A,25.013217099942267,760,29.999579974743025,7.987374295447793,7.945056789497723,7.934239977601502,0.9947019503049722,0.9933477115406281,0.256,0.310935441370224,0,0.013217099942266941,21
49,1,15,B,24.996970999985933,757,30.002325117568883,4.831254947153307,4.803770585443598,4.788799599639661,0.9943111340613676,0.9912123562142664,0.3527054108216433,0.3915343915343915,0,0.046970999985934014,21
49,1,16,A,25.0194930001162,753,30.000705046384727,7.231284582049366,7.200450326624434,7.168884233603958,0.9957359919838484,0.9913707795983707,0.25,0.2898936170212766,0,0.019493000116199255,21
49,1,17,B,25.01539000007324,753,30.000479983394627,5.339865813884215,5.307854829403127,5.2981271072974705,0.9940052829796105,0.9921835663963279,0.208,0.2393617021276596,0,0.015390000073239207,21
49,1,18,A,24.993545999983326,756,30.001109916800946,5.8921672981303255,5.854715587063552,5.849276222296055,0.993643814037891,0.9927206622514129,0.32064128256513025,0.34966887417218545,0,0.04354599998332631,21
49,1,19,B,25.009857499971986,759,30.000705046384727,3.586396718923651,3.565942412971586,3.5596553283700105,0.9942966973385466,0.9925436607688883,0.364,0.4102902374670185,0,0.009857499971985817,21
50,1,0,A,25.004484300035983,760,30.001829992843373,1.8192528633385647,1.8134383464668962,1.8102439006841664,0.9968038984635714,0.9950479876459473,0.716,0.7391304347826086,2,0.004484300035983324,21
50,1,1,B,24.998525300063193,767,30.000299977344188,1.9782189645759358,1.9699119303704304,1.969696463943925,0.9958007509005525,0.995691831498624,0.7094188376753507,0.7349869451697127,4,0.048525300063193555,21
50,1,2,A,25.014815400121734,762,30.00120002919813,3.3128125822377266,3.3009302320593066,3.3003597955314157,0.9964132138829316,0.9962410228779379,0.518,0.557161629434954,5,0.014815400121733546,21
50,1,3,B,25.02441389998421,752,29.99895010558279,3.1914249522924347,3.178228975600729,3.173264452412165,0.9958651771891966,0.9943095951959564,0.57,0.6058588548601864,7,0.02441389998421073,21
50,1,4,A,22.620735900010914,683,30.00011997345385,3.9063886459814547,3.8461857024701525,3.866361971140999,0.9845885934638803,0.9897535349224323,0.5221238938053098,0.5469208211143695,2,0.02073590001091219,18
50,1,5,B,24.996295699849725,755,30.000345031042386,3.070802510090677,3.0515614154271558,3.0537300869671657,0.9937341803648087,0.9944404034230756,0.6533066132264529,0.6737400530503979,8,0.04629569984972548,21
50,1,6,A,25.017145100049675,762,30.00120002919813,3.9015463100647185,3.8592099607654275,3.874171437474814,0.9891488281991997,0.9929835838371863,0.614,0.6412614980289093,12,0.01714510004967451,21
50,1,7,B,24.998150599887595,755,30.000525037633484,1.563690053997676,1.5590976483301544,1.5576462160727063,0.9970630972194389,0.9961348875312481,0.749498997995992,0.7705570291777188,5,0.04815059988759529,21
50,1,8,A,25.015610500006005,755,29.999129990666987,2.8058501431258502,2.7998917975588693,2.7962192058780286,0.9978764562385563,0.9965675510962634,0.63,0.6538461538461539,12,0.015610500006005168,21
50,1,9,B,25.00326589983888,755,30.001515007713802,1.9589756948327748,1.9531335196358686,1.9495131561897967,0.9970177398258099,0.995169649798138,0.722,0.7453580901856764,8,0.0032658998388797045,21
50,1,10,A,25.020775800105184,772,30.00264022450165,2.930871468892426,2.914660030295026,2.9161759136549668,0.9944687309663818,0.9949859434664965,0.718,0.7380025940337225,9,0.020775800105184317,21
50,1,11,B,25.024752400116995,763,30.00156006506148,3.3039375371443236,3.297414164236659,3.28977608030298,0.9980255761998142,0.995713763749425,0.636,0.65748031496063,8,0.024752400116994977,21
50,1,12,A,22.883794599911198,694,30.001110126364033,3.663952778046507,3.648205414701334,3.642703901919636,0.9957020834330816,0.9942005595011516,0.5426695842450766,0.5670995670995671,14,0.0337945999111966,18
50,1,13,B,25.022166300099343,766,29.99958018428474,2.277670892722578,2.2737905588067413,2.2647738130856374,0.9982963588250459,0.9943376017676002,0.748,0.7699346405228759,2,0.02216630009934306,21
50,1,14,A,21.17669859994203,639,30.000885162076127,3.939134008717367,3.9113166195071285,3.910769332240415,0.9929381967841973,0.9927992608491661,0.37115839243498816,0.4012539184952978,4,0.026698599942029944,17
50,1,15,B,25.0014984998852,760,29.999579974743025,2.168784506675685,2.1614425335264604,2.1599376950767253,0.996614706013149,0.9959208434163337,0.728,0.7496706192358367,7,0.0014984998852014542,21
50,1,16,A,25.011036599986255,758,29.999670077949656,3.5310409277682706,3.5219605450122806,3.5198967699741415,0.9974284119210907,0.9968439454477882,0.562,0.5891677675033025,0,0.011036599986255169,21
50,1,17,B,25.004694000119343,758,30.00084000197595,2.651239037392319,2.6399331077499673,2.638178342989969,0.9957356053215511,0.9950737394032957,0.61,0.6380449141347424,0,0.0046940001193434,21
50,1,18,A,22.949229100020602,698,30.001289932571048,3.484376515387739,3.4636024042275135,3.459093021158486,0.9940379258474271,0.9927437536909126,0.5043668122270742,0.5308464849354376,0,0.04922910002060377,18
50,1,19,B,24.99891269998625,751,30.000300082120074,3.767205374477812,3.74789813381829,3.747204849423011,0.9948749168839253,0.9946908854000099,0.5470941883767535,0.568,1,0.04891269998624992,21
51,1,0,A,14.50229090009816,438,30.000929903191118,4.2247899540652485,4.182037456909055,4.197676809495663,0.9898805626738779,0.993582368623203,0.3448275862068966,0.3501144164759725,0,0.0022909000981599092,10
51,1,1,B,16.636365900048986,498,29.999579974743025,3.7181826207902002,3.6782346629554645,3.69005148907303,0.9892560527792887,0.9924341715869804,0.3192771084337349,0.3460764587525151,0,0.036365900048984656,12
51,1,2,A,15.556314900051802,470,30.001109916800946,5.1426931515869185,5.097635638648058,5.108017917954978,0.9912385375501246,0.9932573784571921,0.2347266881028939,0.27505330490405117,0,0.006314900051801686,11
51,1,3,B,25.00295009999536,756,30.000210079904264,4.056203057088012,4.047013827954874,4.043581663384856,0.9977345243806077,0.9968883723212277,0.608,0.6304635761589404,0,0.0029500999953597784,21
51,1,4,A,14.903249700088054,446,30.00138004604964,4.69195212723208,4.662963992853168,4.66552439395511,0.9938217327046743,0.9943674333070059,0.3422818791946309,0.3752808988764045,0,0.0032497000880535865,10
51,1,5,B,24.994177700020373,753,30.0028202586369,4.28995977828563,4.276853497159583,4.26972983940205,0.996944894170713,0.9952843523181785,0.48296593186372744,0.5093085106382979,0,0.04417770002037358,21
51,1,6,A,13.304806800093502,401,30.000480088171766,3.941926939148294,3.9147527603890278,3.9253626544195575,0.9931063717875153,0.9957979219340084,0.31203007518796994,0.34,0,0.004806800093501096,9
51,1,7,B,25.022380799986422,753,30.002055180877637,4.94368660370589,4.91656321069233,4.9130884904693595,0.9945135290345413,0.9938106689017071,0.476,0.49601063829787234,0,0.022380799986422062,21
51,1,8,A,19.199113899841905,577,30.001245085599724,5.088844395407391,5.001998157263927,5.010689497358555,0.9829339961304688,0.9846419163220299,0.4412532637075718,0.4548611111111111,0,0.04911389984190606,15
51,1,9,B,15.724334200145677,475,29.99966997317817,3.703402374905755,3.650171071609361,3.6610683141306923,0.9856263786897451,0.9885688735682846,0.2898089171974522,0.3059071729957806,0,0.024334200145677443,11
51,1,10,A,14.871517000021413,447,30.001740086233692,4.921457204515285,4.890614529760078,4.892810793022164,0.9937330198204487,0.9941792826184004,0.2053872053872054,0.226457399103139,0,0.021517000021413324,10
51,1,11,B,20.62193370005116,623,30.001244980817237,4.363183043768668,4.335043937346063,4.340030645411375,0.9935507847962527,0.9946936907929272,0.4199029126213592,0.43569131832797425,0,0.021933700051157246,16
51,1,12,A,15.638389699859545,471,30.003090313890983,5.400537997990997,5.250019876982435,5.312605618329002,0.9721290506492954,0.9837178481672184,0.2916666666666667,0.33404255319148934,0,0.03838969985954499,11
51,1,13,B,16.22495299996808,489,30.000435138844747,4.366490411985364,4.3538885891838355,4.346867364547332,0.9971139698905698,0.9955059909477485,0.3271604938271605,0.35655737704918034,0,0.024952999968082423,12
51,1,14,A,15.131519899936393,457,29.999400084262287,4.563853259936005,4.5389915429983265,4.533732246829027,0.9945524723251011,0.993400091678802,0.22185430463576158,0.2543859649122807,0,0.03151989993639326,11
51,1,15,B,25.000103699974716,751,30.001245085599724,6.038632634253315,6.014070216842377,6.012890581025497,0.9959324537691511,0.995737105602053,0.362,0.39066666666666666,0,0.00010369997471570969,21
51,1,16,A,13.789845900144428,415,29.99872506892268,4.92308113956984,4.840041512626339,4.8522392511879815,0.9831325902236182,0.9856102537468947,0.19636363636363635,0.2222222222222222,0,0.039845900144428015,9
51,1,17,B,20.008336699800566,600,30.000299977344188,4.1506134570417785,4.119881211990936,4.1286332770190715,0.992595734252559,0.9947043538864319,0.33,0.35058430717863104,0,0.008336699800565839,16
51,1,18,A,15.156233799876645,456,30.000299977344188,5.5256071546981715,5.465253473948705,5.496220191292389,0.9890774571807641,0.9946816770387312,0.2607260726072607,0.27912087912087913,0,0.006233799876644852,11
51,1,19,B,19.752089800080284,594,30.002460192527007,5.070870477043534,5.032758154292473,5.04247087718674,0.9924840670011984,0.9943994625803672,0.30632911392405066,0.3305227655986509,0,0.0020898000802844763,15
53,1,0,A,23.053867199923843,695,29.998185120426484,3.7135325026891532,3.693913287823359,3.700756261163644,0.9947168323283594,0.9965595449841204,0.49023861171366595,0.5187319884726225,3,0.003867199923842435,19
53,1,1,B,20.470281700138003,614,29.999939971723567,4.230078418396097,4.191031193180529,4.196101560194513,0.9907691486177286,0.9919677947212933,0.4718826405867971,0.4910277324632953,1,0.020281700138003345,16
53,1,2,A,20.032840500120074,602,29.998860006700937,3.3581484871836227,3.3210736854977156,3.318066866441971,0.9889597491512353,0.9880643691323885,0.4475,0.47420965058236275,2,0.03284050012007356,16
53,1,3,B,20.218666300177574,608,29.999759972153306,3.7769315757298356,3.7322065993916937,3.74719075965467,0.9881583832162754,0.9921256672304373,0.5198019801980198,0.5354200988467874,1,0.018666300177574868,16
53,1,4,A,21.661169200204313,652,30.001290142136646,5.020817367840083,4.976325132358679,4.956952348880954,0.9911384477423156,0.9872799557760844,0.4133949191685912,0.44086021505376344,2,0.011169200204314222,17
53,1,5,B,25.016253100009635,753,30.001424998208197,3.5848191747874214,3.561712659818375,3.5616730732989064,0.9935543429549926,0.9935433001331545,0.578,0.6090425531914894,1,0.01625310000963509,21
53,1,6,A,16.062881000107154,486,30.001020014506913,4.98520147761988,4.95237364924729,4.953655050668694,0.9934149445072654,0.9936719855570918,0.3956386292834891,0.43917525773195876,1,0.01288100010715354,12
53,1,7,B,17.064037900185212,513,29.998230167772824,4.058185027081143,4.043095687063479,4.033090268461719,0.9962817515916674,0.9938162606061673,0.3782991202346041,0.41796875,1,0.014037900185211782,13
53,1,8,A,13.036093400092795,392,30.00011997345385,4.2621369973602015,4.219700958611227,4.239608584095734,0.9900434831692981,0.9947142916151168,0.3192307692307692,0.33248081841432225,1,0.03609340009279549,9
53,1,9,B,18.19960630009882,547,30.000299977344188,4.781979156012162,4.706464215279944,4.713090311295179,0.984208433732448,0.985594072565044,0.349862258953168,0.38461538461538464,1,0.04960630009882294,14
53,1,10,A,17.570639899931848,526,29.999760181697532,5.028743787824405,4.977872560978434,4.98094296998638,0.9898839095821226,0.9904944813546157,0.35327635327635326,0.37142857142857144,1,0.02063989993184734,13
53,1,11,B,21.86076940014027,657,30.002730346092058,5.101970807767374,5.076539131148676,5.072307442605582,0.9950153229846043,0.9941859006490918,0.38672768878718533,0.4115853658536585,1,0.01076940014026917,17
53,1,12,A,15.450763500062749,465,29.99966997317817,4.460440114169272,4.43727734784167,4.440467689431465,0.994807067075282,0.9955223197203428,0.28802588996763756,0.31896551724137934,1,0.0007635000627495003,11
53,1,13,B,18.469463200075552,554,30.00084000197595,4.218743951171866,4.197155637768808,4.194875713215659,0.9948827628192365,0.9943423354836273,0.4010840108401084,0.4394213381555154,1,0.019463200075552578,14
53,1,14,A,18.743434100179,560,29.999940181270308,4.347196366197702,4.312189660429752,4.314919442633471,0.9919472913530776,0.9925752322082331,0.34759358288770054,0.3881932021466905,1,0.0434341001790024,14
53,1,15,B,22.579792000120506,680,30.002550103452656,4.069755795883527,4.055422783116027,4.052275635240139,0.9964781639276742,0.9957048625224469,0.4501108647450111,0.48159057437407954,1,0.02979200012050498,18
53,1,16,A,19.82978739985265,597,30.001470055285516,3.741521145939728,3.7275132975949634,3.7245851196052104,0.9962561087326833,0.9954734917500342,0.4065656565656566,0.4261744966442953,1,0.029787399852647667,15
53,1,17,B,25.011800799984485,752,30.001470160069577,4.062037622832118,4.0504103941465885,4.041025188155375,0.9971375871507999,0.9948271196311342,0.508,0.5446071904127829,2,0.011800799984484911,21
53,1,18,A,17.02880149986595,514,30.002370282140248,3.4926263893649674,3.472559821690151,3.4688844889545845,0.9942545908328704,0.9932022788115337,0.45294117647058824,0.4853801169590643,1,0.028801499865949154,13
53,1,19,B,21.71896420000121,653,30.000570092007663,3.989245177367704,3.9721500984627056,3.969920806527467,0.9957147083859412,0.9951558828848449,0.4308755760368664,0.4570552147239264,1,0.018964200001210685,17
54,1,0,A,24.23213510005735,728,30.00030018689596,4.394443136514676,4.370252564843396,4.363112606736213,0.9944951906487824,0.9928704209372677,0.40702479338842973,0.43191196698762035,0,0.03213510005734932,20
54,1,1,B,24.99816540000029,751,29.999445030487735,2.7240106246578746,2.71810745416884,2.7146437863388586,0.9978329120908712,0.9965613796678225,0.5811623246492986,0.5973333333333334,0,0.04816540000028979,21
54,1,2,A,25.008281300077215,752,30.002550103452656,3.722833557457961,3.7061284955795895,3.70447566240611,0.995512809901236,0.9950688380856901,0.57,0.59254327563249,0,0.008281300077214837,21
54,1,3,B,25.00032850005664,751,30.003360374006647,2.544040093284348,2.4916742302218573,2.5314808762640912,0.979416258729285,0.9950632786592436,0.626,0.6346666666666667,0,0.0003285000566393137,21
54,1,4,A,18.772611299995333,565,30.000525037633484,5.010982813497973,4.967259720530554,4.965632074071536,0.9912745474102119,0.9909497315967085,0.28,0.3191489361702128,0,0.022611299995332956,14
54,1,5,B,24.999098600121215,751,30.000344926266187,4.306906658324605,4.287398747389141,4.281506459454754,0.9954705517246913,0.9941024496500854,0.42084168336673344,0.444,0,0.049098600121215696,21
54,1,6,A,19.16099000000395,576,30.00309041868636,5.451047258757697,5.4190211327715,5.413268636175514,0.9941247755768869,0.9930694743984309,0.3185378590078329,0.34782608695652173,0,0.010990000003950229,15
54,1,7,B,23.06126460013911,690,30.000570092007663,4.013783395367886,3.979824550015375,3.9863264165985393,0.9915394424642592,0.9931593272319992,0.4229934924078091,0.444121915820029,0,0.01126460013911057,19
54,1,8,A,17.510089700110257,529,29.999894919241974,4.923595647012555,4.867175754946562,4.884836750414461,0.988540916819555,0.9921279285756109,0.3628571428571429,0.39204545454545453,0,0.010089700110256672,13
54,1,9,B,24.99360410007648,751,30.001020014506913,4.648917310220559,4.628943838867039,4.625125561001992,0.9957036294645188,0.9948823032050362,0.4148296593186373,0.44666666666666666,0,0.04360410007648241,21
54,1,10,A,24.713756599929184,740,30.000030077092703,5.107750730555416,5.0731345412359055,5.068634213420265,0.9932228115376831,0.9923417333384831,0.354251012145749,0.38836265223274696,0,0.013756599929184432,20
54,1,11,B,25.000826299889013,751,29.99989502401503,4.039192379349376,4.012958657233574,4.020320081164931,0.9935052060778476,0.9953277050429856,0.512,0.5333333333333333,0,0.0008262998890131712,21
54,1,12,A,15.3874776000157,462,30.00165018016285,4.478897296827849,4.399814904840904,4.42049709658931,0.9823433343642518,0.9869610316182287,0.254071661237785,0.279826464208243,0,0.03747760001570022,11
54,1,13,B,25.019435599911958,745,30.002055180877637,4.421696355458476,4.395663979268496,4.383148151211553,0.9941125816661194,0.99128203269785,0.432,0.4529569892473118,0,0.01943559991195798,21
54,1,14,A,14.8025362000335,445,30.004260609505252,4.470786044320771,4.443559623446505,4.453931241163195,0.9939101489974336,0.996230013471795,0.27364864864864863,0.29504504504504503,0,0.00253620003350008,10
54,1,15,B,23.322664899984375,701,30.000255133332452,4.801801866261955,4.759813482651576,4.762046729726333,0.9912557025925217,0.9917207878119783,0.4356223175965665,0.4585714285714286,0,0.022664899984373932,19
54,1,16,A,14.364574000006542,432,30.004170478721477,4.26960506166037,4.224383704130695,4.238689724227564,0.9894085385236804,0.992759204426092,0.32752613240418116,0.345707656612529,0,0.014574000006541965,10
54,1,17,B,22.096769799944013,663,30.000344926266187,4.37089540384397,4.244824811499537,4.2781876229682245,0.9711568041107641,0.9787897507695531,0.3356009070294785,0.3640483383685801,0,0.04676979994401265,18
54,1,18,A,17.23595939995721,518,29.999219986402252,5.101942635061248,4.991745043390454,5.0257348103090465,0.9784008563887995,0.9850629789075849,0.2877906976744186,0.30754352030947774,0,0.035959399957210536,13
54,1,19,B,24.994088100036606,751,30.001019909726,6.1337277062473134,6.104674326226159,6.093632514364192,0.9952633404330025,0.9934631607721542,0.3807615230460922,0.4186666666666667,0,0.0440881000366069,21
57,1,0,A,25.00719750020653,755,30.00138004604964,3.81032993639974,3.7967137211566078,3.7871253733827768,0.996426499681023,0.9939100908833925,0.31,0.3421750663129973,0,0.007197500206530094,21
57,1,1,B,24.999508399982005,754,30.002370282140248,3.167702389601891,3.157979684962782,3.1555608826885493,0.9969306761042249,0.9961670935523499,0.42084168336673344,0.4594953519256308,1,0.04950839998200607,21
57,1,2,A,18.982537699863315,572,30.001829992843373,4.860634474573088,4.821114766893909,4.805820726257711,0.9918694343534956,0.9887229231899419,0.2796833773087071,0.31523642732049034,1,0.03253769986331534,15
57,1,3,B,25.000095300376415,753,30.00192010956631,4.184621626708704,4.159915688168239,4.164966695830207,0.9940960161409151,0.9953030566125626,0.336,0.35904255319148937,1,9.530037641525269e-05,21
57,1,4,A,23.349630400072783,714,30.00156006506148,5.145048500184428,5.071157407804791,5.078090191647006,0.9856384070282354,0.98698587417883,0.3583690987124464,0.39691444600280507,0,0.04963040007278252,19
57,1,5,B,25.00492179999128,755,30.001290142136646,4.4203630358553285,4.394884146686211,4.37946098047196,0.9942360188603406,0.9907469013174721,0.416,0.4535809018567639,1,0.0049217999912798405,21
57,1,6,A,18.931185699999332,571,29.998860006700937,3.617093844594691,3.59817623179272,3.5850588489845823,0.9947699413908652,0.9911434436079171,0.30158730158730157,0.3508771929824561,1,0.03118569999933385,14
57,1,7,B,25.000245000235736,755,30.001200238762475,2.8574378853704454,2.842897036555841,2.836269586234521,0.9949112283808333,0.9925918602660438,0.514,0.5305039787798409,1,0.0002450002357363701,21
57,1,8,A,22.80903680017218,688,29.997330294102213,5.640461062140036,5.597367313859875,5.564868431234375,0.9923598890577553,0.9865981468406803,0.3092105263157895,0.34788937409024745,1,0.009036800172179227,18
57,1,9,B,25.01052510039881,755,29.99899515522667,4.13053444474547,4.108007218903934,4.109567770620684,0.9945461716533576,0.9949239803213703,0.426,0.46949602122015915,1,0.010525100398808718,21
57,1,10,A,25.00127189978957,758,30.001829992843373,7.1322867336214255,7.095549112677841,7.071370542467815,0.9948491104864862,0.9914590939163377,0.262,0.3011889035667107,0,0.001271899789571762,21
57,1,11,B,25.001287099905312,755,29.99958018428474,4.474726839076801,4.4327144720018685,4.451422957244857,0.9906111884399181,0.994792110743289,0.336,0.3660477453580902,1,0.0012870999053120613,21
57,1,12,A,23.005911900196224,699,29.999850076441177,5.626984519654913,5.603576018600524,5.592672819001611,0.9958399563793674,0.9939022933982753,0.3456521739130435,0.3753581661891118,0,0.005911900196224451,19
57,1,13,B,25.014544500038028,753,30.001740295805583,4.047467508322781,3.9756340097812015,3.999600118027726,0.9822522358996412,0.9881734960943785,0.364,0.4162234042553192,1,0.014544500038027763,21
57,1,14,A,22.26910259993747,669,30.001020014506913,6.085390198562557,6.038690807855578,6.038816615245077,0.9923259825281195,0.9923466562048098,0.3258426966292135,0.3502994011976048,1,0.019102599937468767,18
57,1,15,B,24.999257700052112,754,30.002010226830617,4.463921078540078,4.446351393954001,4.438579527830503,0.9960640691721586,0.9943230289551036,0.3587174348697395,0.40239043824701193,1,0.04925770005211305,21
57,1,16,A,18.116945300251245,546,30.00030018689596,5.077624927346514,5.036773259639331,5.034148334417864,0.991954571617299,0.9914376123579947,0.2569060773480663,0.28990825688073396,1,0.016945300251244078,14
57,1,17,B,25.003065399825573,746,29.999220195938936,4.380886618944034,4.359873647444754,4.350731568985167,0.9952034888535086,0.9931166787498062,0.39,0.43355704697986575,0,0.0030653998255729675,21
57,1,18,A,24.60077380016446,739,29.999310087446453,6.184082268009399,6.120030745061691,6.134999020988004,0.9896425176490536,0.9920629699130451,0.2682926829268293,0.3008130081300813,0,0.0007738001644597148,20
57,1,19,B,24.804804999846965,747,30.000345031042386,6.250931797256001,6.213426248592324,6.2081404566921865,0.9940000067381728,0.9931544061026871,0.33064516129032256,0.36193029490616624,1,0.004804999846964364,20
58,1,0,A,25.001720800064504,751,30.000390294428936,1.9845104636837587,1.9784705375236227,1.9734221068701776,0.9969564654504646,0.9944125480734436,0.682,0.7093333333333334,2,0.0017208000645041466,21
58,1,1,B,25.017855999991298,755,30.00120002919813,3.9354454576382354,3.888083193596638,3.896548578884482,0.9879652088813293,0.9901162704012936,0.542,0.5716180371352785,0,0.017855999991297722,21
58,1,2,A,24.299676599912345,730,30.00192010956631,4.27039203615629,4.2353280016873285,4.24472380512878,0.9917890361886957,0.9939892565342517,0.5237113402061856,0.551440329218107,0,0.04967659991234541,20
58,1,3,B,24.997241200413555,751,29.997510264517267,4.04445265748223,4.0296292264631095,4.026922791325808,0.9963348733995693,0.9956657012354956,0.4729458917835671,0.5093333333333333,0,0.04724120041355562,21
58,1,4,A,24.996048900298774,749,30.000570092007663,3.6782575047099186,3.670478974680048,3.6654207888253323,0.9978852676790816,0.996510109510237,0.5050100200400801,0.5334224598930482,0,0.04604890029877495,21
58,1,5,B,25.016377300024033,752,30.000390294428936,2.3471668076565795,2.340020450472711,2.3339573155847213,0.9969553262424483,0.9943721545359417,0.692,0.7163781624500666,0,0.016377300024032593,21
58,1,6,A,21.16686990018934,636,29.999940181270308,4.1507412161781065,4.125954730711852,4.128972143803552,0.9940284194616504,0.994755377114404,0.3829787234042553,0.4110236220472441,0,0.016869900189341536,17
58,1,7,B,25.003336200024933,752,30.000570092007663,4.106641882308194,4.096262490528657,4.08941204257664,0.9974725354494015,0.9958043968221866,0.52,0.5565912117177098,1,0.003336200024932623,21
58,1,8,A,25.017626900225878,752,30.00146995050146,4.265177032908062,4.238117375469001,4.240735011461781,0.9936556777760263,0.9942694004826299,0.482,0.5126498002663116,0,0.017626900225877762,21
58,1,9,B,24.997634700033814,757,30.002235103202292,2.897026605176393,2.852281918741741,2.854610135513455,0.9845549618513333,0.9853586192176668,0.6673346693386774,0.6838624338624338,0,0.047634700033814426,21
58,1,10,A,25.017286899965256,752,30.002010226830617,5.1275768987542865,5.102177709128342,5.101946551243816,0.9950465512019693,0.9950014698918124,0.51,0.5379494007989347,0,0.017286899965256453,21
58,1,11,B,24.99746900005266,751,30.00079515634976,2.9641546964983556,2.956804977368193,2.9524387659220546,0.9975204670866723,0.9960474631806021,0.6352705410821643,0.652,0,0.047469000052661414,21
58,1,12,A,20.752303999848664,625,29.999760181697532,3.7291285479895495,3.71131423636356,3.7149888199912064,0.9952229290578911,0.996208302337562,0.40240963855421685,0.41025641025641024,0,0.002303999848663807,16
58,1,13,B,25.004615900106728,755,30.000434929291092,4.688405659425364,4.650763237644698,4.659494886070911,0.9919711679161144,0.9938335597525928,0.538,0.5782493368700266,0,0.004615900106728077,21
58,1,14,A,25.000227199867368,752,30.002369862978867,4.341474741710895,4.333470927082386,4.3268175894488845,0.9981564295303593,0.9966239231749545,0.476,0.511318242343542,0,0.00022719986736774445,21
58,1,15,B,25.020990299992263,752,30.00146995050146,3.311900226916114,3.301349346908281,3.298454763496083,0.9968142518539401,0.9959402571035327,0.602,0.6205059920106525,0,0.020990299992263317,21
58,1,16,A,18.81973350001499,566,30.00156006506148,3.7936428160104443,3.776174888839993,3.7694888308256917,0.9953954739500696,0.9936330365413384,0.2925531914893617,0.3380530973451327,0,0.019733500014989858,14
58,1,17,B,25.024395799729973,752,30.00156006506148,4.318712108437623,4.305415351019469,4.301919233602995,0.9969211290115458,0.9961116012336597,0.586,0.6231691078561917,0,0.024395799729973078,21
58,1,18,A,19.67663890030235,592,30.000389875322877,4.090045237824829,4.051472404967385,4.049838529474876,0.9905690938328209,0.9901696176907481,0.4631043256997455,0.5008460236886633,0,0.026638900302351942,15
58,1,19,B,25.001957200001925,753,30.001875260710946,3.590597905134161,3.5787295663239824,3.5761137151720113,0.9966946065463893,0.995966078534876,0.552,0.5811170212765957,1,0.00195720000192523,21
5,1,0,A,25.025262099999964,758,29.998860042714192,2.3709257852650225,2.3528573018045105,2.338393311775497,0.9923791442259369,0.986278577890666,0.492,0.5508586525759577,0,0.02526209999996354,21
5,1,1,B,25.021055200000774,771,30.002325179787963,3.8959034020992322,3.862291688178476,3.8291919047977707,0.9913725494572978,0.9828765011818529,0.464,0.5311688311688312,0,0.021055200000773766,21
5,1,2,A,25.00063769999906,763,29.999895000277384,4.340061359325483,4.310266338754596,4.295984392687737,0.9931348849465306,0.9898441604879532,0.312,0.3766404199475066,0,0.0006376999990607146,21
5,1,3,B,24.995678900000712,759,29.99854507001699,5.174432833198544,5.116054207428052,5.1046182294826234,0.9887178696385927,0.9865077766073224,0.3166332665330661,0.3720316622691293,0,0.04567890000071273,21
5,1,4,A,24.998542700001053,751,30.00039000465639,5.706790601157241,5.6562196777624845,5.605671137372807,0.9911384652199255,0.9822808526102345,0.3066132264529058,0.3506666666666667,0,0.04854270000105387,21
5,1,5,B,25.01416319999953,763,30.001740100150574,4.40721443314184,4.391119003311818,4.383707288739085,0.996347935850594,0.9946662126929918,0.412,0.4566929133858268,0,0.014163199999529752,21
5,1,6,A,25.020290899999964,753,30.00138006324067,4.954278000734895,4.923678815198681,4.905614559421701,0.9938236841913846,0.9901774907855442,0.238,0.28058510638297873,1,0.020290899999963585,21
5,1,7,B,25.020097700000406,749,29.999535006831703,4.235294396778031,4.213756734376041,4.185906355515911,0.9949147189346802,0.9883389354705326,0.412,0.4532085561497326,1,0.020097700000405894,21
5,1,8,A,24.99910269999964,757,30.00165009011297,6.377293678350895,6.348079787658913,6.3173781559452475,0.9954190770936023,0.9906048669815781,0.3306613226452906,0.3716931216931217,0,0.04910269999964001,21
5,1,9,B,25.003195100000084,752,30.002370187173995,5.67269780294835,5.639178704219821,5.628112143932569,0.9940911538225944,0.9921403077398891,0.382,0.42876165113182424,0,0.0031951000000844942,21
5,1,10,A,24.470224400000006,737,30.00007500064945,5.195418553512585,5.1580409728616035,5.156152469121314,0.9928056651709589,0.9924421711192597,0.2903885480572597,0.327445652173913,2,0.020224400000007137,20
5,1,11,B,24.999982700001055,754,30.00156007979683,3.3620023713848206,3.340447462408779,3.337447615264523,0.9935886693122221,0.9926963894108786,0.46893787575150303,0.5059760956175299,0,0.0499827000010562,21
5,1,12,A,25.015504499999224,754,29.999580005846873,5.242701298576903,5.202257757101137,5.200313283146741,0.9922857437087357,0.991914852093201,0.292,0.33200531208499334,0,0.015504499999224208,21
5,1,13,B,25.019676399999298,756,29.99904002984838,4.399034227589252,4.372543450592254,4.35914020013262,0.9939780470834128,0.9909311850300163,0.448,0.4913907284768212,0,0.019676399999298155,21
5,1,14,A,25.00141519999852,755,29.999939999553995,6.092265056245893,6.067417066763596,6.058201848478626,0.9959213873242725,0.9944087777775945,0.408,0.4469496021220159,1,0.0014151999985188013,21
5,1,15,B,25.013904000001276,753,30.00129005536339,4.693735715257056,4.674481836465294,4.669920508306584,0.9958979627401737,0.9949261721589777,0.434,0.4720744680851064,0,0.013904000001275563,21
5,1,16,A,25.024172200000976,752,30.001200047207565,4.136126976184472,4.117268361500823,4.104789993359349,0.9954405136031279,0.9924235926494619,0.396,0.44873501997336884,0,0.024172200000975863,21
5,1,17,B,25.009987600000386,751,30.002325180606636,5.728735730414366,5.694796553743039,5.680561388038615,0.9940756253616063,0.9915907549863072,0.44,0.5013333333333333,0,0.00998760000038601,21
5,1,18,A,25.00014480000027,759,29.999894999458842,6.52443072393775,6.486135530556075,6.444251213752343,0.9941304927583685,0.9877108802931674,0.338,0.35883905013192613,0,0.00014480000027106144,21
5,1,19,B,24.99950969999918,756,30.00039000465639,5.9727690487659295,5.951106664433285,5.929017412903168,0.9963731421463349,0.9926748153987636,0.501002004008016,0.5364238410596026,0,0.04950969999918087,21
60,1,0,A,25.01210659975186,749,29.999354928632947,4.175553870155849,4.163506164091387,4.161025451563705,0.9971147046741341,0.9965206008486722,0.452,0.48128342245989303,1,0.012106599751859903,21
60,1,1,B,25.024471000302583,752,30.000660201162,3.1631439908793957,3.1535538854069767,3.142113589200381,0.996968172963333,0.9933514244878976,0.504,0.5312916111850865,2,0.02447100030258298,21
60,1,2,A,24.9975466998294,753,29.999579765201315,3.8253007816454025,3.8162600935131956,3.813461136909862,0.9976366072504452,0.9969049114275276,0.42685370741482964,0.45478723404255317,1,0.047546699829400296,21
60,1,3,B,24.99659390002489,751,30.00192010956631,3.8210422487606523,3.808298186757647,3.8032060490634985,0.9966647680990339,0.995332111362302,0.3927855711422846,0.4266666666666667,1,0.04659390002489161,21
60,1,4,A,21.730613199993968,655,30.000614936961,4.247566529195213,4.230806723339823,4.227073873994252,0.9960542570104098,0.9951754363209836,0.31797235023041476,0.3470948012232416,1,0.03061319999396872,17
60,1,5,B,25.017596600111574,753,30.002010226830617,4.456367955814631,4.4412441885600265,4.438202831819642,0.9966062570675136,0.995923782736278,0.368,0.40558510638297873,1,0.017596600111573935,21
60,1,6,A,17.415280600078404,521,29.99899515522667,5.061640652015228,5.040457949004764,5.038517579804268,0.9958150519827932,0.9954317041053173,0.20689655172413793,0.2326923076923077,2,0.01528060007840537,13
60,1,7,B,25.023031400050968,754,30.00056967289658,4.089407809561985,4.069943398747388,4.060999170418828,0.9952402861927626,0.9930531166207658,0.318,0.3559096945551129,0,0.023031400050967932,21
60,1,8,A,16.638320500031114,500,29.999309877908516,4.3681830061799785,4.311815358987968,4.328733054661546,0.9870958595113202,0.9909687960731911,0.3102409638554217,0.3406813627254509,0,0.038320500031112203,12
60,1,9,B,20.507595899980515,620,29.996969940739923,6.308831958793657,6.257360347752974,6.269049442108001,0.9918413406194884,0.9936941549647387,0.2,0.23424878836833601,0,0.007595899980515242,16
60,1,10,A,19.61182750016451,590,30.001379836482784,4.252847872720325,4.20869624757708,4.225484483401373,0.9896183389426052,0.9935658668878157,0.288265306122449,0.3225806451612903,1,0.011827500164507398,15
60,1,11,B,25.001354900188744,752,30.00165018016285,4.692532816346293,4.68399206190033,4.673594894282699,0.9981799265385612,0.9959642430208215,0.394,0.4274300932090546,0,0.0013549001887440681,21
60,1,12,A,13.946758900303394,421,30.00583609921831,6.036082464495824,5.974496530001377,5.976315055685487,0.9897970356010384,0.9900983114193869,0.15827338129496402,0.18095238095238095,1,0.04675890030339325,9
60,1,13,B,25.018254400230944,755,30.00115497293187,4.4505357094492926,4.432707246235247,4.426463455235622,0.9959940860206576,0.9945911558101733,0.434,0.46816976127320953,2,0.018254400230944157,21
60,1,14,A,25.00446159997955,751,30.00196516813079,4.418901868448951,4.405931855194305,4.402027063193165,0.9970648786416255,0.99618122199629,0.342,0.372,3,0.004461599979549646,21
60,1,15,B,25.003266700077802,751,29.99899515522667,3.4157265001892547,3.3992356328530686,3.401753309008103,0.9951720761790288,0.9959091598286989,0.46,0.4866666666666667,3,0.003266700077801943,21
60,1,16,A,23.311332599725574,699,30.002145194164605,4.732543360911842,4.71810710348074,4.705708446181184,0.9969495773561554,0.9943297054703609,0.36909871244635195,0.3997134670487106,4,0.011332599725573544,19
60,1,17,B,25.001093099825084,751,29.999355138171516,4.832479548614815,4.812444586037589,4.801952059824453,0.9958541029763968,0.993682851943137,0.224,0.268,1,0.0010930998250842094,21
60,1,18,A,25.0003276001662,752,30.001379836482784,3.9446085384166434,3.9331773271440387,3.9275310150888703,0.9971020669956788,0.995670667149489,0.364,0.39014647137150466,3,0.0003276001662015915,21
60,1,19,B,25.012921700254083,752,30.001290142136646,3.5757064680917683,3.5639400684083182,3.557463119706658,0.9967093496660173,0.99489797371571,0.402,0.43541944074567246,2,0.01292170025408268,21
62,1,0,A,25.01801209989935,756,29.99894989604988,5.400008409696448,5.382488731933991,5.3786626276008676,0.9967556202818133,0.9960470835457865,0.368,0.40927152317880794,0,0.018012099899351597,21
62,1,1,B,24.997238100040704,754,30.00084000197595,2.8037054465264006,2.792049962851802,2.783332592468191,0.995842828750417,0.9927335968607365,0.6352705410821643,0.6533864541832669,1,0.04723810004070472,21
62,1,2,A,24.998569400049746,750,29.998680020089978,9.768370846950285,9.713976693030592,9.659619193624817,0.9944316043307595,0.9888669610286734,0.48096192384769537,0.5100133511348465,1,0.04856940004974675,21
62,1,3,B,24.99577479995787,751,29.997690027576503,3.523510895336034,3.5084622324729176,3.4897639592994265,0.9957290715680669,0.9904223551341143,0.6352705410821643,0.6653333333333333,2,0.04577479995787215,21
62,1,4,A,24.994731800165027,752,30.00165018016285,4.461316069448586,4.42599222476627,4.4183243124998395,0.9920821918616761,0.9903634361969651,0.5430861723446894,0.5752330226364847,1,0.04473180016502809,21
62,1,5,B,24.99878549994901,752,30.001109916800946,3.201913748774245,3.171676243521505,3.1708719623851653,0.990556427304041,0.9903052396708177,0.6152304609218436,0.6431424766977364,3,0.04878549994900894,21
62,1,6,A,25.00846319971606,751,29.999939762176826,10.700404348056647,10.607838490984111,10.604256896057361,0.9913493122258181,0.9910145963767483,0.472,0.49466666666666664,1,0.008463199716061354,21
62,1,7,B,24.992151900194585,752,30.00029976779242,9.349751289317524,9.282782091902257,9.254316662065433,0.9928373284654339,0.9897928164826022,0.5270541082164328,0.5659121171770972,3,0.042151900194586034,21
62,1,8,A,24.997348099946976,755,30.000884847736213,6.504080755672807,6.446118723566022,6.435962868942923,0.9910883590957521,0.9895269002202237,0.4468937875751503,0.47745358090185674,2,0.04734809994697642,21
62,1,9,B,25.014544600155205,776,30.00192010956631,5.119602020002386,5.067420060881753,5.067522329354717,0.9898074188351444,0.9898273946990035,0.546,0.5948387096774194,0,0.014544600155204535,21
62,1,10,A,25.015537799801677,752,30.00030018689596,4.114631768146193,4.089700623514382,4.083306320001986,0.9939408564273435,0.9923868161455623,0.544,0.5792276964047937,2,0.015537799801677465,21
62,1,11,B,24.997511100023985,757,30.001515217282545,3.3521464603624285,3.331098403025511,3.312472246782095,0.9937210209679675,0.9881645345603294,0.5511022044088176,0.5925925925925926,3,0.04751110002398562,21
62,1,12,A,20.780269399750978,626,30.002730346092058,5.2379855526635595,5.2064385298841716,5.185732633755744,0.9939772604444573,0.9900242338619577,0.29397590361445786,0.3232,2,0.030269399750977755,16
62,1,13,B,25.000272899866104,754,30.00075031085764,6.58762248921029,6.537442435776086,6.498482516941837,0.9923826762209899,0.9864685670111709,0.624,0.648074369189907,1,0.000272899866104126,21
62,1,14,A,19.60805410007015,590,30.00084000197595,5.197989515061522,5.169156386570164,5.1640971940920615,0.9944530229605482,0.9934797250222889,0.4005102040816326,0.4363327674023769,1,0.008054100070147285,15
62,1,15,B,24.995468399953097,751,29.999894919241974,5.724365135822674,5.688215240186123,5.614210460031714,0.9936849074475828,0.9807568746616774,0.5891783567134269,0.6213333333333333,1,0.045468399953097816,21
62,1,16,A,16.862871000077575,508,29.999759972153306,5.103815971551784,5.079268673551992,5.066143001669017,0.995190402997166,0.9926186660936146,0.3026706231454006,0.3431952662721893,1,0.012871000077574024,12
62,1,17,B,25.017261900007725,752,30.00146995050146,4.143509190735645,4.127582397541189,4.121345613196208,0.9961562066206908,0.9946510128204876,0.674,0.6897470039946738,1,0.017261900007724762,21
62,1,18,A,25.00823580008,752,30.001649761021593,5.766550346713995,5.74809175716503,5.731741171224877,0.9967990239503444,0.9939636050331281,0.474,0.5033288948069241,1,0.008235800080001354,21
62,1,19,B,25.00863160006702,749,30.00025492378131,5.9815933634190515,5.960302088844286,5.918716183990794,0.9964405346065525,0.9894882223501202,0.522,0.5494652406417112,1,0.008631600067019463,21
64,1,0,A,20.958069699816406,629,30.000119763904593,4.336875846140133,4.29903844068888,4.313457372384824,0.9912754234168524,0.9946001512180359,0.4128878281622912,0.43312101910828027,0,0.008069699816406484,17
64,1,1,B,25.024124800227582,754,30.00146995050146,2.865368701937866,2.8302767315899553,2.8345648621856925,0.9877530698495527,0.9892496069593624,0.686,0.7065073041168659,0,0.024124800227582455,21
64,1,2,A,23.675053299870342,709,30.001695028345285,5.191924685259147,5.080617591408977,5.098927569594308,0.9785614968248303,0.9820881231330502,0.5137420718816068,0.5409604519774012,0,0.025053299870343437,19
64,1,3,B,22.257362100295722,669,30.000029867544704,3.7914506625276156,3.77015304012485,3.7775089302755482,0.9943827246353861,0.9963228501454974,0.5775280898876405,0.6002994011976048,0,0.007362100295722485,18
64,1,4,A,19.287813500035554,581,30.000479983394627,4.272411831120511,4.170424849084993,4.20996471326058,0.9761289440094144,0.9853836380179779,0.5324675324675324,0.5586206896551724,0,0.03781350003555417,15
64,1,5,B,18.203533199615777,548,29.999399979492686,4.070154795625179,4.021824463164094,4.05319482397681,0.9881256770594985,0.9958330892803885,0.5439560439560439,0.5612431444241316,0,0.0035331996157772494,14
64,1,6,A,17.416264100000262,524,30.002190043827003,3.2515850253313503,3.2185333614732667,3.227143447788465,0.9898352146412916,0.9924831805557984,0.5718390804597702,0.5946462715105163,0,0.01626410000026368,13
64,1,7,B,20.215302700176835,607,29.99841014898574,3.7660460308442705,3.6245557209632926,3.696461719425883,0.9624300104878807,0.9815232445784026,0.5742574257425742,0.5957095709570958,0,0.01530270017683577,16
64,1,8,A,18.689223299734294,563,30.00192010956631,4.75447975950303,4.608266936086272,4.675618245480209,0.9692473560068239,0.983413219108737,0.46112600536193027,0.49110320284697506,0,0.039223299734295836,14
64,1,9,B,22.554969399701804,678,30.00093011275169,4.169166700298745,4.14490028743476,4.148870897797999,0.9941795532276879,0.9951319282821454,0.565410199556541,0.5805022156573116,0,0.004969399701803212,18
64,1,10,A,20.408206099644303,615,30.001829992843373,4.15267750921914,4.1305380004858145,4.130376093899601,0.9946686183349959,0.9946296298544663,0.6176470588235294,0.6302931596091205,0,0.008206099644304743,16
64,1,11,B,20.606769899837673,619,29.9992650368567,3.45780744060333,3.427803752108518,3.442630492588221,0.9913229151680069,0.9956108174686382,0.5655339805825242,0.580906148867314,0,0.006769899837671289,16
64,1,12,A,18.287563800346106,551,30.00115476336816,4.304496192260206,4.212197275122648,4.273041800970865,0.9785575563283065,0.9926926660207299,0.4767123287671233,0.5,0,0.03756380034610629,14
64,1,13,B,15.017887900117785,453,30.000029867544704,3.32906826484972,3.304902821439006,3.3098282160893597,0.9927410790382801,0.9942205904986966,0.42333333333333334,0.45132743362831856,0,0.01788790011778474,11
64,1,14,A,15.369302199687809,464,30.00011997345385,3.917245803608548,3.889167168123457,3.886258600283612,0.9928320465723072,0.9920895432968769,0.4234527687296417,0.4449244060475162,0,0.019302199687809107,11
64,1,15,B,24.994693899992853,749,29.99854508393091,4.7220775246092455,4.688011264891141,4.6785250295123415,0.9927857474722585,0.9907768360705793,0.533066132264529,0.5427807486631016,0,0.044693899992854114,21
64,1,16,A,19.206080799922347,578,29.999039995471684,4.491495871532323,4.452712067540289,4.465763873955482,0.9913650585236311,0.9942709515242052,0.5052083333333334,0.5199306759098787,0,0.006080799922347779,15
64,1,17,B,19.687318000011146,592,30.0004804025032,4.295405371477182,4.226756011455303,4.248577712480063,0.9840179554465961,0.9890981979703083,0.5572519083969466,0.5634517766497462,0,0.03731800001114749,15
64,1,18,A,24.420157900080085,734,30.00146995050146,4.880352481629483,4.826540394873758,4.840020212603772,0.9889737294676392,0.9917357876961697,0.5655737704918032,0.5879945429740792,0,0.020157900080086222,20
64,1,19,B,25.02046209992841,752,30.0013802556165,3.943141226196702,3.933843931925611,3.9155179804926905,0.9976421604660458,0.992994609089704,0.496,0.5339547270306259,0,0.02046209992840886,21
66,1,0,A,23.110719099640846,695,30.00340522730222,4.949057808043345,4.920109592830075,4.908661853419049,0.9941507623600148,0.991837647449047,0.5021645021645021,0.5345821325648416,4,0.010719099640844831,19
66,1,1,B,24.992853700183332,755,30.001785144257436,4.1047449192765955,4.084610119734155,4.067913348113821,0.9950947501151937,0.9910270743037389,0.5771543086172345,0.603448275862069,0,0.04285370018333268,21
66,1,2,A,20.29784859996289,609,29.999039995471684,7.012356666546445,6.83344388682451,6.880713766396535,0.9744860696297056,0.9812270102035834,0.362962962962963,0.3963815789473684,0,0.04784859996289015,16
66,1,3,B,25.008857500273734,754,29.99949008161809,5.693756322642631,5.652722536102719,5.6350829188226985,0.9927931958772576,0.9896951326163005,0.468,0.5059760956175299,0,0.008857500273734331,21
66,1,4,A,24.929932199884206,753,30.000840211535266,5.283848484916509,5.2405381235292525,5.236742949104686,0.9918032544818627,0.9910849949716969,0.4979919678714859,0.526595744680851,1,0.029932199884207478,20
66,1,5,B,25.011190500110388,755,30.000345031042386,5.123024455983357,5.096674280306482,5.096349497464145,0.994856519639273,0.9947931229397007,0.508,0.5557029177718833,0,0.011190500110387802,21
66,1,6,A,20.219056400004774,609,30.000525037633484,6.674674436807513,6.633461130041494,6.633255425091921,0.9938254206768874,0.9937946019528403,0.35396039603960394,0.38980263157894735,1,0.019056400004775043,16
66,1,7,B,25.001043000258505,753,30.002370282140248,3.5334595802574063,3.523002926425691,3.5200840231162305,0.9970406754077108,0.9962146002133689,0.582,0.6276595744680851,1,0.0010430002585053444,21
66,1,8,A,24.421432900242507,734,30.001290142136646,4.90594734315317,4.87553378194866,4.864894129541387,0.993800675164817,0.9916319498069873,0.39959016393442626,0.4665757162346521,1,0.02143290024250888,20
66,1,9,B,25.01975949993357,754,30.000479983394627,5.119863662415502,5.095500772556691,5.039800835471665,0.9952414963629488,0.9843623127054004,0.658,0.6958831341301461,1,0.019759499933570623,21
66,1,10,A,25.013202200178057,757,30.00268528522918,6.35789426386161,6.27432351233562,6.271649942014948,0.9868555927390917,0.9864350808196235,0.514,0.5502645502645502,0,0.013202200178056955,21
66,1,11,B,25.02101599983871,756,30.001290142136646,4.682937939723249,4.6568507402223025,4.6466017449952615,0.9944293091566171,0.9922407268266862,0.56,0.5986754966887418,0,0.02101599983870983,21
66,1,12,A,20.971848900429904,628,30.002100344636297,5.4430646100746,5.412344793274702,5.389610021020479,0.9943561542989883,0.9901793212310612,0.4152744630071599,0.4609250398724083,1,0.02184890042990517,17
66,1,13,B,25.020863499958068,753,30.001470160069577,3.2796678513911033,3.261194599007464,3.2518071295905076,0.9943673404683941,0.9915050172569219,0.544,0.5811170212765957,0,0.020863499958068132,21
66,1,14,A,25.004703599959612,754,29.997960095243236,5.681243512388422,5.633964426740546,5.630840219870835,0.9916780392277184,0.9911281231991416,0.5,0.5258964143426295,0,0.004703599959611893,21
66,1,15,B,25.015022699721158,753,30.00250546229634,3.891470703385039,3.8572575583163924,3.842332983328763,0.9912081709779066,0.9873729692957645,0.56,0.5970744680851063,0,0.01502269972115755,21
66,1,16,A,25.002712099812925,754,30.00030018689596,6.53579722276033,6.498265723731288,6.458476288516373,0.994257548429082,0.9881696246672566,0.398,0.45285524568393093,0,0.002712099812924862,21
66,1,17,B,25.019673800095916,753,29.999894919241974,4.39005697609065,4.368393846424855,4.357092878018712,0.9950654103616929,0.992491191287159,0.456,0.49069148936170215,0,0.019673800095915794,21
66,1,18,A,25.023368599824607,754,30.00029976779242,6.796122120937625,6.763808879100356,6.691258120912574,0.9952453412016071,0.984570024175701,0.444,0.48871181938911024,0,0.023368599824607372,21
66,1,19,B,24.99840210005641,752,30.00192010956631,5.211177619305572,5.187754472100094,5.177764470484599,0.9955052103542386,0.9935881769415823,0.5050100200400801,0.5512649800266312,0,0.048402100056410546,21
68,1,0,A,22.739813799969852,684,29.997689818061193,4.319125595107352,4.290438574262451,4.291297857648517,0.9933581415466599,0.9935570900067462,0.4052863436123348,0.4363103953147877,3,0.03981379996985268,18
68,1,1,B,25.01302359998226,749,29.99881495746296,3.528340081595603,3.5119906316216327,3.508513374306752,0.9953662488320636,0.9943807266787376,0.55,0.5748663101604278,0,0.013023599982261658,21
68,1,2,A,16.69733119988814,502,29.999669868406684,4.231868801086899,4.163931667125075,4.181466207136493,0.9839463043031073,0.9880897550657856,0.2072072072072072,0.2375249500998004,2,0.047331199888141384,12
68,1,3,B,25.008088399656117,752,29.998589922830465,4.4784070817849875,4.462197572779425,4.458195868802335,0.9963805190753,0.9954869638660456,0.538,0.563249001331558,2,0.008088399656116962,21
68,1,4,A,25.017083700280637,751,30.002550103452656,6.629843879503781,6.589123239990483,6.601520068058685,0.9938579791238846,0.9957278313094733,0.264,0.2826666666666667,3,0.01708370028063655,21
68,1,5,B,24.998735399916768,752,29.99949008161809,4.22644114280499,4.1777153839600825,4.1842787890083875,0.9884712084710188,0.9900241474157568,0.5150300601202404,0.5286284953395473,3,0.048735399916768785,21
68,1,6,A,21.636363700032234,650,29.998140282737033,4.987455021494599,4.947502358490414,4.953038401427844,0.9919893687598186,0.9930993623163661,0.33564814814814814,0.349768875192604,2,0.03636370003223277,17
68,1,7,B,23.33458979986608,701,30.001110126364033,5.9604388924055645,5.88805590299828,5.882020077480022,0.9878560973925073,0.9868434495611625,0.2532188841201717,0.29,1,0.034589799866079574,19
68,1,8,A,18.62461580010131,557,29.99778011943063,4.364142686577127,4.327592683147358,4.3289531540065,0.9916249293263976,0.9919366677265481,0.2956989247311828,0.3255395683453237,1,0.024615800101308594,14
68,1,9,B,23.70776049979031,708,29.998950315115703,5.151025877149476,5.118024041492339,5.113207057521885,0.9935931528118432,0.9926580023999958,0.2974683544303797,0.32390381895332393,1,0.00776049979031157,19
68,1,10,A,15.198084600269794,457,30.001335198808906,4.267263823731668,4.234637697582435,4.2314907792516525,0.9923543217628616,0.991616865992426,0.28052805280528054,0.30701754385964913,1,0.04808460026979411,11
68,1,11,B,25.02192399976775,750,30.000029867544704,5.81680155812708,5.801941405491231,5.790234153679445,0.9974453052098559,0.995432643836626,0.32,0.3604806408544726,1,0.0219239997677505,21
68,1,12,A,14.263109200168401,429,29.997735282951865,3.940077181919216,3.8992324169706367,3.9150071486758384,0.9896335114611425,0.9936371720436283,0.28421052631578947,0.29906542056074764,4,0.013109200168401003,10
68,1,13,B,22.066699999850243,663,30.00138004604964,4.762437365037039,4.719744243384355,4.723597864228587,0.9910354471082158,0.9918446169825585,0.3310657596371882,0.3580060422960725,2,0.01669999985024262,18
68,1,14,A,21.156225999817252,633,29.999669868406684,5.977686520209462,5.919875684702109,5.918677204416506,0.990328894746838,0.9901284024189867,0.14657210401891252,0.16455696202531644,2,0.00622599981725358,17
68,1,15,B,22.804743300192058,686,29.999940181270308,5.6467631344839075,5.59941092497378,5.586010430711731,0.9916142738091925,0.9892411453561476,0.3048245614035088,0.3386861313868613,1,0.004743300192057376,18
68,1,16,A,14.802997599821538,445,30.00093011275169,4.055648878217378,4.0334652776475695,4.039320376336915,0.994530196958382,0.9959738867020363,0.3277027027027027,0.35585585585585583,0,0.0029975998215370225,10
68,1,17,B,25.006772399879992,752,29.998680020089978,5.319324819501401,5.243716096392738,5.265775170235389,0.9857860300556435,0.989932998814118,0.318,0.34753661784287615,2,0.006772399879992008,21
68,1,18,A,13.30206979997456,400,30.00074989174152,4.349513855330981,4.3214494855025025,4.3252500666658715,0.9935476996368039,0.9944214941089633,0.16541353383458646,0.19298245614035087,1,0.002069799974560027,9
68,1,19,B,24.68792389985174,742,29.99958018428474,5.365794932356534,5.32675863244758,5.331760783017769,0.9927249735778088,0.9936572027504192,0.36511156186612576,0.39946018893387314,2,0.03792389985174083,20
69,1,0,A,25.021374499890953,760,30.003360374006647,2.979552534483921,2.935905399067548,2.9276821077371324,0.9853511106412046,0.9825912024888083,0.36,0.42555994729907776,0,0.021374499890953302,21
69,1,1,B,24.994962399825454,750,30.00183041198967,2.771127048516478,2.7531902717722625,2.7478765962396836,0.9935272629402474,0.9916097487160536,0.4028056112224449,0.44192256341789055,0,0.04496239982545447,21
69,1,2,A,24.997888899873942,754,30.003000294932786,4.853468503428543,4.8333740776575045,4.822349679527302,0.9958597803288837,0.9935883329871703,0.23847695390781562,0.29880478087649404,0,0.04788889987394285,21
69,1,3,B,25.017044199630618,754,30.00011997345385,3.0394253663956543,3.0259678380137034,3.0164266164501354,0.9955723445192175,0.9924331914184186,0.3,0.3559096945551129,0,0.017044199630618095,21
69,1,4,A,24.997806599829346,751,29.99881495746296,4.217577229884693,4.197900457147962,4.181226370847902,0.9953345791519106,0.9913811041137036,0.37675350701402804,0.42533333333333334,0,0.04780659982934665,21
69,1,5,B,24.994821699801832,754,30.00228016271293,2.8314854951339656,2.8089219135012287,2.801509683499867,0.9920311858663894,0.989413397424916,0.46292585170340683,0.5073041168658698,0,0.04482169980183315,21
69,1,6,A,25.000213300343603,758,29.999759972153306,4.817801635237599,4.76233816623917,4.766747619970847,0.9884878056014662,0.989403047461867,0.308,0.33157199471598414,0,0.00021330034360289574,21
69,1,7,B,25.007084999699146,756,29.99841014898574,2.308932791101756,2.2938433138079963,2.2811870403636947,0.9934647394883419,0.9879833008370842,0.434,0.48874172185430464,0,0.0070849996991455555,21
69,1,8,A,25.001024399884045,753,30.0008852668561,3.396806799862059,3.336290159364604,3.357197279759817,0.9821842559606533,0.9883391895871585,0.38,0.4321808510638298,0,0.001024399884045124,21
69,1,9,B,25.004395499825478,760,30.002370282140248,3.4087140656712327,3.375238028566815,3.3837658769153656,0.9901792768594025,0.9926810555901073,0.426,0.4756258234519104,0,0.0043954998254776,21
69,1,10,A,19.221247000154108,582,29.999309877908516,4.310361259999125,4.292350112181444,4.279644441012342,0.9958214296363445,0.9928737251627051,0.2578125,0.3098106712564544,0,0.02124700015410852,15
69,1,11,B,25.000415300019085,752,30.00093011275169,2.9059936983316135,2.884136612902526,2.8672846789201714,0.9924786191237661,0.9866795927900099,0.376,0.4340878828229028,0,0.00041530001908540726,21
69,1,12,A,21.35657799988985,656,30.003000294932786,3.854570270010112,3.820383163097622,3.812261727916753,0.9911307604952808,0.9890237979516072,0.2857142857142857,0.3419847328244275,0,0.006577999889849195,17
69,1,13,B,25.00208169966936,763,30.00084000197595,2.4821379268819976,2.468345647247375,2.4621632430356284,0.9944433870957573,0.9919526293724293,0.522,0.5787401574803149,0,0.0020816996693611145,21
69,1,14,A,20.509325299877673,621,30.000164817061513,5.093986640754023,5.068185914565987,5.047568374500372,0.9949350620628606,0.9908876348669065,0.26097560975609757,0.3064516129032258,0,0.009325299877673388,16
69,1,15,B,25.006842500064522,761,30.001605122544497,2.8766908673272398,2.8551338777688464,2.8483679151779775,0.9925063239143168,0.9901543288954168,0.422,0.4776315789473684,0,0.006842500064522028,21
69,1,16,A,25.004859700333327,756,30.002370282140248,3.6078486640261485,3.5900414072532096,3.5769058210675193,0.9950643005205582,0.9914234642746631,0.396,0.43973509933774835,0,0.004859700333327055,21
69,1,17,B,25.016236799769104,758,29.999849657350214,2.044435563392584,2.0326113920692306,2.028612053798192,0.9942164128158032,0.9922602062507002,0.534,0.570673712021136,0,0.016236799769103527,21
69,1,18,A,17.200055999681354,517,29.998050188719557,5.7131058017190695,5.581705420438723,5.64840048186541,0.9770001841658861,0.9886742304274867,0.19476744186046513,0.23255813953488372,0,5.5999681354279573e-05,13
69,1,19,B,24.998301099985838,752,30.000210079904264,2.753597652733261,2.7170661207038873,2.7115826475321727,0.9867331627069366,0.9847417776669792,0.41282565130260523,0.4607190412782956,0,0.04830109998583865,21
6,0,0,A,17.251661300077103,518,29.999670077949656,4.111126183404559,4.086853607818046,4.1006357400671405,0.9940958816383467,0.9974482798947487,0.4608695652173913,0.4835589941972921,1,0.0016613000771030784,13
6,0,1,B,24.992785900016315,751,30.000434981679504,4.657694357617388,4.648884892794323,4.638256464979987,0.9981086211016276,0.995826713574365,0.5210420841683366,0.5506666666666666,2,0.04278590001631599,21
6,0,2,A,16.034050500020385,482,30.001290037353847,3.7062206412311145,3.6876793953962115,3.6838040690887897,0.9949972633499921,0.993951635827359,0.375,0.3970893970893971,1,0.03405050002038479,12
6,0,3,B,21.900437500094995,658,29.99895010558279,3.8626785181975465,3.8436459840447297,3.8501009370916597,0.99507271079818,0.9967438188172709,0.5136986301369864,0.5388127853881278,1,0.0004375000949963237,17
6,0,4,A,18.22866519994568,548,29.99859013235835,3.87105232573813,3.8517338917925064,3.8530380441683176,0.9950095136102455,0.9953464122791527,0.4697802197802198,0.48080438756855576,1,0.028665199945681508,14
6,0,5,B,22.395542199956253,673,30.002415184870937,3.5102383524779786,3.452792254225794,3.470339148924601,0.9836347015547728,0.988633477403262,0.5033557046979866,0.5133928571428571,1,0.04554219995625175,18
6,0,6,A,15.867522699991241,477,30.00192010956631,4.323695576435426,4.294988557307778,4.299857434559509,0.9933605364623483,0.99448662805822,0.31230283911671924,0.3403361344537815,1,0.017522699991241453,11
6,0,7,B,25.0173779000761,752,30.00011997345385,3.7886578426479867,3.775831045732324,3.7749711264332513,0.9966144219276614,0.9963874499141444,0.508,0.5392809587217043,1,0.01737790007609874,21
6,0,8,A,18.76388060010504,562,30.000479983394627,3.805111594250322,3.7830795321987942,3.789283776431665,0.9942098775539674,0.9958403801237857,0.48533333333333334,0.5080213903743316,1,0.013880600105039775,14
6,0,9,B,25.023840500041842,752,30.00228016271293,3.875563328000962,3.862091500921692,3.858411672724035,0.9965239048006426,0.9955744097501887,0.528,0.5419440745672437,1,0.02384050004184246,21
6,0,10,A,18.341995500028133,552,29.999489976847865,4.198649254701654,4.100155155155015,4.13726676258945,0.9765414795159788,0.9853804191804142,0.45901639344262296,0.47368421052631576,1,0.04199550002813268,14
6,0,11,B,24.99431610002648,751,30.000930060361544,2.601492325877838,2.53969418872631,2.5581378003871804,0.9762451203346622,0.9833347478832065,0.6332665330661322,0.652,1,0.044316100026481564,21
6,0,12,A,15.020553800044581,451,30.00025502855688,4.093740178150297,4.081890309618732,4.07951286471106,0.9971053686809896,0.9965246173865229,0.34,0.36444444444444446,1,0.020553800044581294,11
6,0,13,B,24.997262299992144,751,30.00120002919813,4.23075026351245,4.208863825027664,4.205404464221381,0.9948268186204365,0.9940091478550128,0.5430861723446894,0.5786666666666667,1,0.04726229999214482,21
6,0,14,A,17.231432299944572,517,30.001020014506913,4.582079086094156,4.548665950879723,4.549244714608247,0.9927078658865064,0.9928341761744017,0.40406976744186046,0.4437984496124031,1,0.03143229994457286,13
6,0,15,B,20.35149819997605,609,30.001515112498172,3.376049510617681,3.357654797434919,3.3676438697835085,0.9945514089396762,0.9975102139919048,0.5208845208845209,0.555921052631579,1,0.0014981999760479425,16
6,0,16,A,15.620518599986099,470,30.0028202586369,3.3224809694245963,3.290984783002702,3.2977268960681125,0.9905202808648897,0.9925495214015415,0.32051282051282054,0.35181236673773986,1,0.020518599986099062,11
6,0,17,B,17.797840100014582,535,30.000794999180744,3.576487083795034,3.5155262789444888,3.5351730675447675,0.9829551167326293,0.9884484368928775,0.49014084507042255,0.5056179775280899,1,0.047840100014582276,13
6,0,18,A,14.052860699943267,423,30.0006600439944,4.241383899859787,4.194697798575134,4.223621954005432,0.9889927197379619,0.995812228679667,0.302491103202847,0.3293838862559242,1,0.0028606999432660984,10
6,0,19,B,16.466525799944066,494,30.00255020824426,4.910472501836246,4.887581166514956,4.882202992603068,0.9953382621911172,0.99424301648719,0.3708206686930091,0.40973630831643004,2,0.016525799944066222,12
70,0,0,A,18.110773899999913,548,30.001470072067338,6.409134860929223,6.3769779098704165,6.376113260892499,0.994982637788629,0.9948477289441938,0.3342541436464088,0.36380255941499084,1,0.010773899999911407,14
70,0,1,B,24.273344700000052,724,29.999130025248515,4.383958810258411,4.366196956152118,4.362614987158361,0.9959484441175107,0.9951313814696192,0.422680412371134,0.4605809128630705,2,0.0233447000000524,20
70,0,2,A,22.09530309999991,674,30.003810483775144,7.499273494603168,7.3763562287952364,7.392310155325811,0.9836094435152434,0.9857368397946371,0.31519274376417233,0.37147102526002973,3,0.045303099999909335,18
70,0,3,B,23.746448900000132,722,29.998230104547666,5.469892476843375,5.366053972310546,5.389657812381189,0.9810163536171091,0.9853315828781173,0.4219409282700422,0.4521497919556172,1,0.04644890000013291,19
70,0,4,A,16.105337599999984,492,30.002550216840444,4.555486828173496,4.522839527583393,4.534158239833682,0.9928334112639301,0.9953180441203546,0.2484472049689441,0.29327902240325865,1,0.005337599999982956,12
70,0,5,B,19.304567700000007,580,30.000750018827024,3.5338584343571418,3.505815502189192,3.5183713439120385,0.99206450040689,0.9956175124915776,0.48704663212435234,0.5181347150259067,1,0.00456770000000617,15
70,0,6,A,14.309518399999888,433,30.001155044355443,4.227331998903097,4.1934444640111534,4.206409633299563,0.9919837062949548,0.9950506925860182,0.34265734265734266,0.3888888888888889,0,0.00951839999988735,10
70,0,7,B,20.302604900000006,612,30.0026402322792,4.780766550959015,4.741051274390765,4.766782164409054,0.9916926969462077,0.9970748652123254,0.3768472906403941,0.4075286415711948,1,0.002604900000005017,16
70,0,8,A,13.335325000000012,403,29.99674535299589,4.120919194824098,4.0807529693248785,4.078584252844024,0.9902530907304204,0.9897268206488381,0.29699248120300753,0.31592039800995025,1,0.03532500000001093,9
70,0,9,B,21.737813799999913,655,30.000480007542482,4.71215230284223,4.661147925103498,4.682716270588101,0.9891759912539398,0.9937531662046717,0.38018433179723504,0.41743119266055045,1,0.0378137999999133,17
70,0,10,A,16.53391909999982,500,30.000480007542482,4.306154131236444,4.273272408129586,4.269688535645006,0.9923640162184773,0.9915317486369287,0.36363636363636365,0.3907815631262525,1,0.0339190999998209,12
70,0,11,B,20.1569214000001,613,30.00219015987273,5.221075071729722,5.143622454796127,5.185283742665149,0.9851653891450491,0.9931448353887171,0.41687344913151364,0.4444444444444444,1,0.006921400000102551,16
70,0,12,A,13.30464000000029,403,29.998815046677343,4.500987616772645,4.47618981841814,4.482875306921379,0.9944905872964197,0.9959759254205074,0.18045112781954886,0.21393034825870647,1,0.004640000000289746,9
70,0,13,B,25.00462520000019,757,30.00016500082694,5.0392618546800545,5.0074492106971125,5.004375339161125,0.9936870428843865,0.9930770584016131,0.396,0.421957671957672,2,0.004625200000191398,21
70,0,14,A,16.733821199999966,504,30.001380063649982,5.694565314996513,5.659000661895249,5.651310359214277,0.9937546325076638,0.9924041689945454,0.25748502994011974,0.2962226640159046,1,0.03382119999996647,12
70,0,15,B,19.933446699999877,598,30.0009300288456,4.616942021530809,4.573813749255214,4.571168753100764,0.9906586931188502,0.9900858039332995,0.4296482412060301,0.4489112227805695,1,0.03344669999987815,15
70,0,16,A,16.37299609999991,495,30.002190159668064,4.287697374053536,4.262826462658008,4.260265737280715,0.9941994713652061,0.9936022451260622,0.2691131498470948,0.2894736842105263,1,0.022996099999907926,12
70,0,17,B,18.97392889999992,573,30.00142506779115,3.5823295496855856,3.5510556677393708,3.5471273148426508,0.9912699595298373,0.9901733678170328,0.42744063324538256,0.4493006993006993,1,0.02392889999991965,15
70,0,18,A,16.67141390000006,509,29.99935501375799,3.529389659191434,3.503638934030346,3.5075255818050683,0.9927039155073097,0.9938051392740311,0.3003003003003003,0.33858267716535434,1,0.021413900000062824,12
70,0,19,B,24.304186599999866,729,29.999625004587777,4.732919485115122,4.713842497029752,4.7127901376586285,0.9959692979892503,0.9957469491040785,0.3724279835390947,0.4065934065934066,1,0.004186599999865592,20
77,1,0,A,25.00944810011424,749,30.000525037633484,1.8692352725699788,1.8624911768066439,1.859766544695651,0.9963920562262542,0.9949344376209479,0.732,0.7459893048128342,7,0.009448100114241242,21
77,1,1,B,25.005381299881265,751,30.002730241299197,2.6796275124559203,2.662389712121394,2.667821798666326,0.9935670908533374,0.9955942705712951,0.65,0.6666666666666666,6,0.005381299881264567,21
77,1,2,A,25.014814299996942,751,30.00084000197595,3.821784334028285,3.801662503896586,3.8022618476961094,0.9947349645157789,0.9948917875458455,0.476,0.508,12,0.014814299996942282,21
77,1,3,B,25.003590899985284,751,30.00120002919813,2.2942420869772335,2.282440765332762,2.2796529351272956,0.9948561131750396,0.9936409710497641,0.464,0.49066666666666664,6,0.003590899985283613,21
77,1,4,A,25.00072419992648,751,30.002235207991696,3.6661006602176323,3.6468714005997755,3.648652560155615,0.9947548467977103,0.9952406925834433,0.47,0.488,12,0.0007241999264806509,21
77,1,5,B,25.007509500021115,751,29.999309982677484,3.0239568915060953,3.008860993021033,3.0021708138597116,0.9950078989130219,0.9927955065405932,0.428,0.4613333333333333,7,0.007509500021114945,21
77,1,6,A,24.993658000137657,747,30.00011986867922,4.721008145651608,4.656804771199463,4.663980229870774,0.9864004948791961,0.9879203945383231,0.35070140280561124,0.37935656836461124,6,0.04365800013765764,21
77,1,7,B,25.014226500177756,750,30.00120002919813,3.8258786718902864,3.816003283915698,3.8086701607278344,0.9974187921725941,0.9955020760880664,0.42,0.45260347129506007,9,0.014226500177755952,21
77,1,8,A,25.023502900032327,752,30.003630334184866,6.281084921268315,6.21464818500203,6.214695338569158,0.9894227291783105,0.9894302364111723,0.294,0.32756324900133155,9,0.02350290003232658,21
77,1,9,B,24.997218700125813,751,30.00120002919813,5.582714621981096,5.5394231225868396,5.53303522859476,0.9922454393022702,0.9911012120894142,0.36072144288577157,0.38533333333333336,6,0.047218700125814195,21
77,1,10,A,25.000322999898344,751,30.004575757095523,4.540243511377857,4.5152105487849195,4.51400086115878,0.9944864273182255,0.9942199905900835,0.324,0.35733333333333334,10,0.00032299989834427834,21
77,1,11,B,24.999215200077742,750,30.002460192527007,3.5260927299685143,3.5170135552676123,3.5109427070558925,0.9974251457927531,0.9957034530646739,0.4308617234468938,0.4485981308411215,6,0.04921520007774305,21
77,1,12,A,24.993866799864918,751,30.00056998722989,5.465264775075695,5.44534530033983,5.4342445055489,0.9963552589754283,0.9943241049055368,0.3186372745490982,0.364,12,0.043866799864918704,21
77,1,13,B,24.997675399994478,751,30.001875155924058,3.5908746046657045,3.5724761146741795,3.5662382753476534,0.9948763206691709,0.9931391841736716,0.503006012024048,0.5373333333333333,7,0.04767539999447834,21
77,1,14,A,24.998568800045177,749,30.000705046384727,5.458997682789366,5.441375008465874,5.4324864390793,0.9967718113566799,0.9951435693417405,0.4148296593186373,0.4344919786096257,6,0.04856880004517805,21
77,1,15,B,25.012529500061646,752,30.000209870353753,3.1571225424767095,3.1434987009829793,3.1377769952705687,0.9956847283213015,0.993872411683151,0.552,0.5898801597869507,4,0.012529500061646104,21
77,1,16,A,25.01227160007693,749,29.99917504085114,4.671443177277631,4.644937581614316,4.642494174397823,0.9943260370173739,0.9938029851201834,0.408,0.4451871657754011,6,0.012271600076928735,21
77,1,17,B,24.99276089994237,751,29.999399979492686,3.4542567981645336,3.4368608530907476,3.429635900552595,0.9949639108814871,0.9928723024805158,0.48096192384769537,0.5226666666666666,5,0.04276089994236898,21
77,1,18,A,24.99724809988402,751,30.000885162076127,5.915466866537786,5.859508506091583,5.85280104056066,0.990540330677407,0.9894064445983782,0.3486973947895792,0.38666666666666666,14,0.04724809988401901,21
77,1,19,B,25.009398800088093,751,30.000570092007663,4.245164267844448,4.208671601887174,4.218550403414281,0.9914037093373058,0.9937307810131738,0.482,0.5106666666666667,6,0.009398800088092685,21
78,0,0,A,18.009709200356156,545,30.001110126364033,4.964223326153909,4.944137872437785,4.935413705710381,0.9959539584751749,0.9941965502857729,0.3055555555555556,0.3474264705882353,0,0.009709200356155634,14
78,0,1,B,24.992837300058454,757,29.999399979492686,3.6162432226725496,3.5938023372818235,3.583785141454105,0.9937944203393096,0.9910243644523289,0.5190380761523046,0.5529100529100529,0,0.042837300058454986,21
78,0,2,A,19.56748599978164,600,30.004350531222165,4.512223656426175,4.48565939540077,4.482552896606226,0.9941128226240352,0.9934243596773636,0.4219948849104859,0.4574290484140234,0,0.017485999781637673,15
78,0,3,B,25.01706250011921,754,29.999039995471684,4.1505655759563815,4.110024534657415,4.115605492310508,0.9902324055464117,0.9915770313693171,0.482,0.5099601593625498,0,0.01706250011920929,21
78,0,4,A,15.988181500229985,486,30.002009807679297,5.097738174520908,5.059026442529216,5.058288948009338,0.9924060964556444,0.9922614255261791,0.29153605015673983,0.3319587628865979,0,0.03818150022998523,12
78,0,5,B,25.02323989989236,757,30.001065070367808,4.422921684837776,4.346533826551312,4.359522305836158,0.9827290954419723,0.9856657242611919,0.43,0.46296296296296297,0,0.023239899892359972,21
78,0,6,A,19.737520100083202,600,29.998500245165395,5.438276365699089,5.384307273026163,5.389042558783055,0.9900760665615809,0.9909467993891288,0.31725888324873097,0.35225375626043404,0,0.037520100083202834,15
78,0,7,B,25.02039839979261,756,29.999579765201315,5.288319708781282,5.253013355824673,5.253058231245305,0.9933237105733258,0.993332196334986,0.452,0.47549668874172185,0,0.0203983997926116,21
78,0,8,A,18.702246699947864,563,30.0001650266114,5.5395449466443605,5.514206269838576,5.51684566672541,0.9954258559051617,0.9959023204726047,0.32887700534759357,0.3487544483985765,0,0.0022466999478645278,14
78,0,9,B,25.00332129979506,751,30.001740086233692,5.733313961325706,5.718220085407799,5.711125300626619,0.9973673383282821,0.9961298716852484,0.512,0.5426666666666666,0,0.00332129979506135,21
78,0,10,A,16.906011700164527,515,30.00093011275169,4.455712946029232,4.4040678826563955,4.424688365001994,0.9884092480825407,0.993037123036643,0.28402366863905326,0.31906614785992216,0,0.006011700164528122,12
78,0,11,B,25.015384800266474,752,29.999039995471684,4.227890206801735,4.215961253791221,4.206799638408093,0.9971785092736507,0.995011561946497,0.482,0.5086551264980027,0,0.015384800266474485,21
78,0,12,A,17.286017599981278,524,30.001829992843373,4.552568246991385,4.515643883253667,4.525673076913494,0.991889333287399,0.9940923082052279,0.2753623188405797,0.3173996175908222,0,0.03601759998127818,13
78,0,13,B,24.997964999638498,755,30.00268528522918,4.940683307917545,4.92292273922337,4.915765710805944,0.9964052404116425,0.9949566496051934,0.44288577154308617,0.47877984084880637,0,0.04796499963849854,21
78,0,14,A,14.75438359985128,445,30.003540207187655,4.9306686116287715,4.906423160980886,4.906137777420954,0.9950827255778854,0.9950248462957005,0.17966101694915254,0.20945945945945946,0,0.004383599851280451,10
78,0,15,B,25.015925500076264,753,30.00264022450165,4.357981932943697,4.3329678953288315,4.332972312731946,0.9942601786790867,0.994261192314109,0.514,0.550531914893617,0,0.015925500076264143,21
78,0,16,A,16.44279809994623,495,30.001695028345285,5.14108591282466,5.0901191022372405,5.093410724810927,0.9900863725190274,0.9907266307503626,0.2896341463414634,0.3117408906882591,0,0.04279809994623207,12
78,0,17,B,24.998964400030673,751,30.001605122544497,3.9367751339032067,3.931617299853033,3.9235853301274144,0.9986898326994208,0.9966495917782545,0.685370741482966,0.704,0,0.04896440003067326,21
78,0,18,A,16.351259700022638,495,30.001829992843373,4.693138788220164,4.666147060585192,4.6700674080608735,0.9942486832687066,0.9950840192032675,0.2966360856269113,0.32793522267206476,0,0.001259700022636423,12
78,0,19,B,25.002635200042278,756,30.00228016271293,6.414362043597104,6.389442029738683,6.385855632369647,0.9961149661199282,0.9955558462347923,0.354,0.3801324503311258,0,0.0026352000422775745,21
79,0,0,A,25.024322899989784,754,29.999579765201315,3.865828039179425,3.844443119546927,3.839614449207213,0.9944682175679399,0.9932191526093395,0.356,0.38778220451527223,0,0.024322899989783764,21
79,0,1,B,25.000834200065583,754,30.000029867544704,2.426419474384349,2.418728045137347,2.4166772742324234,0.9968301320821894,0.9959849480871822,0.626,0.6547144754316069,0,0.0008342000655829906,21
79,0,2,A,21.48326320014894,660,30.002459982945062,3.985237849128983,3.963628239765848,3.9585354183307637,0.9945775860359607,0.9932996644594111,0.4382284382284382,0.4673748103186646,0,0.0332632001489408,17
79,0,3,B,24.999160499777645,755,30.00282004904992,4.507224652251792,4.48951717330584,4.483629595455642,0.9960713121017597,0.9947650586299571,0.3527054108216433,0.3912466843501326,0,0.04916049977764558,21
79,0,4,A,21.42594029987231,645,29.99841014898574,3.8264470869351594,3.7991522603648513,3.798166498633868,0.9928667962864292,0.9926091782641262,0.397196261682243,0.4301242236024845,0,0.02594029987231039,17
79,0,5,B,25.001218399964273,754,30.00165018016285,4.266456504994233,4.245126824063812,4.246641183637406,0.9950006097787584,0.9953555552872433,0.424,0.45683930942895085,0,0.001218399964272976,21
79,0,6,A,20.598847299814224,628,30.00156006506148,4.636449654589159,4.553592582311957,4.563902421258113,0.9821291983198416,0.9843528478176748,0.24574209245742093,0.291866028708134,0,0.04884729981422353,16
79,0,7,B,25.00040749972686,766,30.001740295805583,3.291836057957185,3.248986227871395,3.2745980043100236,0.9869829999637403,0.9947633924218393,0.538,0.5686274509803921,0,0.0004074997268617153,21
79,0,8,A,25.02226940030232,765,30.000885057296156,4.3768290520555135,4.360122849654639,4.350084774392812,0.9961830352060406,0.9938895768272829,0.368,0.41361256544502617,0,0.02226940030232072,21
79,0,9,B,25.00654219975695,768,30.002370282140248,4.439786680821269,4.421744199187858,4.415072674582287,0.9959361827649624,0.9944335149376117,0.408,0.4511082138200782,0,0.00654219975695014,21
79,0,10,A,23.532783499918878,715,30.002190043827003,4.743473250638046,4.7139143845829405,4.707138081445402,0.9937685184477156,0.9923399654066234,0.3127659574468085,0.3557422969187675,0,0.03278349991887808,19
79,0,11,B,25.013348599895835,763,30.001155182495587,3.811158127960387,3.7911216513154784,3.781977240574556,0.9947426803160142,0.9923433018504936,0.408,0.46194225721784776,0,0.013348599895834923,21
79,0,12,A,18.23270669998601,562,30.004440663087678,4.576383444333157,4.560891792663009,4.55072082934427,0.9966148702663168,0.9943923809486147,0.21978021978021978,0.27629233511586454,0,0.0327066999860115,14
79,0,13,B,25.008208399638534,754,30.00111033592712,4.429474808676009,4.414095945066844,4.405718147781846,0.9965280616160087,0.9946366867585225,0.338,0.37715803452855245,1,0.008208399638533592,21
79,0,14,A,15.985411399975419,485,30.001020224068743,4.41330930567131,4.378777469210278,4.3771263103309295,0.992175523157496,0.9918013914651566,0.2727272727272727,0.2975206611570248,0,0.035411399975419755,12
79,0,15,B,23.131823800038546,696,30.00165018016285,4.302365002814643,4.274298059458936,4.268100973629527,0.9934763918595134,0.9920360013242251,0.36796536796536794,0.40575539568345326,0,0.0318238000385449,19
79,0,16,A,22.04282099986449,666,30.00084000197595,4.97981509199096,4.914799561856219,4.921179784962271,0.9869441878998066,0.9882254047699497,0.25,0.2796992481203007,1,0.04282099986448884,18
79,0,17,B,21.764948300085962,654,30.00128972300545,4.803030617342957,4.767767671337121,4.7706616599445635,0.9926581883782903,0.9932607222445107,0.32413793103448274,0.3660030627871363,0,0.014948300085961819,17
79,0,18,A,18.282200600020587,550,30.00084000197595,4.296614039292134,4.267025540764497,4.259663669827033,0.9931135311999045,0.9914001189943538,0.16986301369863013,0.19672131147540983,1,0.032200600020587444,14
79,0,19,B,25.000548399984837,751,29.999850076441177,3.799195380573055,3.7843293659762067,3.781463563089873,0.9960870623625032,0.9953327439873578,0.33,0.37066666666666664,1,0.0005483999848365784,21
82,1,0,A,24.337681700000758,734,30.000210001322824,7.20497295576937,7.0572383349912755,7.092418416560239,0.9794954649122178,0.9843782148940611,0.41975308641975306,0.4488403819918145,3,0.03768170000075699,20
82,1,1,B,24.99904499999866,758,30.00129005536339,6.934544637361867,6.859481799804501,6.857836584009519,0.9891755203142044,0.9889382710237293,0.5711422845691383,0.5957727873183619,3,0.04904499999866019,21
82,1,2,A,21.848423400000684,658,30.000030000149295,5.501896400642384,5.336250167895669,5.379370431099533,0.9698928840740486,0.9777302296116399,0.5022935779816514,0.5205479452054794,2,0.048423400000682904,17
82,1,3,B,25.008663700000398,752,30.00138006405929,5.6506709207289925,5.596053021125121,5.611988171322105,0.9903342628919496,0.9931543085857322,0.496,0.5193075898801598,6,0.008663700000397512,21
82,1,4,A,17.340796899999987,523,29.99890504052299,4.786159985385982,4.754123190802236,4.752298219911461,0.9933063678018356,0.9929250661118905,0.3352601156069364,0.367816091954023,2,0.040796899999985925,13
82,1,5,B,25.000480499998957,754,30.000840023259318,5.302900941386195,5.2277481706839195,5.234829242039247,0.9858279889568086,0.9871633092717825,0.65,0.6759628154050464,2,0.0004804999989573844,21
82,1,6,A,18.25465509999958,550,30.00129005536339,5.957935392297133,5.918175173263345,5.915738224382629,0.9933265105416897,0.9929174848104161,0.2602739726027397,0.2786885245901639,3,0.00465509999958158,14
82,1,7,B,25.00484620000134,751,30.001470071658026,7.033535766945009,6.91339681236309,6.955835456394809,0.9829191236722606,0.9889528804395418,0.656,0.6826666666666666,1,0.00484620000133873,21
82,1,8,A,14.367157299999235,434,30.001020035790535,4.466247201263645,4.429579491136878,4.43430833400078,0.9917900401669678,0.9928488357621967,0.313588850174216,0.3394919168591224,1,0.01715729999923532,10
82,1,9,B,25.000940100000662,752,30.000030000149295,7.217752087537661,7.195056197294634,7.152681637736915,0.9968555458863413,0.9909846654454788,0.526,0.5579227696404794,1,0.0009401000006619142,21
82,1,10,A,17.36478419999912,522,29.999760001620462,6.754970916759653,6.670878117529862,6.663744559637316,0.9875509753830103,0.9864949296974771,0.34293948126801155,0.3742802303262956,3,0.014784199999120062,13
82,1,11,B,24.996681399999943,751,30.000840023259318,6.698645906646949,6.601959824728587,6.602936208114652,0.985566324408576,0.9857120827304329,0.46893787575150303,0.5,3,0.04668139999994381,21
82,1,12,A,17.35152449999987,522,29.99967000264515,3.5771658957045944,3.5288198111500866,3.560238061266016,0.9864848078159972,0.9952678083901825,0.4610951008645533,0.4836852207293666,3,0.001524499999867146,13
82,1,13,B,25.00715780000064,753,30.00070501609713,7.3299587979521865,7.258150955827468,7.186045893441644,0.9902035135388784,0.9803664783831052,0.516,0.538563829787234,2,0.007157800000641146,21
82,1,14,A,17.913358800000424,539,30.00241519469506,6.9890603370746405,6.917778975271418,6.899120283599168,0.9898010092393824,0.9871313096270796,0.3994413407821229,0.4256505576208178,5,0.01335880000042522,13
82,1,15,B,25.011178100001416,752,30.000030000149295,5.1726239131599145,5.109366603255725,5.111449370557992,0.9877707502099169,0.9881734021980052,0.532,0.5619174434087882,2,0.011178100001416169,21
82,1,16,A,16.234199399999852,488,29.99940001223319,6.565952805120477,6.50504305939646,6.495410929253709,0.9907233957459279,0.9892564144214141,0.36419753086419754,0.4004106776180698,5,0.034199399999852886,12
82,1,17,B,24.999112999999852,756,30.00129005536339,6.765466879603505,6.693631988795921,6.633437160494854,0.9893821236455755,0.9804847586340725,0.6292585170340681,0.6529801324503312,2,0.04911299999985275,21
82,1,18,A,22.34077889999935,672,29.997150270196112,6.3812966428428535,6.284696563888691,6.315126135386052,0.984861998374185,0.9896305545470893,0.5067264573991032,0.5305514157973175,5,0.04077889999934925,18
82,1,19,B,25.003482500000246,751,29.998725053371647,7.205478797474439,7.142271563159229,7.120558336231747,0.9912278925395819,0.9882144596314049,0.568,0.5853333333333334,7,0.0034825000002456363,21
83,0,0,A,25.023813200001314,756,30.001470071658026,3.9746046715906447,3.9644751778374303,3.9628512706025907,0.9974514462216539,0.9970428754658133,0.428,0.4423841059602649,1,0.023813200001313817,21
83,0,1,B,24.99406590000035,764,29.999760001620462,2.2332339552127136,2.2279663402699423,2.224794400973776,0.9976412614851767,0.9962209269569637,0.6412825651302605,0.6566186107470511,1,0.04406590000035138,21
83,0,2,A,25.005712899999708,755,30.00156008061546,5.316281410870994,5.294501588906559,5.282706035897274,0.9959031848991481,0.9936844248114737,0.354,0.3806366047745358,1,0.005712899999707588,21
83,0,3,B,25.00182070000119,752,30.00129005536339,3.8174157946801692,3.805912095215363,3.803646826711692,0.996986521750961,0.9963931180911272,0.358,0.37683089214380827,1,0.0018207000011898344,21
83,0,4,A,23.750528999999005,720,30.001110041229026,4.644524394041848,4.6120581301300945,4.625906079507461,0.993009776425461,0.9959913409953727,0.36210526315789476,0.3810848400556328,1,0.0005289999990054639,19
83,0,5,B,25.01818749999984,760,30.000840023259318,3.987061198289891,3.968163399170079,3.9572013330967586,0.9952602184466299,0.9925108084104804,0.396,0.43610013175230566,1,0.01818749999983993,21
83,0,6,A,20.755140899998878,622,29.997870151262152,3.943237713581519,3.9251096854337577,3.9284545013635404,0.9954027554348743,0.9962509964420705,0.3349397590361446,0.3526570048309179,0,0.005140899998878012,16
83,0,7,B,25.00529120000101,761,30.001785106599872,3.904696245050126,3.880556038133795,3.8873867622373197,0.9938176479292256,0.995567009127855,0.472,0.48947368421052634,1,0.0052912000010110205,21
83,0,8,A,20.424733800000467,617,30.001470071658026,4.60735756691115,4.588370681025612,4.584410952234768,0.9958790075200811,0.9950195715563342,0.30392156862745096,0.336038961038961,1,0.024733800000468875,16
83,0,9,B,25.0232218000001,753,30.00340538695478,4.047735021902588,4.01871023496078,4.017814751934897,0.992829375741062,0.9926081450970012,0.456,0.48404255319148937,1,0.02322180000010121,21
83,0,10,A,20.521382999999332,620,30.000300003538158,4.081383813731617,4.068449419638749,4.065716774443749,0.9968308802398463,0.9961613413482072,0.37073170731707317,0.3990306946688207,1,0.02138299999933224,16
83,0,11,B,21.869378000001234,661,30.00300030066375,3.471842486665981,3.457711940633059,3.458349110583783,0.9959299576270548,0.996113482643864,0.3707093821510298,0.39545454545454545,2,0.019378000001232465,17
83,0,12,A,19.81615039999997,598,30.002640232688545,4.8655338383336915,4.83558454659533,4.836580545014137,0.9938446031343153,0.9940493079934122,0.32575757575757575,0.34840871021775544,1,0.016150399999968812,15
83,0,13,B,25.019516000000294,778,30.00354041842217,3.3677291417572364,3.333228322645115,3.3378930501825392,0.9897554649854889,0.991140590493234,0.558,0.5855855855855856,1,0.019516000000294298,21
83,0,14,A,20.771607999999105,626,29.999490007951525,4.679738054180775,4.656563674087939,4.654892610018566,0.9950479322080575,0.9946908472494496,0.35903614457831323,0.3808,1,0.021607999999105232,16
83,0,15,B,25.013802999999825,758,30.00192012266471,4.041650989698299,4.01844562930378,4.017150445583921,0.9942584452606948,0.9939379861900923,0.52,0.5442536327608983,1,0.01380299999982526,21
83,0,16,A,21.60231759999988,669,30.00646639433255,4.697698356197659,4.651717305501456,4.673451435212363,0.9902120044307356,0.9948385530217565,0.39351851851851855,0.42065868263473055,0,0.002317599999877018,17
83,0,17,B,22.667881000001216,686,29.998680057739747,3.899065170417325,3.881093378060421,3.8813676132747834,0.9953907432752707,0.9954610768558538,0.45253863134657835,0.4686131386861314,0,0.01788100000121773,18
83,0,18,A,25.001942099999724,754,29.99751020722861,3.301024095652383,3.292337753130295,3.2845187759284933,0.9973685916035789,0.9949999396412683,0.446,0.4674634794156706,1,0.0019420999997237232,21
83,0,19,B,25.021493700000065,753,30.001155044969398,4.241297340817035,4.227264642304733,4.222124611416029,0.996691413644298,0.9954795130215245,0.394,0.42154255319148937,1,0.021493700000064564,21
84,0,0,A,22.988622700000633,691,29.997915144464493,5.254900724764541,5.231364746976375,5.229904230436916,0.9955211375017516,0.9952432033187945,0.289760348583878,0.32608695652173914,0,0.038622700000633614,19
84,0,1,B,24.998711999998704,751,30.004845782542418,7.227345951351212,7.200812911124036,7.192251811032812,0.996328798924837,0.9951442561965864,0.2625250501002004,0.2946666666666667,3,0.048711999998705124,21
84,0,2,A,25.013706899999306,752,30.0009300292549,2.491144344472596,2.4771447260086674,2.4730344002274824,0.9943802459721006,0.9927302710156896,0.47,0.4993342210386152,1,0.013706899999306188,21
84,0,3,B,25.00389919999907,751,30.000120001284607,5.718150874788487,5.6934206555350695,5.694432783530727,0.9956751369813529,0.9958521396554377,0.366,0.38266666666666665,0,0.0038991999990685144,21
84,0,4,A,24.034389700000247,722,30.00129005536339,4.308851016716417,4.290399902007623,4.282105180273142,0.9957178573505531,0.9937928147574577,0.39375,0.420249653259362,1,0.0343897000002471,20
84,0,5,B,22.86003359999995,687,30.00124505203658,5.185199455530565,5.160188266239947,5.158285695913877,0.9951764267690916,0.9948095035017445,0.2735229759299781,0.29300291545189505,0,0.010033599999950127,18
84,0,6,A,21.965063599998757,660,30.001110041229026,5.0508749987758295,5.033514238483086,5.020356488743191,0.9965628212345482,0.9939577776048636,0.31890660592255127,0.3535660091047041,1,0.015063599998757837,18
84,0,7,B,24.9949732999994,751,30.00138006324067,5.584774523166128,5.567902184976772,5.560529725857198,0.9969788685076957,0.9956587688171904,0.2925851703406814,0.31733333333333336,0,0.04497329999940192,21
84,0,8,A,25.023965500000486,750,30.001110041229026,5.607657497233745,5.587832579680306,5.578243243294587,0.9964646703970028,0.9947546272300566,0.304,0.32977303070761016,1,0.023965500000485918,21
84,0,9,B,21.032566100000622,632,30.002100146520615,4.521026812310621,4.503647281798758,4.498473272565702,0.996155844405846,0.9950114120793297,0.30714285714285716,0.34231378763866877,0,0.0325661000006221,17
84,0,10,A,22.409817900001144,674,30.000030000149295,5.6810171809349175,5.626161779958605,5.633103496873316,0.9903440881748425,0.9915660026126314,0.22321428571428573,0.2511144130757801,2,0.009817900001145574,18
84,0,11,B,25.006412400000045,751,29.999940001191078,4.592511248562252,4.577609446503886,4.567867059804222,0.9967551953056117,0.9946338315957864,0.288,0.32133333333333336,0,0.006412400000044727,21
84,0,12,A,24.063892199999827,724,30.002820263549093,4.342298222254936,4.319470785262464,4.31368562412725,0.9947430057024923,0.99341072476758,0.32432432432432434,0.3499308437067773,1,0.013892199999826715,20
84,0,13,B,24.995995900000707,751,30.002415193876384,4.634076161889202,4.563417853366946,4.568661176947527,0.9847524498834629,0.985883921054287,0.2865731462925852,0.32666666666666666,0,0.04599590000070819,21
84,0,14,A,21.528398399999787,647,30.002235166239668,6.579531357622596,6.514410945775258,6.499498585743787,0.9901025759574967,0.9878360984196711,0.25116279069767444,0.2786377708978328,1,0.028398399999787216,17
84,0,15,B,23.178094099999726,694,29.998320094269946,5.376510375751781,5.33916718678406,5.305912481697467,0.9930543816792133,0.9868691978401617,0.28293736501079914,0.3088023088023088,0,0.028094099999727007,19
84,0,16,A,19.962248799998633,600,29.999580005846873,4.785159117933138,4.766341425572521,4.762876880213676,0.9960674886880784,0.99534346984702,0.2731829573934837,0.2921535893155259,0,0.012248799998634041,16
84,0,17,B,25.023521699999037,752,30.001470073295277,4.423533962510847,4.409200218672538,4.3993446255921,0.9967596623062496,0.994531671481727,0.328,0.355525965379494,2,0.023521699999037082,21
84,0,18,A,24.160843400000886,723,30.001470071658026,4.968964515538063,4.942345961150359,4.9383459535693355,0.9946430379399034,0.9938380397217605,0.2587991718426501,0.28254847645429365,1,0.010843400000887016,20
84,0,19,B,24.99343560000125,751,30.0005250089834,4.6080890798907115,4.580911403865424,4.580554257280879,0.9941021808489146,0.9940246765779784,0.3727454909819639,0.408,0,0.04343560000124924,21
85,0,0,A,25.01125619999948,754,30.001020034153335,4.831707376448571,4.816507459726213,4.806638636761626,0.9968541313581101,0.994811618805986,0.444,0.47808764940239046,0,0.011256199999479577,21
85,0,1,B,25.00095709999914,754,29.999220020779365,5.225986313291417,5.190205062379355,5.20637069120834,0.9931532061572649,0.9962465224921873,0.39,0.42762284196547146,0,0.0009570999991410645,21
85,0,2,A,22.467787399998997,677,30.002370187173995,5.844720582795413,5.794803472494861,5.804427409270248,0.9914594530921651,0.9931060564907461,0.37193763919821826,0.4068047337278107,0,0.0177873999989977,18
85,0,3,B,25.009774100000868,754,29.999670004282205,4.312816751360948,4.304855066880777,4.300890146707218,0.9981539478862257,0.9972346136315745,0.57,0.5962815405046481,0,0.009774100000868202,21
85,0,4,A,20.25312760000088,615,30.002460201532482,6.193646359870902,6.155561356315554,6.167054837402262,0.9938509560697388,0.9957066450159426,0.43950617283950616,0.4771986970684039,0,0.003127600000880193,16
85,0,5,B,24.99904449999849,752,30.000210001322824,4.279779336896388,4.266100580338847,4.262042017616501,0.9968038640591549,0.9958555528489585,0.4749498997995992,0.5019973368841545,0,0.04904449999849092,21
85,0,6,A,20.71854390000044,624,30.001830112365557,6.426833058084485,6.359686332492274,6.375470823834556,0.9895521285545537,0.9920081580172183,0.357487922705314,0.39486356340288925,0,0.018543900000441482,16
85,0,7,B,25.007684700000027,741,30.00034500402977,1.9369413474574355,1.9101886196135376,1.9185685422804568,0.9861881580053957,0.9905145268331971,0.548,0.5743243243243243,0,0.007684700000027078,21
85,0,8,A,22.124600899998768,667,30.00529593401457,6.589753393048487,6.572136708955616,6.557799749990068,0.9973266550290858,0.995151010796227,0.3597285067873303,0.3978978978978979,0,0.02460089999876658,18
85,0,9,B,25.00653330000023,758,30.00156008143409,4.801618145110134,4.768026411699928,4.764395581966101,0.9930040806255251,0.9922479126787831,0.442,0.48348745046235136,0,0.006533300000228337,21
85,0,10,A,20.93865939999887,635,30.00129005536339,4.4572527263336745,4.399137854301838,4.419021300071165,0.986961728311143,0.9914226478483851,0.4688995215311005,0.5031545741324921,0,0.03865939999887047,16
85,0,11,B,25.000705099999323,751,30.00043500705514,4.072499072333704,4.042989159311082,4.056215103501168,0.9927538564162983,0.9960014800388391,0.46,0.49333333333333335,0,0.000705099999322556,21
85,0,12,A,23.798007100000177,718,30.00336037728156,9.232283653851916,9.058150567038306,9.089433234740554,0.9811386766977249,0.984527076456131,0.2968421052631579,0.33472803347280333,0,0.04800710000017716,19
85,0,13,B,25.00077020000026,751,30.00129005536339,3.4702035616581313,3.449213184388169,3.4522493530603153,0.9939512547615701,0.9948261799981448,0.56,0.5986666666666667,0,0.0007702000002609566,21
85,0,14,A,17.58586439999999,529,30.00097503163661,4.149750407494156,4.055303747745688,4.093438679108912,0.9772403999098587,0.9864300926909848,0.38461538461538464,0.42045454545454547,0,0.03586439999999058,13
85,0,15,B,25.0124780999995,752,30.000300001901035,4.883111496740703,4.867398185740418,4.856017899766956,0.996782110953073,0.9944515710952265,0.414,0.45272969374167776,0,0.012478099999498227,21
85,0,16,A,19.43382229999952,585,30.0025502164311,6.119713108312494,6.073850551121295,6.06022180322722,0.992505766793397,0.99027874280504,0.28350515463917525,0.3133561643835616,0,0.03382229999952102,15
85,0,17,B,25.007364799999777,754,30.00075001780379,5.48910148200899,5.472714969309653,5.451405612692124,0.9970147185740608,0.9931325974860516,0.464,0.49667994687915007,0,0.0073647999997774605,21
85,0,18,A,19.94865579999896,601,30.000255002362987,5.012511139051726,4.931489256827058,4.9338011109862965,0.9838360693917589,0.984297286154197,0.41959798994974873,0.46166666666666667,0,0.04865579999896141,15
85,0,19,B,25.02088189999995,752,30.000210001322824,3.7578131111232635,3.746452361286425,3.7356571683554076,0.9969767656078451,0.994104032821038,0.48,0.511318242343542,0,0.020881899999949383,21
86,0,0,A,25.0207019999998,765,30.001740100969215,4.091980777085775,4.080248295352318,4.073259962921825,0.9971328111316758,0.9954249994846549,0.498,0.5353403141361257,0,0.020701999999801046,21
86,0,1,B,24.997473499999614,757,30.001785106599872,2.7564465420523483,2.746848012320056,2.742294095368369,0.99651778854193,0.9948656915822347,0.625250501002004,0.6455026455026455,2,0.04747349999961514,21
86,0,2,A,25.0206517000006,757,30.001335058825212,2.839686672601707,2.833721652643002,2.8272754937507294,0.9978994091086676,0.9956293844068344,0.636,0.6626984126984127,0,0.020651700000598794,21
86,0,3,B,25.003517300001477,760,30.000030000149295,2.513336481789823,2.506266013363387,2.5048829257507803,0.997186819800029,0.9966365203782732,0.642,0.6613965744400527,0,0.003517300001476542,21
86,0,4,A,25.0102521000008,766,30.001110041229026,3.452003396755685,3.4446555984118294,3.436621696904674,0.9978714394224637,0.9955441237788273,0.514,0.5529411764705883,0,0.010252100000798237,21
86,0,5,B,25.0127195999994,763,30.002100147339274,2.3890079958241524,2.367638246381759,2.3751418161807933,0.9910549694769768,0.994195842095298,0.666,0.7020997375328084,1,0.012719599999400089,21
86,0,6,A,25.00321669999903,753,30.00156008143409,2.9662214696812383,2.9572308893671106,2.9518568659448894,0.9969690124604573,0.9951572720098029,0.608,0.6316489361702128,1,0.0032166999990295153,21
86,0,7,B,25.001546800000142,753,30.001020034153335,3.4624271428329516,3.452444506096845,3.4502989887831745,0.997116867352207,0.9964972103240116,0.524,0.5571808510638298,1,0.0015468000001419568,21
86,0,8,A,25.020532299997285,762,30.001110041229026,2.490666651971297,2.4757541408656705,2.4740103523407275,0.9940126427220505,0.9933125134921663,0.648,0.6767411300919842,0,0.02053229999728501,21
86,0,9,B,25.01960759999929,755,30.000705015278545,3.0905318706839857,3.0795684589671053,3.077595064599856,0.9964525809227607,0.9958140518766867,0.61,0.6392572944297082,0,0.01960759999928996,21
86,0,10,A,22.64728539999851,684,30.00075001944096,3.992110705123693,3.9590391873959625,3.9582429878899554,0.9917157814072428,0.991516338164102,0.4557522123893805,0.4787701317715959,0,0.04728539999850767,18
86,0,11,B,25.00397729999895,759,30.000300003538158,2.8802331718000547,2.87130235546144,2.8680443899564674,0.9968992731470302,0.9957681267048356,0.58,0.600263852242744,0,0.003977299998950912,21
86,0,12,A,22.871777599997586,693,30.00138006405929,4.664996887716203,4.638487444887708,4.63730672444547,0.9943173718082643,0.9940642697225274,0.4551422319474836,0.48988439306358383,0,0.02177759999758422,18
86,0,13,B,24.995530200001667,762,30.00012000292171,2.259577602377199,2.2542532903449324,2.2444579977300156,0.9976436693182544,0.9933086588257573,0.6893787575150301,0.7161629434954008,0,0.045530200001667964,21
86,0,14,A,25.00507160000052,752,30.0008400248965,3.9429051240579103,3.934337595732031,3.9268848283467572,0.9978271025915374,0.9959369309666104,0.578,0.607190412782956,2,0.005071600000519538,21
86,0,15,B,25.01828779999778,753,30.001020035790535,4.47996061372213,4.472472932533036,4.460087876988282,0.9983286278977188,0.9955640822660409,0.472,0.5039893617021277,0,0.018287799997779075,21
86,0,16,A,25.021980199999234,761,30.000030000149295,4.561257832051795,4.547222128698982,4.5370523580624305,0.9969228436826822,0.9946932458368669,0.478,0.5210526315789473,0,0.021980199999234173,21
86,0,17,B,25.002048999998806,751,30.00048000795177,1.7822930925452676,1.7689807582787476,1.7765662991517672,0.9925307827751783,0.9967868397080965,0.746,0.7573333333333333,0,0.0020489999988058116,21
86,0,18,A,19.665430000000924,598,30.001650091750243,4.373560630361595,4.273220415550811,4.321213655417576,0.9770575457181925,0.9880310393822777,0.5674300254452926,0.5812395309882747,0,0.015430000000925759,15
86,0,19,B,25.008718099998077,756,30.001200048844787,3.540946363900855,3.534957673539293,3.5293148961670338,0.9983087316931385,0.996715152804233,0.514,0.5536423841059602,0,0.008718099998077378,21
87,0,0,A,25.005969399935566,721,30.000299977344188,2.401894888887921,2.394019905953659,2.3895863473856434,0.9967213457297008,0.9948754870334994,0.576,0.5736111111111111,0,0.005969399935565889,21
87,0,1,B,24.993366500013508,752,30.002100135059376,2.9505940560458175,2.93697937436189,2.9295704874528457,0.9953857828541236,0.9928748014150255,0.37675350701402804,0.40346205059920104,0,0.04336650001350861,21
87,0,2,A,19.451173400040716,586,30.002100135059376,3.999940615668783,3.9886017586862037,3.9846476202647985,0.9971652436693279,0.9961766943878921,0.2930591259640103,0.3162393162393162,0,0.0011734000407166434,15
87,0,3,B,25.01808290008921,753,30.00056998722989,1.9778985351135283,1.9734504686607952,1.9680973167954012,0.9977511149466128,0.9950446303770762,0.59,0.6117021276595744,1,0.018082900089211762,21
87,0,4,A,16.353058899985626,492,30.003450395125572,4.155589720389758,4.1314464614804045,4.14032302961434,0.9941901726267893,0.9963262276108465,0.2966360856269113,0.31771894093686354,0,0.003058899985624919,12
87,0,5,B,24.993768899934366,566,29.99958007951388,2.6527498684385216,2.6424277918585424,2.636969118286673,0.9961089144880233,0.994051172958445,0.48697394789579157,0.3398230088495575,0,0.043768899934367056,21
87,0,6,A,17.645684899995103,535,29.99769013233416,3.7645886713725307,3.6961198256679153,3.713443327772669,0.981812396603836,0.9864140951204597,0.3352272727272727,0.36329588014981273,0,0.04568489999510206,13
87,0,7,B,22.486180000007153,677,29.99805013633947,4.1002541826726375,4.079380569825274,4.080158254708243,0.9949091905239499,0.9950988580051162,0.27839643652561247,0.3032544378698225,0,0.03618000000715327,18
87,0,8,A,22.046115099918097,663,29.999220038786422,4.783399355652374,4.749492798564914,4.747257858677493,0.9929116190042978,0.9924443906335827,0.2590909090909091,0.29607250755287007,0,0.04611509991809726,18
87,0,9,B,24.999670100049116,547,30.002055128483565,3.588855317378655,3.580436632791108,3.575345874722797,0.9976542145494748,0.9962357238001655,0.46292585170340683,0.2875457875457875,0,0.04967010004911643,21
87,0,10,A,24.246983199962415,734,30.001740086233692,3.7109863063209447,3.6741332195653094,3.67519115629228,0.990069193547585,0.9903542759056548,0.3822314049586777,0.41882673942701226,0,0.04698319996241551,20
87,0,11,B,24.99984130007215,515,30.000344978654287,1.5882305350339763,1.5786295178835288,1.5781582856328886,0.9939548970135862,0.9936581943370884,0.7094188376753507,0.5953307392996109,0,0.04984130007214915,21
87,0,12,A,25.006526400102302,752,30.0009300079714,5.049178407129039,5.017085458753908,5.020139505670332,0.9936439266376846,0.9942487868090168,0.468,0.49001331557922767,0,0.006526400102302432,21
87,0,13,B,23.34490949998144,704,29.999939971723567,3.865585042430499,3.825911582189856,3.8278018885144625,0.9897367514088635,0.9902257605249113,0.3626609442060086,0.38975817923186346,0,0.04490949998143989,19
87,0,14,A,24.99758850003127,753,30.001290089745247,2.4048708616385683,2.3544806839028736,2.3640942474119773,0.9790466180369614,0.983044156392328,0.5991983967935872,0.625,0,0.0475885000312708,21
87,0,15,B,25.00632929999847,755,29.9992650368567,3.807381268124347,3.7836514605819516,3.7884084594188607,0.9937674202105623,0.9950168350975701,0.402,0.4230769230769231,0,0.006329299998469651,21
87,0,16,A,16.151628100080416,488,30.000660096383598,3.411940886091179,3.3643259340745613,3.3984482925217248,0.9860446140169894,0.9960454785062494,0.30030959752321984,0.3264887063655031,0,0.0016281000804170276,12
87,0,17,B,25.013535499922,751,30.000794999180744,3.752451913792526,3.744349200247017,3.7376875993727365,0.9978406882402072,0.9960654220869503,0.514,0.54,0,0.013535499921999872,21
87,0,18,A,15.063330599921755,455,29.9989950504599,4.18437846787646,4.16371035959925,4.160527815480481,0.9950606503604109,0.9943000728593072,0.3089700996677741,0.3392070484581498,0,0.013330599921754782,11
87,0,19,B,25.02164890000131,752,30.0006599916052,2.673201565136991,2.6648390364641386,2.6604461115676354,0.9968717178749579,0.9952283981366358,0.514,0.5392809587217043,0,0.021648900001309812,21
88,1,0,A,21.778077199938707,655,29.99850003563877,5.87798520824772,5.825901921094447,5.832290712702552,0.9911392619565983,0.9922261635702907,0.5011494252873563,0.5305810397553516,0,0.028077199938707054,17
88,1,1,B,24.99994429992512,806,30.00867243961996,3.1326341147568293,3.0662446424726237,3.0769700334090277,0.9788071412580658,0.9822309023943824,0.5831663326653307,0.6322981366459627,0,0.049944299925119395,21
88,1,2,A,23.248379099997692,712,29.999129990666987,4.766049218423396,4.728317833473948,4.725939144354154,0.992083299349156,0.9915842090102229,0.3857758620689655,0.4317862165963432,0,0.04837909999769252,19
88,1,3,B,25.012071599951014,755,29.999760024539363,4.3188835758891315,4.294890780005126,4.281972825028208,0.9944446763932352,0.9914536360584055,0.486,0.5318302387267905,0,0.012071599951013923,21
88,1,4,A,25.00122959993314,771,30.002415184870937,4.21759782082246,4.195051045747451,4.1975047634580545,0.994654119232589,0.9952359000981067,0.5,0.5493506493506494,0,0.0012295999331399798,21
88,1,5,B,25.001113099977374,792,30.003180333389356,4.77658347276017,4.747398456417722,4.746338663680351,0.9938899808809195,0.9936681083346919,0.562,0.6055625790139064,0,0.0011130999773740768,21
88,1,6,A,25.024651500047185,765,30.002235155596995,9.502273743553546,9.451534795961571,9.416627233878494,0.9946603361509768,0.9909867351766037,0.296,0.33638743455497383,0,0.024651500047184527,21
88,1,7,B,24.994719499954954,761,30.00043503406792,8.65165786085268,8.633019116219744,8.614493352475684,0.9978456447385335,0.9957043483486374,0.32665330661322645,0.3763157894736842,1,0.0447194999549545,21
88,1,8,A,25.000389100052416,758,30.0012001339803,5.000890512334866,4.962082660367496,4.97141060567817,0.9922398117152037,0.9941050685704911,0.476,0.5191545574636723,0,0.0003891000524163246,21
88,1,9,B,23.299658400006592,714,30.003810485003275,7.455242649568499,7.409084835369071,7.393519540658263,0.9938086771458606,0.9917208450735258,0.33978494623655914,0.37166900420757365,0,0.049658400006592274,19
88,1,10,A,17.791050100000575,540,30.00120002919813,6.678990546912078,6.4720340590439545,6.528208430028265,0.969013807338924,0.9774244152877976,0.23380281690140844,0.2820037105751391,0,0.041050100000575185,13
88,1,11,B,25.020505300024524,773,30.00142505060007,3.378200396917788,3.3623633202808114,3.3552633108743724,0.9953119783386959,0.9932102648308422,0.568,0.6178756476683938,0,0.02050530002452433,21
88,1,12,A,17.86578480002936,553,30.005250930951437,6.738309993159037,6.636886800993102,6.656253320583283,0.9849482745274551,0.9878223660444443,0.2661064425770308,0.3170289855072464,0,0.015784800029358337,13
88,1,13,B,25.021490299957804,772,30.00156006506148,3.3815771481168957,3.3689848021534585,3.3568904983767025,0.9962761914302474,0.9926996638967883,0.594,0.6446173800259404,1,0.021490299957804382,21
88,1,14,A,23.759489400079474,726,30.001740086233692,8.03979335434222,7.969508548886056,7.973746834180286,0.99125788408253,0.9917850475440063,0.3368421052631579,0.38068965517241377,0,0.009489400079473853,19
88,1,15,B,25.023740999982692,762,29.998140177976236,5.581105671429114,5.526208884942948,5.5245409727264665,0.990163815251305,0.9898649654687216,0.384,0.43495400788436267,0,0.0237409999826923,21
88,1,16,A,18.238077100017108,560,30.00471074751319,5.93443592541298,5.8927217060134645,5.885370265345181,0.9929708198177888,0.9917320431656048,0.30494505494505497,0.3595706618962433,0,0.038077100017108734,14
88,1,17,B,25.019712000037543,767,30.00120002919813,4.035181936249459,3.9749973815813817,3.9897515534090404,0.9850850455768999,0.9887414288728096,0.576,0.6227154046997389,0,0.019712000037543476,21
88,1,18,A,16.257748599979095,496,30.00074999652055,6.0000267559171,5.9361303064302255,5.9435820260877446,0.9893506392410899,0.9905925869791014,0.21846153846153846,0.26464646464646463,0,0.007748599979095161,12
88,1,19,B,25.003239799989387,761,30.000930060361544,6.74011168590787,6.713814275559709,6.701766291290612,0.9960983717223644,0.9943108665843877,0.418,0.4618421052631579,0,0.003239799989387393,21
89,0,0,A,15.921520599978976,485,30.002460192527007,3.542417920899525,3.5232764406229506,3.5258117431405154,0.9945964929311012,0.9953121912406109,0.22327044025157233,0.2603305785123967,0,0.021520599978975596,11
89,0,1,B,21.752440799959004,655,30.000750048910064,4.20810395102335,4.185529847764182,4.196107731025151,0.9946355642536638,0.9971492576852143,0.41379310344827586,0.42201834862385323,0,0.0024407999590039253,17
89,0,2,A,13.809525799937546,417,29.99728524945845,4.130679822855797,4.105587102416427,4.111598279601877,0.9939252807006423,0.9953805320014545,0.19202898550724637,0.21394230769230768,0,0.009525799937545543,9
89,0,3,B,22.425589699996635,677,30.003540416784695,4.637949886231215,4.599168212548982,4.596238841998261,0.9916381861310392,0.9910065772041257,0.43080357142857145,0.4526627218934911,0,0.02558969999663674,18
89,0,4,A,16.526822500047274,504,29.999849971668436,3.391582235198592,3.382322712536769,3.374300655009383,0.9972698516445435,0.9949045669570218,0.41515151515151516,0.44532803180914515,0,0.026822500047273934,12
89,0,5,B,18.677815399947576,571,30.000524985244756,3.1445023775474494,3.117746929342173,3.1165270197130344,0.9914913569802595,0.991103407001958,0.43699731903485256,0.4614035087719298,0,0.027815399947577646,14
89,0,6,A,14.590126399998553,445,30.00385549684572,3.416740918467535,3.3887641235467543,3.389803023970238,0.9918118477261283,0.9921159095348151,0.3539518900343643,0.3783783783783784,0,0.04012639999855239,10
89,0,7,B,22.892543699941598,701,29.999579974743025,3.8118598318765597,3.777329837439545,3.7782072057791405,0.9909414312278069,0.9911715992765525,0.4442013129102845,0.47714285714285715,0,0.04254369994159646,18
89,0,8,A,18.65378709998913,559,30.0006599916052,4.1529089923828675,4.124910479307458,4.14138287986366,0.9932580961618076,0.997224568961095,0.4289544235924933,0.45878136200716846,0,0.003787099989132514,14
89,0,9,B,16.804873100016266,507,30.001515060105987,3.248368096386336,3.236316201373282,3.2334570847539825,0.9962898616611642,0.9954096915158903,0.30952380952380953,0.3339920948616601,0,0.004873100016265397,12
89,0,10,A,15.734593000030145,477,30.001470055285516,4.317441174232005,4.289874002232432,4.279059811302226,0.9936149281745623,0.9911101596105459,0.1910828025477707,0.22899159663865545,0,0.03459300003014576,11
89,0,11,B,18.32681290002074,563,30.001200081589218,3.8005423818176602,3.779104215597828,3.7761227738436625,0.994359182436066,0.9935747044709132,0.3551912568306011,0.3932384341637011,0,0.026812900020740216,14
89,0,12,A,15.574876199942082,475,30.00124503320848,4.0887085368094604,4.0547472224026055,4.056099953875444,0.9916938773940204,0.9920247230536364,0.3054662379421222,0.34177215189873417,0,0.024876199942081456,11
89,0,13,B,15.978068700060248,481,30.002055128483565,3.594508945814004,3.5797349169559496,3.577617600692386,0.9958898338880866,0.9953007920202038,0.3448275862068966,0.3625,0,0.028068700060249085,12
89,0,14,A,13.589483199990354,410,30.00093011275169,3.9513857495197513,3.926057715918553,3.931617554650695,0.9935900883369141,0.9949971488176119,0.3062730627306273,0.33007334963325186,0,0.03948319999035377,9
89,0,15,B,17.469303600024432,525,30.002730241299197,3.9290479935303426,3.909061327998126,3.9126177099555592,0.9949131022158224,0.9958182532761529,0.33810888252148996,0.3702290076335878,0,0.019303600024432654,13
89,0,16,A,12.149863700033166,371,30.001965115737033,3.5062482332822147,3.4492557385953866,3.4609346065150204,0.9837454478705071,0.987076320969786,0.2396694214876033,0.2891891891891892,0,0.04986370003316587,8
89,0,17,B,16.43754800001625,494,30.0009300079714,4.15350900494357,4.127012988560593,4.132274258581323,0.9936208116194185,0.9948875164741493,0.375,0.39148073022312374,0,0.03754800001625114,12
89,0,18,A,17.336754400050268,524,29.999310087446453,4.218131514118037,4.159736562994796,4.170151364534772,0.9861562042511492,0.988625259923102,0.3265895953757225,0.34990439770554493,0,0.03675440005026687,13
89,0,19,B,21.035591599997133,633,30.002370177349903,4.485567913786541,4.441133821483128,4.449143496035148,0.9900939873930248,0.9918796418978651,0.3595238095238095,0.3876582278481013,0,0.03559159999713302,17
8,1,0,A,19.608427400002256,594,30.00011997345385,5.819291904695108,5.76939995181035,5.7731189832976915,0.9914264563967817,0.9920655429984251,0.5306122448979592,0.5649241146711635,0,0.008427400002254615,15
8,1,1,B,25.006095299962908,752,30.001109916800946,5.02435841585786,4.9911835896394745,4.972373512196369,0.9933972014986672,0.9896534245054223,0.37,0.3914780292942743,0,0.0060952999629080296,21
8,1,2,A,18.049109400017187,544,30.00146995050146,6.011380386389994,5.975014651118073,5.966579667042008,0.9939505183610982,0.9925473491164497,0.2833333333333333,0.3149171270718232,0,0.049109400017187,14
8,1,3,B,23.79060410009697,717,30.003135375970494,3.9396054201842237,3.9103185622154815,3.908425504004811,0.9925660428278696,0.992085523078107,0.4589473684210526,0.48743016759776536,0,0.0406041000969708,19
8,1,4,A,24.999206200009212,754,30.00138004604964,6.282799775720684,6.227572563255105,6.224286968012437,0.9912097767815236,0.9906868259697906,0.342685370741483,0.3798140770252324,2,0.04920620000921261,21
8,1,5,B,24.3716957999859,733,30.003270353427908,6.281197584231698,6.250187438872884,6.2465372719148595,0.9950630202373092,0.9944818942801847,0.30184804928131415,0.34153005464480873,0,0.0216957999858991,20
8,1,6,A,18.00372530007735,545,30.00093011275169,5.46283691976673,5.425769315573385,5.434079405952888,0.9932145870840077,0.9947357912681256,0.2777777777777778,0.3235294117647059,0,0.0037253000773489475,14
8,1,7,B,18.67329980013892,564,30.001289932571048,4.463213050280352,4.438623622834271,4.4369396950578865,0.99449064448211,0.9941133540060753,0.28418230563002683,0.30728241563055064,0,0.023299800138921967,14
8,1,8,A,17.36139089986682,525,30.000209975129007,5.892813758397962,5.861890713328685,5.840439968623773,0.9947524143241065,0.9911122611503631,0.2219020172910663,0.2595419847328244,0,0.01139089986681796,13
8,1,9,B,22.158851000014693,663,30.0009300079714,5.450007339406046,5.412846073898438,5.397705339802097,0.9931814283553501,0.9904033157486264,0.309255079006772,0.3504531722054381,0,0.008851000014693966,18
8,1,10,A,12.9803252001293,387,29.999399979492686,4.506091615524991,4.460580077540109,4.467617626087211,0.9898999971886769,0.9914617826887443,0.2702702702702703,0.30569948186528495,0,0.030325200129301066,9
8,1,11,B,18.62600789987482,560,30.002010017254953,5.3092166239611345,5.280739903525033,5.2369335364372915,0.9946363611709527,0.9863853572676577,0.3387096774193548,0.38640429338103754,2,0.026007899874819884,14
8,1,12,A,19.638030800037086,591,30.000029972318703,4.915088161167365,4.859504496043897,4.876361880492517,0.988691217064504,0.9921209387492147,0.3622448979591837,0.38813559322033897,0,0.03803080003708459,15
8,1,13,B,19.695813300088048,594,30.001110126364033,6.567125040662713,6.442388449523518,6.427331426169447,0.9810059058771009,0.978713118202001,0.4020356234096692,0.44350758853288363,0,0.0458133000880494,15
8,1,14,A,15.425144400214776,464,30.00156006506148,3.952181438821155,3.934811170864165,3.9289076981201174,0.995604891064371,0.9941111659316988,0.3474025974025974,0.3714902807775378,0,0.02514440021477604,11
8,1,15,B,20.785578900016844,627,30.001515112498172,5.229586819284165,5.151599785575051,5.1817360078639005,0.9850873431488821,0.9908499824032342,0.3132530120481928,0.33865814696485624,0,0.03557890001684427,16
8,1,16,A,15.24170619994402,460,30.001289932571048,4.020313952550054,3.945572970973153,3.966949371589661,0.9814091679259295,0.9867262652642975,0.3157894736842105,0.355119825708061,0,0.04170619994402003,11
8,1,17,B,25.001184100052342,755,30.00138004604964,4.026079166699873,4.007841388340326,4.01388875298324,0.9954700894829905,0.9969721376028914,0.522,0.5596816976127321,0,0.0011841000523418188,21
8,1,18,A,17.557919400045648,529,30.002235207991696,4.141348525425832,4.123014355538135,4.120206416155886,0.9955728985920566,0.9948948732181935,0.31339031339031337,0.3484848484848485,0,0.007919400045647507,13
8,1,19,B,25.00605640001595,750,30.000570092007663,4.406875769746841,4.385511987659985,4.384055547436808,0.9951521705618483,0.994821677872861,0.44,0.4699599465954606,0,0.006056400015950203,21
91,0,0,A,25.01139030000195,758,30.001470160069577,4.047591761449621,4.009796621630095,3.9962587247527543,0.9906623142730209,0.9873176348499924,0.466,0.5099075297225891,0,0.011390300001949072,21
91,0,1,B,24.999302100157365,755,30.000120078228477,4.52433212749043,4.421948388921637,4.422554971776908,0.9773704193936832,0.9775044906418097,0.6012024048096193,0.629973474801061,0,0.04930210015736591,21
91,0,2,A,20.707280799979344,625,29.99746521933301,5.157190132397146,5.064703805193334,5.0883617591302865,0.9820665275412636,0.9866539003798825,0.463768115942029,0.4967948717948718,0,0.007280799979344721,16
91,0,3,B,25.024567699991167,752,30.001020014506913,3.862518270061469,3.8355769504846604,3.7994253842624484,0.993024934073288,0.9836653495497857,0.636,0.6671105193075899,0,0.02456769999116659,21
91,0,4,A,16.479188499972224,496,30.001829992843373,4.006989831713289,3.9584179779107393,3.948131601544501,0.987878218851935,0.9853111106739141,0.3525835866261398,0.3939393939393939,0,0.029188499972224946,12
91,0,5,B,25.003414100036025,751,30.00025502855688,2.1041916033412504,2.07754939907863,2.073638083514141,0.9873385084227524,0.9854796874112635,0.722,0.7506666666666667,0,0.0034141000360250473,21
91,0,6,A,23.637382399989292,713,29.999985024340475,5.1111444748928,5.001645517566092,5.01021409200636,0.9785764308043738,0.9802528800775961,0.5148305084745762,0.5589887640449438,0,0.037382399989290604,19
91,0,7,B,25.02175739989616,755,30.00390061362426,5.719786245557059,5.622974847023,5.593291563189968,0.983074297818514,0.9778847186002191,0.39,0.42572944297082227,0,0.021757399896159768,21
91,0,8,A,18.93773190001957,576,30.00372046172354,4.48883196973414,4.378377521962564,4.406052233506198,0.9753934991293252,0.981558735816782,0.4444444444444444,0.48695652173913045,0,0.037731900019572606,14
91,0,9,B,25.019007199909538,752,30.00074989174152,3.9514405808182174,3.9187653513131275,3.8996742526011285,0.9917308058069485,0.9868993783005666,0.598,0.6351531291611185,0,0.01900719990953803,21
91,0,10,A,22.35689050005749,684,30.0028202586369,4.82712328297938,4.761010419268807,4.754432654985673,0.9863038791771304,0.9849412116218336,0.5525727069351231,0.5900439238653001,0,0.006890500057487259,18
91,0,11,B,25.010368899907917,753,29.999085045385538,2.760807653066748,2.7395051266046266,2.7345593713273364,0.9922839512421453,0.9904925351426584,0.682,0.7047872340425532,0,0.010368899907916784,21
91,0,12,A,22.408879900118336,680,30.002100135059376,6.391172686925424,6.291621336572616,6.3100819484014785,0.9844236175066178,0.9873120720568488,0.36160714285714285,0.41531664212076586,1,0.008879900118337503,18
91,0,13,B,25.004124199971557,757,29.99854508393091,3.8507509822078734,3.797968420687139,3.8141885161997884,0.9862929174686671,0.9905051076589945,0.578,0.6137566137566137,0,0.0041241999715566635,21
91,0,14,A,18.82773520005867,567,30.00138004604964,5.368899210667319,5.31767356353255,5.294277413035413,0.9904588175108613,0.9861010991818133,0.3191489361702128,0.3763250883392226,0,0.02773520005866814,14
91,0,15,B,24.995231500128284,758,30.00156006506148,2.7959597819366735,2.781447454602424,2.769957520972193,0.9948095364504145,0.9907000590164178,0.687374749498998,0.7186261558784677,0,0.04523150012828481,21
91,0,16,A,18.511140799848363,558,30.00075010129958,3.760749100858676,3.7302720703549124,3.7293882816932857,0.9918960213280898,0.9916610179715978,0.4945945945945946,0.5224416517055656,0,0.011140799848362803,14
91,0,17,B,24.998185499804094,755,30.003090209095607,4.26485715360093,4.247649346230378,4.2162211152095725,0.9959652089739925,0.9885960920519241,0.6292585170340681,0.6551724137931034,2,0.048185499804095144,21
91,0,18,A,20.771246100077406,626,29.99751005500447,4.850353720655249,4.811902942072718,4.808726026144035,0.9920725825791245,0.9914175961365576,0.4795180722891566,0.5072,1,0.021246100077405572,16
91,0,19,B,25.018894899869338,756,30.000120183003105,4.19667222190354,4.180549928286362,4.161765305932695,0.9961583147873612,0.9916822391349372,0.574,0.6132450331125828,2,0.018894899869337678,21
92,1,0,A,25.00495299976319,751,29.998320053347268,5.943484931299228,5.86802453354177,5.8813586689561435,0.9873036781232384,0.9895471658360033,0.502,0.536,0,0.004952999763190746,21
92,1,1,B,24.99460060009733,766,30.00120002919813,2.959002542508756,2.9438323031379916,2.9385365713786573,0.9948731915053028,0.9930834898462957,0.6292585170340681,0.6522875816993464,0,0.044600600097329135,21
92,1,2,A,19.025335299782455,576,30.00291017172064,5.130398986245341,5.076295766743464,5.073563305699351,0.9894543836362575,0.9889217815810492,0.42894736842105263,0.4608695652173913,0,0.025335299782454967,15
92,1,3,B,25.017404099926353,754,30.00075031085764,5.198500821591516,5.173888750013239,5.17539938616168,0.9952655443515459,0.9955561350815054,0.502,0.5338645418326693,0,0.0174040999263525,21
92,1,4,A,21.338161299936473,645,30.00097495878135,6.160959938402483,6.096445902546619,6.101009952973795,0.9895285740370205,0.9902693758719306,0.2136150234741784,0.26242236024844723,0,0.03816129993647266,17
92,1,5,B,25.00256219971925,759,30.00124487603475,5.508720442938712,5.479957039693982,5.4713864554136915,0.9947785690810287,0.9932227478392235,0.52,0.5474934036939314,0,0.002562199719250202,21
92,1,6,A,20.6494704997167,621,30.001695237916547,5.4115737023491475,5.342426192061766,5.3488384694744715,0.9872222916861754,0.9884072108548678,0.3640776699029126,0.3967741935483871,0,0.0494704997166977,16
92,1,7,B,24.992812999989837,754,30.00029976779242,4.868614251787748,4.849486115397227,4.836932122677837,0.9960711333037943,0.9934925776676027,0.5210420841683366,0.5644090305444888,0,0.04281299998983812,21
92,1,8,A,24.99495459999889,761,30.002325222358916,8.085002732784037,8.039322115958118,8.024893078655092,0.9943499565385813,0.9925652895718631,0.4649298597194389,0.49078947368421055,0,0.044954599998892064,21
92,1,9,B,25.01857540011406,753,30.001290142136646,10.061542958300574,10.01708750775474,9.971635105322088,0.9955816467981027,0.9910642082083132,0.434,0.4787234042553192,0,0.018575400114059448,21
92,1,10,A,16.469240800011903,499,29.99904020500585,5.069903565891086,5.010930739057351,5.0154033164727325,0.9883680574852572,0.9892502394355158,0.2674772036474164,0.3172690763052209,0,0.019240800011903758,12
92,1,11,B,25.01681530009955,752,30.00156006506148,4.104575884543076,4.084445255458633,4.080985444632196,0.9950955641579802,0.9942526486110986,0.504,0.5419440745672437,0,0.016815300099551678,21
92,1,12,A,14.840640099719167,448,29.99751047403007,4.671720891153116,4.625990866725559,4.626246831831905,0.9902113106726567,0.9902661009977445,0.2939189189189189,0.31543624161073824,0,0.040640099719166045,10
92,1,13,B,25.019289300311357,749,30.00043534839841,6.094218750968625,6.071119754381853,6.055379822098594,0.9962096869950557,0.9936269224231805,0.454,0.4959893048128342,1,0.019289300311356783,21
92,1,14,A,17.371834199875593,530,29.999850076441177,4.4190562025343505,4.385263251510859,4.384595980476367,0.9923529030918161,0.9922019045518768,0.45244956772334294,0.4896030245746692,0,0.021834199875591764,13
92,1,15,B,25.0205399999395,752,30.00011997345385,5.2704572068743865,5.233203070992846,5.226709612017295,0.9929315172442821,0.9916994687291967,0.512,0.5286284953395473,0,0.020539999939501286,21
92,1,16,A,17.857174700126052,539,30.00011997345385,5.908939198227073,5.874253023818735,5.84678093851531,0.994129881312919,0.9894806398193413,0.3473389355742297,0.38104089219330856,0,0.007174700126050482,13
92,1,17,B,25.005188999697566,755,29.999670077949656,4.368706362599234,4.338386903674904,4.32932129896015,0.9930598542433758,0.9909847308630625,0.54,0.5755968169761273,0,0.005188999697566032,21
92,1,18,A,17.09150440013036,514,29.999940181270308,4.854049401168645,4.79805923609546,4.789675386288433,0.9884652667400325,0.9867380799905512,0.31085043988269795,0.34502923976608185,0,0.04150440013036061,13
92,1,19,B,25.017565099988133,751,30.002235103202292,4.81825087463632,4.76493145794216,4.769361198634945,0.9889338645742094,0.9898532315411939,0.414,0.45866666666666667,0,0.017565099988132715,21
93,1,0,A,18.820499300025403,566,29.99840972993501,4.1887451184859525,4.163039681475919,4.167359745589342,0.9938632128995891,0.9948945633377806,0.34308510638297873,0.368141592920354,0,0.02049930002540279,14
93,1,1,B,25.020343099720776,752,29.997870421343727,4.721237104787784,4.711115397069813,4.70218513397998,0.9978561323031824,0.9959646231729214,0.55,0.5725699067909454,0,0.02034309972077608,21
93,1,2,A,15.363266400061548,462,29.999489662537187,4.5040324411698265,4.485010915286039,4.477417862266357,0.9957767786683954,0.9940909442258464,0.2996742671009772,0.3275488069414317,0,0.013266400061548111,11
93,1,3,B,25.026092399843037,753,30.0006599916052,2.960449130650232,2.94700132559768,2.942678109804195,0.9954575118642224,0.99399718756791,0.6,0.6170212765957447,2,0.02609239984303713,21
93,1,4,A,13.600120200309902,412,30.00291017172064,3.6960279897028023,3.6718767391948344,3.681300777968122,0.9934656202346807,0.9960153949657009,0.3235294117647059,0.34793187347931875,0,0.00012020030990278485,9
93,1,5,B,19.944909300189465,601,30.002055076089494,4.387906410066088,4.316811555387004,4.327842886529689,0.9837975453359743,0.9863115759719465,0.47738693467336685,0.49333333333333335,0,0.044909300189466705,15
93,1,6,A,12.915494800079614,388,30.00075031085764,3.8591100628533583,3.828115495541961,3.8334812692904423,0.9919684676501607,0.9933588850420175,0.21705426356589147,0.24031007751937986,0,0.015494800079613569,8
93,1,7,B,25.002946899738163,754,30.000659782048402,5.204642661220747,5.139249498553714,5.175078285787928,0.987435609527188,0.994319614744524,0.482,0.5112881806108898,0,0.002946899738162756,21
93,1,8,A,17.79882480017841,537,29.9992650368567,4.866737056340519,4.8328747934349945,4.830370234286141,0.9930421014093196,0.9925274734111641,0.23661971830985915,0.26119402985074625,1,0.04882480017840862,13
93,1,9,B,25.00270859990269,743,30.000570092007663,3.8307159916263833,3.8158724937876594,3.8074728826493804,0.9961251374752995,0.993932437427413,0.552,0.578167115902965,0,0.002708599902689457,21
93,1,10,A,13.215959299821407,396,30.002010226830617,3.6281721970332605,3.6137274473804446,3.6058137382192443,0.9960187254440053,0.9938375419908959,0.20075757575757575,0.21265822784810126,0,0.015959299821407313,9
93,1,11,B,20.0501097002998,602,29.999940181270308,4.188740340762337,4.100267469961308,4.1676342370701445,0.9788784064889238,0.9949612289196348,0.3541147132169576,0.3826955074875208,0,0.00010970029979873175,16
93,1,12,A,14.014560100156814,424,29.996880272760112,4.373117308180009,4.349267819464942,4.342515402233719,0.9945463414232095,0.9930022673096263,0.29285714285714287,0.32387706855791965,0,0.01456010015681386,10
93,1,13,B,19.685311499983072,595,30.00277519750394,4.318143526346278,4.2697299110530516,4.265742268422246,0.9887883265116502,0.9878648642398483,0.37659033078880405,0.4090909090909091,0,0.0353114999830737,15
93,1,14,A,13.618094000034034,408,30.001470369637694,3.790520941132515,3.767126288800433,3.766819800956738,0.9938281168484742,0.9937472604573725,0.21691176470588236,0.22604422604422605,0,0.018094000034034607,9
93,1,15,B,24.996159099973738,756,30.000029867544704,4.603427490732543,4.589656223958652,4.582203993646912,0.9970084753584987,0.9953896315021019,0.4649298597194389,0.495364238410596,0,0.046159099973738904,21
93,1,16,A,14.068259499967098,424,30.001109916800946,5.102758468853062,5.070758859262108,5.07265283045693,0.9937289586041986,0.9941001247501924,0.199288256227758,0.2198581560283688,0,0.018259499967097526,10
93,1,17,B,24.24549030000344,730,29.999759972153306,5.546654834833735,5.50295270947261,5.498443830156922,0.9921209942456363,0.991308093596515,0.3677685950413223,0.39643347050754457,0,0.0454903000034399,20
93,1,18,A,13.516352199949324,407,30.001020014506913,4.172678026774083,4.145473883629199,4.147926585715661,0.9934804116276579,0.9940682120931441,0.24444444444444444,0.2660098522167488,0,0.01635219994932413,9
93,1,19,B,25.000436100177467,751,30.001020014506913,6.09064689644748,6.064299690061425,6.067026564142334,0.995674153035957,0.9961218680533059,0.37,0.37466666666666665,0,0.00043610017746686935,21
94,1,0,A,25.001627100631595,754,30.00093053187284,5.8023726418086845,5.770777077704995,5.780927257332827,0.9945547164833866,0.9963040318504651,0.518,0.5365205843293492,0,0.001627100631594658,21
94,1,1,B,24.998136200010777,751,29.999850076441177,1.9518335489222585,1.945372589048107,1.943923916486198,0.9966897997640635,0.9959475886453392,0.627254509018036,0.664,1,0.04813620001077723,21
94,1,2,A,25.002096999436617,653,30.000434719737438,5.9490873314215085,5.8969862637634325,5.907922752233836,0.991242174680662,0.9930805219533,0.57,0.5322085889570553,1,0.0020969994366168976,21
94,1,3,B,25.01987149938941,754,30.00191969041751,3.104463881358228,3.0904918132425303,3.0844734877280535,0.9954993619994751,0.9935607581875204,0.626,0.6586985391766268,1,0.01987149938941002,21
94,1,4,A,22.88650230038911,682,30.000209660803243,5.016597345985351,4.911142030285436,4.941248276956409,0.9789787163635313,0.9849800444739218,0.562363238512035,0.5947136563876652,1,0.03650230038910962,18
94,1,5,B,25.00695679988712,751,30.001515217282545,2.0925167341240383,2.082398360787119,2.079292768478644,0.9951644958571119,0.9936803536957471,0.648,0.688,2,0.006956799887120724,21
94,1,6,A,24.999224999919534,751,30.00030018689596,5.387934586861748,5.33969685605099,5.338978319274103,0.9910470830643743,0.9909137227265115,0.44889779559118237,0.47733333333333333,2,0.04922499991953444,21
94,1,7,B,25.000839699991047,752,29.999850076441177,2.735658563294064,2.725480790108297,2.717909726122021,0.9962795893748115,0.9935120422518402,0.568,0.6005326231691078,1,0.0008396999910473824,21
94,1,8,A,22.65303980000317,676,30.002729507749187,5.73857987700338,5.7141066565962815,5.699795735577643,0.9957353176340419,0.9932415088302319,0.41721854304635764,0.4414814814814815,1,0.003039800003172388,18
94,1,9,B,25.00923079997301,753,30.000120392552365,2.849208741616725,2.8398067910943405,2.8341198953863778,0.9967001538409399,0.9947041976918177,0.616,0.6382978723404256,0,0.009230799973011017,21
94,1,10,A,24.873380900360644,749,30.00097495878135,6.876723492802164,6.832352636331148,6.830006865722778,0.9935476747731011,0.9932065572902148,0.2937625754527163,0.31684491978609625,1,0.023380900360642443,20
94,1,11,B,25.00985849928111,749,29.99998544343522,3.1423486414391597,3.1294723513797,3.1260634386673756,0.9959023356321268,0.9948175060663142,0.472,0.517379679144385,1,0.00985849928110838,21
94,1,12,A,25.778319200500846,682,30.00011997345385,6.278198215390997,5.387893338236299,6.237866303135332,0.8581910212754804,0.9935758778439344,0.47378640776699027,0.43759177679882527,3,0.02831920050084591,21
94,1,13,B,25.016066699288785,750,29.998680020089978,4.266197942272263,4.244021409793474,4.246558457664106,0.9948018041406261,0.9953964900658837,0.564,0.5901201602136181,2,0.016066699288785458,21
94,1,14,A,25.0022991001606,746,30.00191969041751,4.189266291195067,4.174445025561104,4.170287607015934,0.9964620855768671,0.9954696878021284,0.496,0.5248322147651007,1,0.002299100160598755,21
94,1,15,B,25.000878900289536,753,30.00084000197595,2.0753312771213537,2.070388440378781,2.067921690851708,0.9976182902474111,0.9964296850573546,0.696,0.7180851063829787,2,0.0008789002895355225,21
94,1,16,A,25.01965510006994,753,30.00246040210896,3.662920545401366,3.6495886977913745,3.64078097523228,0.9963603230141781,0.9939557601933569,0.564,0.5970744680851063,3,0.01965510006994009,21
94,1,17,B,25.025168899446726,755,29.998635180921084,5.3047929123190505,5.284340011566636,5.273648604473097,0.9961444487861312,0.9941290247591704,0.476,0.519893899204244,2,0.025168899446725845,21
94,1,18,A,20.281304399482906,612,29.99921977686557,3.682410681306577,3.6413704790562873,3.6371141631326127,0.9888550719074799,0.987699221489904,0.4567901234567901,0.486088379705401,3,0.031304399482905865,16
94,1,19,B,25.006411699578166,756,30.00092969363055,4.332438065929047,4.316014366034139,4.3071389540379545,0.9962091322149378,0.9941605369756931,0.52,0.5602649006622517,1,0.006411699578166008,21
95,0,0,A,25.011215499602258,759,29.999759972153306,3.7653228579723796,3.7387647497719483,3.736581486527001,0.992946658440139,0.9923668241663464,0.5,0.5435356200527705,10,0.011215499602258205,21
95,0,1,B,25.024288799613714,776,30.001650599304124,3.8488573128076773,3.83790973305058,3.828662185241977,0.9971556285756119,0.9947529549878354,0.476,0.5393548387096774,9,0.024288799613714218,21
95,0,2,A,23.321040299721062,706,30.001649761021593,3.7544144918634346,3.734213936758789,3.7333693613418033,0.9946195191957563,0.9943945639014445,0.5085836909871244,0.5418439716312057,14,0.021040299721061473,19
95,0,3,B,25.0261356998235,766,30.0002104990053,2.9790490822311093,2.970397746859832,2.967541677442345,0.9970959406399581,0.9961372221567608,0.592,0.6248366013071895,1,0.026135699823498726,21
95,0,4,A,22.104898000136018,665,30.000075549077508,4.798779897326945,4.762821275989914,4.767066689653589,0.9925067158514479,0.9933914019080098,0.3552036199095023,0.39759036144578314,1,0.004898000136016378,18
95,0,5,B,24.40137920062989,737,30.00151479814506,3.7440366235859006,3.725805247426714,3.7287159270261143,0.9951305561371018,0.9959079736391273,0.375,0.4266304347826087,1,0.0013792006298913861,20
95,0,6,A,20.821378800086677,641,30.001875260710946,4.2255273964435,4.184658864143779,4.193305913602916,0.9903281819130747,0.9923745653932562,0.40384615384615385,0.43125,0,0.021378800086676364,16
95,0,7,B,25.021891699172556,758,30.000389875322877,3.50678902554533,3.494605787265377,3.4898749259210806,0.9965258137312499,0.9951767558581261,0.4,0.4240422721268164,0,0.0218916991725564,21
95,0,8,A,17.793360800482333,557,30.002955442847902,3.934371926428325,3.8601154009992764,3.88270232371077,0.9811262059567257,0.9868671280489587,0.3352112676056338,0.3920863309352518,0,0.043360800482332706,13
95,0,9,B,25.002615999430418,760,30.000659782048402,3.1348474354905997,3.1242837590080175,3.118891554198828,0.9966302422366755,0.9949101569948412,0.572,0.5994729907773386,0,0.0026159994304180145,21
95,0,10,A,16.159500599838793,489,30.002685075644084,4.671407154248073,4.644461063981785,4.646313008146849,0.994231697350169,0.9946281398147013,0.1826625386996904,0.2151639344262295,0,0.009500599838794699,12
95,0,11,B,20.9669126002118,636,30.003810170602055,4.4322816458168255,4.39213596924847,4.396456444417191,0.9909424355723772,0.9919172100822053,0.2458233890214797,0.27244094488188975,0,0.016912600211799855,17
95,0,12,A,22.920326500199735,709,30.00358506102091,4.32591491833792,4.272656482004111,4.283009790496538,0.9876885150680975,0.9900818373335306,0.39956331877729256,0.4477401129943503,0,0.020326500199736586,18
95,0,13,B,25.015391600318253,759,29.999985024340475,3.754303864371126,3.7372094442009387,3.735056495490551,0.995446713748342,0.9948732522523722,0.392,0.4261213720316623,0,0.01539160031825304,21
95,0,14,A,25.024009900167584,760,30.001379836482784,3.3154288875729474,3.303841223804505,3.2952819257262163,0.9965049276695767,0.9939232713082018,0.48,0.5230566534914362,0,0.02400990016758442,21
95,0,15,B,25.004409999586642,759,30.000884847736213,6.086853450182649,6.075730007238901,6.001520570271932,0.9981725462860594,0.9859807894819357,0.384,0.4261213720316623,0,0.0044099995866417885,21
95,0,16,A,24.561821499839425,789,30.006286179682615,4.6094401641257425,4.595073100159203,4.578092985667983,0.9968831217121864,0.9931993523418032,0.39918533604887985,0.4606598984771574,0,0.011821499839424376,20
95,0,17,B,25.025639300234616,811,30.006196036729094,1.4971871618256924,1.4915630348310758,1.4859671689035803,0.9962435377900526,0.992505951688478,0.688,0.745679012345679,0,0.025639300234615803,21
95,0,18,A,23.1930397991091,697,30.0005252471884,4.348011064817598,4.262945240202786,4.27760195999499,0.9804356927002483,0.9838065948377337,0.3693304535637149,0.39798850574712646,0,0.04303979910910272,19
95,0,19,B,24.99902980029583,753,30.00084000197595,3.523719094422062,3.495116208194935,3.49030105874132,0.9918827564114278,0.9905162600124279,0.4148296593186373,0.45611702127659576,1,0.049029800295830483,21
97,1,0,A,19.82652949999965,596,30.00039000506567,3.542686858816312,3.526163491713213,3.526708802820502,0.9953359222077506,0.9954898480637522,0.3813131313131313,0.4016806722689076,1,0.026529499999650596,15
97,1,1,B,24.997592499999882,749,30.000435006236575,4.745622402586182,4.727455274198171,4.709330806675665,0.9961718133372535,0.9923526161940868,0.3787575150300601,0.4144385026737968,10,0.04759249999988313,21
97,1,2,A,16.30367550000028,490,30.00057001055932,4.485758421873916,4.453343225012626,4.4705409491131896,0.9927737533293759,0.99660760314543,0.3987730061349693,0.43149284253578735,1,0.003675500000280607,12
97,1,3,B,25.009530799999993,754,30.002280173355636,4.376508535487536,4.362614263610178,4.342975871386254,0.9968252611037555,0.9923380329709451,0.588,0.6188579017264276,1,0.009530799999993178,21
97,1,4,A,21.077875100000256,633,30.0026402322792,6.934674872312893,6.83301687941881,6.835377188889293,0.9853406259462922,0.9856809893395215,0.28978622327790976,0.3180379746835443,3,0.02787510000025506,17
97,1,5,B,25.00282160000006,751,30.00021000152746,3.3972094991617103,3.349559735102008,3.362933818927538,0.9859738517534875,0.9899106368792887,0.538,0.5773333333333334,1,0.002821600000061153,21
97,1,6,A,19.508415899999818,590,30.00408055480871,5.617749577055483,5.582921990212112,5.587365184122498,0.9938004379928901,0.9945913586007671,0.32051282051282054,0.366723259762309,1,0.008415899999818066,15
97,1,7,B,24.99780069999997,751,30.000030000149295,3.5391063065727497,3.4990197922875828,3.497359333161654,0.98867326640889,0.9882040917127682,0.5671342685370742,0.5866666666666667,3,0.047800699999971386,21
97,1,8,A,19.25468230000024,578,30.002190159668064,4.631731605095002,4.596062306212649,4.604195643666874,0.9922989279337524,0.9940549315513365,0.32727272727272727,0.35181975736568455,1,0.004682300000240502,15
97,1,9,B,24.996361400000296,751,30.000165001236216,2.7833889384040615,2.7745388709967505,2.7711578109662933,0.9968203985849043,0.9956056707458278,0.6072144288577155,0.6373333333333333,2,0.04636140000029698,21
97,1,10,A,17.00606089999974,513,30.001515076478544,3.7810762265080093,3.752981115162561,3.7563520806090183,0.9925695464300661,0.9934610823961555,0.3764705882352941,0.408203125,1,0.006060899999738467,13
97,1,11,B,25.02120530000002,752,30.000480007542482,3.5483287018329426,3.524458672709046,3.515472579725998,0.9932728810858007,0.9907403950231634,0.522,0.5605858854860186,2,0.021205300000019633,21
97,1,12,A,15.373364600000059,462,30.001020034971937,5.4348217129257606,5.37544401061967,5.368147597614676,0.9890745813860148,0.987732051052841,0.16286644951140064,0.18872017353579176,1,0.023364600000059355,11
97,1,13,B,25.01627099999996,750,29.998950036829804,7.0355354629716675,6.9533164893476,6.926857838105802,0.9883137574877151,0.9845530414226691,0.484,0.5113484646194927,1,0.016270999999960623,21
97,1,14,A,13.642516500000056,411,30.0027752564501,5.102453917809717,5.043419154875969,5.058594429765194,0.9884301232535013,0.9914042363241274,0.25735294117647056,0.29024390243902437,1,0.04251650000005647,9
97,1,15,B,25.017475699999977,752,30.001470072067338,3.878928705575226,3.8702072931375806,3.86230287886419,0.99775159248864,0.995713809669371,0.466,0.5006657789613849,1,0.017475699999977223,21
97,1,16,A,18.480576500000097,557,29.99967000366831,3.717626905428742,3.67875395268779,3.6778642901167986,0.9895436110912079,0.9893043018238654,0.34688346883468835,0.36510791366906475,1,0.03057650000009815,14
97,1,17,B,25.00388299999986,751,30.000885025984953,4.45571892417682,4.427502770451927,4.4229411657966295,0.9936674296101149,0.9926436656041436,0.432,0.4613333333333333,1,0.0038829999998597486,21
97,1,18,A,17.182450700000118,517,30.00498082697526,3.9292309633271647,3.9148686445016745,3.909187556994817,0.9963447506752495,0.9948988984054591,0.30029154518950435,0.31976744186046513,1,0.03245070000011907,13
97,1,19,B,24.993585600000188,751,30.000255002158347,5.217413462990784,5.167416273213366,5.149653535432826,0.9904172459913196,0.9870127357092539,0.3787575150300601,0.4146666666666667,1,0.04358560000018841,21
98,1,0,A,18.61743270000443,564,30.002100135059376,4.192047562960073,4.159014095626653,4.166968926548061,0.9921199683836378,0.994017568733332,0.31989247311827956,0.3481349911190053,1,0.017432700004427204,14
98,1,1,B,24.98342279996723,754,29.999759972153306,2.614806860104847,2.5861705338195375,2.596028501119249,0.9890483971408269,0.9928184527614231,0.6212424849699398,0.6347941567065073,1,0.03342279996723008,21
98,1,2,A,22.154962200205773,666,30.000929903191118,5.3161911858543665,5.255610889198017,5.288750772569157,0.9886045677180413,0.9948383321205181,0.3544018058690745,0.3819548872180451,1,0.004962200205774536,18
98,1,3,B,25.016423600027338,753,29.99953513288376,1.842407069242159,1.8367435291035812,1.8347284394632744,0.9969260104169556,0.9958322838057482,0.642,0.6595744680851063,1,0.01642360002733767,21
98,1,4,A,24.38786599994637,733,30.00133509402579,4.71187479110184,4.668593790614535,4.674530916844949,0.9908144841690109,0.9920745189733366,0.3798767967145791,0.41120218579234974,1,0.0378659999463693,20
98,1,5,B,25.009583400096744,752,29.998050188719557,3.860132294620969,3.833914108623647,3.8372067264756113,0.9932079566200732,0.9940609371918926,0.426,0.44607190412782954,1,0.009583400096744299,21
98,1,6,A,20.529383499873802,613,30.001470055285516,4.6055079042972125,4.557809530959377,4.556304620935745,0.9896431893443651,0.9893164262478938,0.43658536585365854,0.45098039215686275,1,0.029383499873802066,16
98,1,7,B,25.01151859993115,753,29.998410044223057,3.1522222886651137,3.1102962295469645,3.120483906023206,0.986699523295388,0.9899314262334754,0.612,0.6356382978723404,2,0.011518599931150675,21
98,1,8,A,19.88737060013227,598,30.000030077092703,4.741617586975888,4.697552147645588,4.703753627562735,0.9907066652841559,0.9920145480485064,0.28463476070528965,0.3132328308207705,1,0.037370600132270226,15
98,1,9,B,25.965647399891168,724,29.99904020500585,5.12751785610276,4.963074535343336,5.104498284593886,0.9679292543928044,0.9955105818926644,0.4123314065510597,0.40110650069156295,1,0.01564739989116859,22
98,1,10,A,18.541131500154734,558,30.002190043827003,3.9376200962783745,3.914389430169422,3.917231898172129,0.9941003282335671,0.9948222028515358,0.3621621621621622,0.39138240574506283,1,0.04113150015473366,14
98,1,11,B,25.001715099904686,750,29.998770117890686,3.471715771326327,3.447967821276058,3.4593610371560444,0.9931595926583597,0.9964413174971514,0.536,0.5554072096128171,1,0.0017150999046862125,21
98,1,12,A,17.67829279997386,524,29.99679039581363,4.4995662246360375,4.47354290395224,4.464070550276878,0.9942164823486064,0.99211131193829,0.34844192634560905,0.384321223709369,1,0.028292799973861804,13
98,1,13,B,25.014769400004297,752,29.999310087446453,2.382445838646707,2.374305393239401,2.373146864349458,0.9965831561518604,0.9960968790364901,0.62,0.6458055925432756,1,0.014769400004297495,21
98,1,14,A,17.23484760010615,511,30.000704941606013,4.503569063607062,4.486124401661653,4.478798395984267,0.9961264806425689,0.9944997695665501,0.3313953488372093,0.3627450980392157,2,0.03484760010615062,13
98,1,15,B,24.994650800013915,740,29.99778011943063,4.2839162868094,4.254489715933224,4.263237497548086,0.9931309183219142,0.9951729240543317,0.49899799599198397,0.5182679296346414,1,0.044650800013915415,21
98,1,16,A,17.081186100142077,515,30.001965063343274,4.388526010004812,4.353596100526513,4.351766357700439,0.9920406283570686,0.9916236904553899,0.33724340175953077,0.35797665369649806,1,0.0311861001420759,13
98,1,17,B,25.01190729998052,749,29.998230167772824,3.9058972487275554,3.8922189510761687,3.885649090210082,0.9964980395590686,0.9948160032821985,0.468,0.4946524064171123,1,0.011907299980521202,21
98,1,18,A,14.376295000081882,433,29.998544979167285,3.648523388887792,3.625988442672188,3.624225257695892,0.9938235434410977,0.9933402835607676,0.30313588850174217,0.30787037037037035,1,0.026295000081882236,10
98,1,19,B,25.017944200197235,753,30.000030077092703,3.909908818461098,3.8847706092184042,3.8905898203574893,0.9935706405417944,0.9950589645435229,0.56,0.5784574468085106,1,0.01794420019723475,21
99,1,0,A,20.16642800020054,611,30.00250514792247,4.846421856482729,4.79891015918772,4.807232498005989,0.990196541138602,0.9919137541804541,0.369727047146402,0.4098360655737705,1,0.01642800020054125,16
99,1,1,B,24.992796499980614,759,30.004170478721477,4.814142581568824,4.771469783338963,4.7651307877511515,0.9911359504819747,0.9898192060190913,0.47695390781563124,0.5118733509234829,2,0.0427964999806143,21
99,1,2,A,18.321948800003156,558,30.0006599916052,4.1720761128123875,4.1502837898762674,4.144536642858853,0.9947766238326294,0.9933990969462514,0.319672131147541,0.37163375224416517,0,0.021948800003155355,14
99,1,3,B,23.6075718998909,722,30.00120002919813,4.460467523776362,4.442502104508874,4.438528432307315,0.9959723012953856,0.9950814367883856,0.4025423728813559,0.4521497919556172,0,0.007571899890898237,19
99,1,4,A,16.191381899872795,504,30.007141726164924,3.8076919508640747,3.6727898489091304,3.719654473062208,0.9645711618230222,0.9768790440671313,0.38080495356037153,0.4254473161033797,0,0.04138189987279617,12
99,1,5,B,22.30877809994854,676,29.999940181270308,5.387391865199925,5.369560930095886,5.3572628596390865,0.996690247238331,0.9944074969271387,0.3632286995515695,0.40296296296296297,0,0.00877809994853962,18
99,1,6,A,15.798369500087574,476,30.002100135059376,4.443726807507068,4.3901907870224965,4.389323125919894,0.9879524500934374,0.9877571948178123,0.2,0.24421052631578946,0,0.048369500087574124,11
99,1,7,B,23.6386301999446,726,30.002550103452656,3.6951104103414067,3.664204643345437,3.6681175019677625,0.9916360369342484,0.9926949656773179,0.510593220338983,0.543448275862069,0,0.03863019994459904,19
99,1,8,A,17.774516799952835,548,30.00381058980368,3.6732749404947747,3.651153995889565,3.649239778087595,0.9939778685332413,0.9934567483249859,0.3323943661971831,0.3692870201096892,0,0.024516799952834845,13
99,1,9,B,25.00425110012293,759,30.00115507771373,3.9781396228366583,3.9677589063106815,3.9625016367432684,0.99739056003304,0.9960690203019473,0.458,0.49604221635883905,0,0.004251100122928619,21
99,1,10,A,19.704374599969015,602,30.002010017254953,4.728968870091549,4.684524636849597,4.70345442908658,0.9906017073778935,0.9946046502512766,0.3730964467005076,0.40099833610648916,0,0.004374599969015236,15
99,1,11,B,25.007574799936265,755,29.998005037153895,4.7727589094075915,4.743167627456873,4.734815583225773,0.9937999629747919,0.9920500224499024,0.406,0.4350132625994695,0,0.007574799936264753,21
99,1,12,A,17.487969500012696,530,30.001289932571048,4.674243477347858,4.63119870452158,4.636577663545863,0.9907910717456462,0.9919418374364687,0.30659025787965616,0.34026465028355385,0,0.0379695000126965,13
99,1,13,B,24.99903429998085,756,30.002100135059376,4.747123090786657,4.722699783219312,4.718426930723414,0.9948551349732755,0.993955041924458,0.38877755511022044,0.42119205298013246,0,0.04903429998084974,21
99,1,14,A,15.042806999990717,456,30.00120002919813,4.541728102807996,4.509627128562768,4.501828564913133,0.9929319911895692,0.9912148994850233,0.25666666666666665,0.2835164835164835,0,0.04280699999071658,11
99,1,15,B,25.008372999960557,767,30.002955233259037,4.55794916901432,4.543322436524577,4.528768502369148,0.9967909399716045,0.9935978516733915,0.374,0.4308093994778068,0,0.008372999960556626,21
99,1,16,A,15.448451000032946,467,30.00349545828671,4.549717889108071,4.516337486281351,4.5123142040070015,0.9926631928307837,0.9917789001400256,0.2077922077922078,0.23819742489270387,0,0.04845100003294611,11
99,1,17,B,25.01176800020039,752,30.000299977344188,3.465209946729555,3.450864985525774,3.445498664797193,0.995860290884447,0.9943116630058836,0.526,0.559254327563249,0,0.011768000200390816,21
99,1,18,A,19.265819599851966,588,30.002370072559554,8.073532952463907,8.02204755274109,8.016461129256562,0.9936229405359517,0.9929309976755681,0.17142857142857143,0.20783645655877342,0,0.015819599851965904,15
99,1,19,B,19.17082430003211,579,30.00156006506148,4.22936852833425,4.201532713181479,4.198552322507052,0.9934184465207304,0.992713757238049,0.28720626631853785,0.33217993079584773,0,0.020824300032110443,15
9,1,0,A,19.7185605999548,596,30.003000294932786,4.132231376602989,4.091786881815552,4.102245129947571,0.9902124321942772,0.992743328259593,0.3477157360406091,0.37478991596638656,1,0.018560599954799528,15
9,1,1,B,25.02065570000559,759,30.002460192527007,3.4356898960774216,3.407903272848124,3.4126863287551377,0.9919123599423156,0.9933045274695637,0.55,0.5699208443271768,0,0.020655700005590916,21
9,1,2,A,19.58653790014796,596,30.001020014506913,4.234510234031716,4.180495070550668,4.198311027612542,0.9872440588177255,0.9914513829419398,0.3836317135549872,0.4117647058823529,0,0.03653790014795888,15
9,1,3,B,25.02037090016529,757,30.00138004604964,4.059899336911068,4.041530353315351,4.038546163106435,0.9954755076243609,0.9947404671809231,0.468,0.49867724867724866,0,0.02037090016528964,21
9,1,4,A,15.169823500094935,464,30.004440663087678,4.13134020592149,4.093965237280603,4.104404490991494,0.9909533064870045,0.993480150849986,0.2838283828382838,0.3174946004319654,0,0.019823500094934943,11
9,1,5,B,22.623542099958286,683,30.001605122544497,4.15387216060946,4.133188234357308,4.129277665755518,0.995020567448297,0.994079140160555,0.42920353982300885,0.45161290322580644,0,0.02354209995828427,18
9,1,6,A,14.318966899998486,433,29.99989502401503,3.453789078356768,3.4261620761299465,3.431635909797771,0.9920009584835545,0.9935858362927197,0.38461538461538464,0.38425925925925924,0,0.01896689999848533,10
9,1,7,B,25.008352199802175,755,30.000524932856028,3.0756501824340976,3.0624837287402733,3.0594033673491827,0.9957191315940215,0.9947175998175264,0.66,0.6737400530503979,0,0.008352199802175164,21
9,1,8,A,18.392991199856624,553,30.000255133332452,4.115476861085301,4.070830709167777,4.080236610130521,0.9891516455019624,0.9914371403012855,0.49318801089918257,0.5018115942028986,0,0.042991199856622586,14
9,1,9,B,22.563760800054297,683,29.999849971668436,4.676408401021408,4.662307445350975,4.654223784041209,0.9969846612055197,0.9952560565549934,0.34146341463414637,0.37683284457478006,0,0.01376080005429614,18
9,1,10,A,13.659343699924648,421,29.999984919566792,3.6372004585054327,3.6149735075090703,3.619611466531058,0.993888994777732,0.9951641400645809,0.32234432234432236,0.35,0,0.009343699924647453,9
9,1,11,B,23.959757799981162,732,30.000570092007663,3.545464222906182,3.515482426528626,3.525121837221164,0.9915436189755202,0.9942624196985004,0.4759916492693111,0.4993160054719562,0,0.009757799981162663,20
9,1,12,A,17.50999749987386,530,30.00075010129958,4.930706964212815,4.904838631900107,4.906332808683814,0.9947536261026135,0.9950566611023715,0.3514285714285714,0.3837429111531191,0,0.00999749987386167,13
9,1,13,B,25.014911700040102,758,29.99894989604988,4.801001530877155,4.7879568036505855,4.780490629829908,0.9972829154203193,0.9957277870220758,0.432,0.46367239101717306,0,0.014911700040102005,21
9,1,14,A,16.25513490010053,493,30.000029972318703,4.203497003609182,4.185379608493893,4.178671520368299,0.9956899231521438,0.9940940880368019,0.24615384615384617,0.27439024390243905,0,0.005134900100529194,12
9,1,15,B,25.026325799990445,758,29.999759972153306,3.536832488988932,3.503924059354884,3.5011916304493624,0.9906955079901295,0.989922944145495,0.452,0.47424042272126815,0,0.026325799990445375,21
9,1,16,A,23.737628899980336,721,30.00074999652055,5.136677167486913,5.113788803316538,5.109278502534731,0.9955441302958946,0.9946660722372034,0.41561181434599154,0.44305555555555554,0,0.03762889998033714,19
9,1,17,B,25.003791800001636,754,29.99859013235835,4.665303342835989,4.652009156307393,4.648920161328094,0.997150413263264,0.9964882923351486,0.386,0.4063745019920319,1,0.0037918000016361475,21
9,1,18,A,19.50525139993988,598,30.001110126364033,3.936930371943902,3.9042250347077285,3.9209427413874254,0.9916926808080618,0.9959390618969512,0.4564102564102564,0.48911222780569513,0,0.005251399939879775,15
9,1,19,B,22.955254999920726,685,29.999805024229584,3.802857314282458,3.7818705540045245,3.7860235977051224,0.9944813179818466,0.9955734030529851,0.3638344226579521,0.3830409356725146,0,0.005254999920726533,19
