seed,fold,subject_id,group,model,arm,score
42,1,16,1,rf,mouse,0.49953254180197143
42,1,24,1,rf,mouse,0.49819235278535084
42,1,26,0,rf,mouse,0.504874585578575
42,1,28,0,rf,mouse,0.49777370843365604
42,1,30,0,rf,mouse,0.4972345757781714
42,1,36,0,rf,mouse,0.4899531261003859
42,1,38,0,rf,mouse,0.4915038168680777
42,1,40,0,rf,mouse,0.5077966946222341
42,1,47,1,rf,mouse,0.5006758943134655
42,1,50,1,rf,mouse,0.49858514656068165
42,1,58,1,rf,mouse,0.5014280221096402
42,1,8,1,rf,mouse,0.5005093857611781
42,1,84,0,rf,mouse,0.5033682536139881
42,1,92,1,rf,mouse,0.5104930033611076
42,1,94,1,rf,mouse,0.5019470159140293
42,1,16,1,rf,demographic,0.525681028611933
42,1,24,1,rf,demographic,0.7760749831918443
42,1,26,0,rf,demographic,0.3700278167301974
42,1,28,0,rf,demographic,0.4918047970516475
42,1,30,0,rf,demographic,0.6092736237335715
42,1,36,0,rf,demographic,0.667914964265171
42,1,38,0,rf,demographic,0.320188807079323
42,1,40,0,rf,demographic,0.5613124318244587
42,1,47,1,rf,demographic,0.4471145269230911
42,1,50,1,rf,demographic,0.51737516274706
42,1,58,1,rf,demographic,0.4656412183812016
42,1,8,1,rf,demographic,0.3237504120616566
42,1,84,0,rf,demographic,0.26866223016660734
42,1,92,1,rf,demographic,0.9338592082857582
42,1,94,1,rf,demographic,0.5892899614746941
42,1,16,1,rf,time,0.182600066710833
42,1,24,1,rf,time,0.5001505972588791
42,1,26,0,rf,time,0.3810579379727173
42,1,28,0,rf,time,0.19634182189237132
42,1,30,0,rf,time,0.21476783898503798
42,1,36,0,rf,time,0.38526926743674317
42,1,38,0,rf,time,0.4574459519625324
42,1,40,0,rf,time,0.18206533486102056
42,1,47,1,rf,time,0.3612427994145449
42,1,50,1,rf,time,0.8219259480441437
42,1,58,1,rf,time,0.8352811881532869
42,1,8,1,rf,time,0.44416169236490194
42,1,84,0,rf,time,0.6288113684935157
42,1,92,1,rf,time,0.6074125496105407
42,1,94,1,rf,time,0.7415729758569368
42,1,16,1,rf,combined,0.5207794270701178
42,1,24,1,rf,combined,0.6158459601931425
42,1,26,0,rf,combined,0.4535737533963401
42,1,28,0,rf,combined,0.4239098791911101
42,1,30,0,rf,combined,0.6129286489294045
42,1,36,0,rf,combined,0.616651713563541
42,1,38,0,rf,combined,0.3256439208265924
42,1,40,0,rf,combined,0.5358924315239422
42,1,47,1,rf,combined,0.5674106908126473
42,1,50,1,rf,combined,0.5590852992092562
42,1,58,1,rf,combined,0.4836664545121351
42,1,8,1,rf,combined,0.15999266406568619
42,1,84,0,rf,combined,0.2973993677993364
42,1,92,1,rf,combined,0.8739033376961245
42,1,94,1,rf,combined,0.6137813677910751
42,1,16,1,rf,mouse_time,0.1931043211200138
42,1,24,1,rf,mouse_time,0.4798104156261621
42,1,26,0,rf,mouse_time,0.3684859428651233
42,1,28,0,rf,mouse_time,0.18656820838976135
42,1,30,0,rf,mouse_time,0.17077360683406725
42,1,36,0,rf,mouse_time,0.3315099900784032
42,1,38,0,rf,mouse_time,0.46839291416879
42,1,40,0,rf,mouse_time,0.17001132529201962
42,1,47,1,rf,mouse_time,0.35429758406012984
42,1,50,1,rf,mouse_time,0.859004616022864
42,1,58,1,rf,mouse_time,0.8261841218587238
42,1,8,1,rf,mouse_time,0.40788462356226995
42,1,84,0,rf,mouse_time,0.6713853988033919
42,1,92,1,rf,mouse_time,0.5686721825274225
42,1,94,1,rf,mouse_time,0.7981989935679874
42,1,16,1,rf,demographic_time,0.14286065906392714
42,1,24,1,rf,demographic_time,0.47690566744172475
42,1,26,0,rf,demographic_time,0.3594583062868985
42,1,28,0,rf,demographic_time,0.18643346809484412
42,1,30,0,rf,demographic_time,0.1635829414782019
42,1,36,0,rf,demographic_time,0.3413418112631041
42,1,38,0,rf,demographic_time,0.3985546876491714
42,1,40,0,rf,demographic_time,0.1628372662263611
42,1,47,1,rf,demographic_time,0.3319662346314268
42,1,50,1,rf,demographic_time,0.8441857378615518
42,1,58,1,rf,demographic_time,0.8012881077309174
42,1,8,1,rf,demographic_time,0.3371719069625586
42,1,84,0,rf,demographic_time,0.6632594739045831
42,1,92,1,rf,demographic_time,0.5883286642175436
42,1,94,1,rf,demographic_time,0.7393194313199296
42,1,16,1,rf,all,0.2041455571737479
42,1,24,1,rf,all,0.5044041463383137
42,1,26,0,rf,all,0.4442163422217654
42,1,28,0,rf,all,0.14714954845273565
42,1,30,0,rf,all,0.1853089957858905
42,1,36,0,rf,all,0.3977531294625966
42,1,38,0,rf,all,0.38112916758282933
42,1,40,0,rf,all,0.17160572891342338
42,1,47,1,rf,all,0.31592201714242185
42,1,50,1,rf,all,0.8136807372005691
42,1,58,1,rf,all,0.8326064787245928
42,1,8,1,rf,all,0.41068755240717003
42,1,84,0,rf,all,0.6410481478286575
42,1,92,1,rf,all,0.5906558301929791
42,1,94,1,rf,all,0.7528104698148875
42,1,16,1,xgb,mouse,0.49846121668815613
42,1,24,1,xgb,mouse,0.49846121668815613
42,1,26,0,xgb,mouse,0.501018226146698
42,1,28,0,xgb,mouse,0.4982738792896271
42,1,30,0,xgb,mouse,0.49676674604415894
42,1,36,0,xgb,mouse,0.495343953371048
42,1,38,0,xgb,mouse,0.4952118694782257
42,1,40,0,xgb,mouse,0.5032263994216919
42,1,47,1,xgb,mouse,0.49846121668815613
42,1,50,1,xgb,mouse,0.49676674604415894
42,1,58,1,xgb,mouse,0.49911370873451233
42,1,8,1,xgb,mouse,0.501018226146698
42,1,84,0,xgb,mouse,0.49881288409233093
42,1,92,1,xgb,mouse,0.5038982033729553
42,1,94,1,xgb,mouse,0.5010861158370972
42,1,16,1,xgb,demographic,0.5086718201637268
42,1,24,1,xgb,demographic,0.627851665019989
42,1,26,0,xgb,demographic,0.464863657951355
42,1,28,0,xgb,demographic,0.3976981043815613
42,1,30,0,xgb,demographic,0.6693875789642334
42,1,36,0,xgb,demographic,0.6396830081939697
42,1,38,0,xgb,demographic,0.17263175547122955
42,1,40,0,xgb,demographic,0.5086718201637268
42,1,47,1,xgb,demographic,0.6422841548919678
42,1,50,1,xgb,demographic,0.6549485921859741
42,1,58,1,xgb,demographic,0.4627298414707184
42,1,8,1,xgb,demographic,0.11086039245128632
42,1,84,0,xgb,demographic,0.23115664720535278
42,1,92,1,xgb,demographic,0.8964371681213379
42,1,94,1,xgb,demographic,0.5691854357719421
42,1,16,1,xgb,time,0.14973534643650055
42,1,24,1,xgb,time,0.44415804743766785
42,1,26,0,xgb,time,0.30269038677215576
42,1,28,0,xgb,time,0.08378896862268448
42,1,30,0,xgb,time,0.11472692340612411
42,1,36,0,xgb,time,0.30879107117652893
42,1,38,0,xgb,time,0.5647149085998535
42,1,40,0,xgb,time,0.12281441688537598
42,1,47,1,xgb,time,0.2841644287109375
42,1,50,1,xgb,time,0.7043746113777161
42,1,58,1,xgb,time,0.9153457283973694
42,1,8,1,xgb,time,0.43243518471717834
42,1,84,0,xgb,time,0.4521777033805847
42,1,92,1,xgb,time,0.6110247373580933
42,1,94,1,xgb,time,0.6769829988479614
42,1,16,1,xgb,combined,0.5012524724006653
42,1,24,1,xgb,combined,0.643904447555542
42,1,26,0,xgb,combined,0.47029802203178406
42,1,28,0,xgb,combined,0.3589240610599518
42,1,30,0,xgb,combined,0.6741648316383362
42,1,36,0,xgb,combined,0.5947566032409668
42,1,38,0,xgb,combined,0.15701282024383545
42,1,40,0,xgb,combined,0.5077989101409912
42,1,47,1,xgb,combined,0.643904447555542
42,1,50,1,xgb,combined,0.6617925763130188
42,1,58,1,xgb,combined,0.4396762549877167
42,1,8,1,xgb,combined,0.14290323853492737
42,1,84,0,xgb,combined,0.22737042605876923
42,1,92,1,xgb,combined,0.8982090950012207
42,1,94,1,xgb,combined,0.5779712796211243
42,1,16,1,xgb,mouse_time,0.1500938981771469
42,1,24,1,xgb,mouse_time,0.4512413740158081
42,1,26,0,xgb,mouse_time,0.3031773269176483
42,1,28,0,xgb,mouse_time,0.08221404999494553
42,1,30,0,xgb,mouse_time,0.11204097419977188
42,1,36,0,xgb,mouse_time,0.32866042852401733
42,1,38,0,xgb,mouse_time,0.5732035040855408
42,1,40,0,xgb,mouse_time,0.11788889765739441
42,1,47,1,xgb,mouse_time,0.32593977451324463
42,1,50,1,xgb,mouse_time,0.7160182595252991
42,1,58,1,xgb,mouse_time,0.8982250094413757
42,1,8,1,xgb,mouse_time,0.3777070939540863
42,1,84,0,xgb,mouse_time,0.4653652012348175
42,1,92,1,xgb,mouse_time,0.5915902853012085
42,1,94,1,xgb,mouse_time,0.6991427540779114
42,1,16,1,xgb,demographic_time,0.13925792276859283
42,1,24,1,xgb,demographic_time,0.4043252468109131
42,1,26,0,xgb,demographic_time,0.290228933095932
42,1,28,0,xgb,demographic_time,0.08125436305999756
42,1,30,0,xgb,demographic_time,0.11123743653297424
42,1,36,0,xgb,demographic_time,0.2922186851501465
42,1,38,0,xgb,demographic_time,0.5074034929275513
42,1,40,0,xgb,demographic_time,0.12001171708106995
42,1,47,1,xgb,demographic_time,0.3218174874782562
42,1,50,1,xgb,demographic_time,0.7707897424697876
42,1,58,1,xgb,demographic_time,0.9104321599006653
42,1,8,1,xgb,demographic_time,0.3958633840084076
42,1,84,0,xgb,demographic_time,0.4660370945930481
42,1,92,1,xgb,demographic_time,0.637338399887085
42,1,94,1,xgb,demographic_time,0.7313249111175537
42,1,16,1,xgb,all,0.13264481723308563
42,1,24,1,xgb,all,0.38884246349334717
42,1,26,0,xgb,all,0.297872930765152
42,1,28,0,xgb,all,0.0752350240945816
42,1,30,0,xgb,all,0.10815145820379257
42,1,36,0,xgb,all,0.2859741747379303
42,1,38,0,xgb,all,0.44793567061424255
42,1,40,0,xgb,all,0.12585283815860748
42,1,47,1,xgb,all,0.28294837474823
42,1,50,1,xgb,all,0.7720925807952881
42,1,58,1,xgb,all,0.9112592339515686
42,1,8,1,xgb,all,0.4094921052455902
42,1,84,0,xgb,all,0.44999340176582336
42,1,92,1,xgb,all,0.6787429451942444
42,1,94,1,xgb,all,0.7323569059371948
42,2,17,1,rf,mouse,0.4891117806176101
42,2,18,0,rf,mouse,0.48983096107469903
42,2,19,1,rf,mouse,0.49097486424294756
42,2,2,0,rf,mouse,0.49230921846657666
42,2,23,0,rf,mouse,0.4886583608866116
42,2,27,1,rf,mouse,0.49112356948253166
42,2,31,0,rf,mouse,0.49002559232736287
42,2,34,0,rf,mouse,0.4916658758537983
42,2,51,1,rf,mouse,0.4887568571356608
42,2,68,1,rf,mouse,0.4876042100522566
42,2,87,0,rf,mouse,0.48905444190277275
42,2,88,1,rf,mouse,0.4900764455472424
42,2,89,0,rf,mouse,0.48582494612245697
42,2,97,1,rf,mouse,0.4922331297096745
42,2,98,1,rf,mouse,0.49049824700699085
42,2,17,1,rf,demographic,0.5321984707664139
42,2,18,0,rf,demographic,0.6241006817864384
42,2,19,1,rf,demographic,0.52240523053753
42,2,2,0,rf,demographic,0.7498292131179847
42,2,23,0,rf,demographic,0.689778894432373
42,2,27,1,rf,demographic,0.4283220695109618
42,2,31,0,rf,demographic,0.518936344521477
42,2,34,0,rf,demographic,0.6391003651093902
42,2,51,1,rf,demographic,0.7309211560927874
42,2,68,1,rf,demographic,0.6335939892999412
42,2,87,0,rf,demographic,0.08836377779630508
42,2,88,1,rf,demographic,0.6938045633648035
42,2,89,0,rf,demographic,0.42829500620744876
42,2,97,1,rf,demographic,0.6399833335843151
42,2,98,1,rf,demographic,0.15223754685190577
42,2,17,1,rf,time,0.6631928224745073
42,2,18,0,rf,time,0.3367117922597539
42,2,19,1,rf,time,0.6066327746553222
42,2,2,0,rf,time,0.610851727492222
42,2,23,0,rf,time,0.6745612474601105
42,2,27,1,rf,time,0.6642217109798697
42,2,31,0,rf,time,0.7271321873294098
42,2,34,0,rf,time,0.4078026553152735
42,2,51,1,rf,time,0.2778505792545446
42,2,68,1,rf,time,0.4925840842972491
42,2,87,0,rf,time,0.6262582872882244
42,2,88,1,rf,time,0.6068013858359901
42,2,89,0,rf,time,0.28206662688824125
42,2,97,1,rf,time,0.624893448984263
42,2,98,1,rf,time,0.5388603677580119
42,2,17,1,rf,combined,0.5262251573259168
42,2,18,0,rf,combined,0.6384754601387055
42,2,19,1,rf,combined,0.5149747300332526
42,2,2,0,rf,combined,0.7602021673277346
42,2,23,0,rf,combined,0.6024871462020974
42,2,27,1,rf,combined,0.46484870026313896
42,2,31,0,rf,combined,0.4983081933814491
42,2,34,0,rf,combined,0.5851983559039613
42,2,51,1,rf,combined,0.716813680666894
42,2,68,1,rf,combined,0.5810598820005763
42,2,87,0,rf,combined,0.13807590057958988
42,2,88,1,rf,combined,0.6176670017693111
42,2,89,0,rf,combined,0.42413825581743014
42,2,97,1,rf,combined,0.5853283468988458
42,2,98,1,rf,combined,0.19111290794585917
42,2,17,1,rf,mouse_time,0.7158070347895
42,2,18,0,rf,mouse_time,0.31654397064745887
42,2,19,1,rf,mouse_time,0.5720421572533103
42,2,2,0,rf,mouse_time,0.627585020419676
42,2,23,0,rf,mouse_time,0.6348926507234822
42,2,27,1,rf,mouse_time,0.6448208455848454
42,2,31,0,rf,mouse_time,0.7701549541616218
42,2,34,0,rf,mouse_time,0.41326858683927553
42,2,51,1,rf,mouse_time,0.24653951511394329
42,2,68,1,rf,mouse_time,0.5370521053104976
42,2,87,0,rf,mouse_time,0.5647187666496614
42,2,88,1,rf,mouse_time,0.6589115491721008
42,2,89,0,rf,mouse_time,0.2673453722892518
42,2,97,1,rf,mouse_time,0.6053759799677563
42,2,98,1,rf,mouse_time,0.5375068331898436
42,2,17,1,rf,demographic_time,0.692492709628709
42,2,18,0,rf,demographic_time,0.34401565448954224
42,2,19,1,rf,demographic_time,0.5346326081189453
42,2,2,0,rf,demographic_time,0.640511299069176
42,2,23,0,rf,demographic_time,0.6077367604222212
42,2,27,1,rf,demographic_time,0.6092626176355842
42,2,31,0,rf,demographic_time,0.7377452689609874
42,2,34,0,rf,demographic_time,0.4205610917623641
42,2,51,1,rf,demographic_time,0.3912327807404295
42,2,68,1,rf,demographic_time,0.4833712128018054
42,2,87,0,rf,demographic_time,0.6017086028470828
42,2,88,1,rf,demographic_time,0.5988976769521246
42,2,89,0,rf,demographic_time,0.28159268873538423
42,2,97,1,rf,demographic_time,0.5811953710989493
42,2,98,1,rf,demographic_time,0.48142750538644785
42,2,17,1,rf,all,0.7821070224452724
42,2,18,0,rf,all,0.3154276020135752
42,2,19,1,rf,all,0.5314313375734535
42,2,2,0,rf,all,0.6069198596176275
42,2,23,0,rf,all,0.6378384765189595
42,2,27,1,rf,all,0.5788872476092528
42,2,31,0,rf,all,0.7084303565380484
42,2,34,0,rf,all,0.3575757176491438
42,2,51,1,rf,all,0.40794971894147014
42,2,68,1,rf,all,0.479253569657964
42,2,87,0,rf,all,0.6248926792938031
42,2,88,1,rf,all,0.5838812457236358
42,2,89,0,rf,all,0.29789089066199403
42,2,97,1,rf,all,0.530801645579452
42,2,98,1,rf,all,0.4893929683357377
42,2,17,1,xgb,mouse,0.4914095103740692
42,2,18,0,xgb,mouse,0.4920938014984131
42,2,19,1,xgb,mouse,0.49565231800079346
42,2,2,0,xgb,mouse,0.4971889555454254
42,2,23,0,xgb,mouse,0.49100539088249207
42,2,27,1,xgb,mouse,0.4962131381034851
42,2,31,0,xgb,mouse,0.49274349212646484
42,2,34,0,xgb,mouse,0.4920938014984131
42,2,51,1,xgb,mouse,0.4912457764148712
42,2,68,1,xgb,mouse,0.48618173599243164
42,2,87,0,xgb,mouse,0.49019575119018555
42,2,88,1,xgb,mouse,0.4934121072292328
42,2,89,0,xgb,mouse,0.48398298025131226
42,2,97,1,xgb,mouse,0.4971889555454254
42,2,98,1,xgb,mouse,0.49274349212646484
42,2,17,1,xgb,demographic,0.6261487603187561
42,2,18,0,xgb,demographic,0.7732608914375305
42,2,19,1,xgb,demographic,0.6133491396903992
42,2,2,0,xgb,demographic,0.7811899781227112
42,2,23,0,xgb,demographic,0.6261487603187561
42,2,27,1,xgb,demographic,0.4696197807788849
42,2,31,0,xgb,demographic,0.46604517102241516
42,2,34,0,xgb,demographic,0.6261487603187561
42,2,51,1,xgb,demographic,0.8501973152160645
42,2,68,1,xgb,demographic,0.6076341271400452
42,2,87,0,xgb,demographic,0.10047286003828049
42,2,88,1,xgb,demographic,0.5529654026031494
42,2,89,0,xgb,demographic,0.3733767569065094
42,2,97,1,xgb,demographic,0.6261487603187561
42,2,98,1,xgb,demographic,0.1296151727437973
42,2,17,1,xgb,time,0.9037513136863708
42,2,18,0,xgb,time,0.17066353559494019
42,2,19,1,xgb,time,0.53953617811203
42,2,2,0,xgb,time,0.6694375276565552
42,2,23,0,xgb,time,0.8040132522583008
42,2,27,1,xgb,time,0.6248586177825928
42,2,31,0,xgb,time,0.5680172443389893
42,2,34,0,xgb,time,0.2048105150461197
42,2,51,1,xgb,time,0.18855294585227966
42,2,68,1,xgb,time,0.5617886781692505
42,2,87,0,xgb,time,0.3263472020626068
42,2,88,1,xgb,time,0.5003985166549683
42,2,89,0,xgb,time,0.5215367674827576
42,2,97,1,xgb,time,0.5804219841957092
42,2,98,1,xgb,time,0.3297586739063263
42,2,17,1,xgb,combined,0.5973414182662964
42,2,18,0,xgb,combined,0.7420782446861267
42,2,19,1,xgb,combined,0.5982517600059509
42,2,2,0,xgb,combined,0.767416775226593
42,2,23,0,xgb,combined,0.5973414182662964
42,2,27,1,xgb,combined,0.5004041194915771
42,2,31,0,xgb,combined,0.439678430557251
42,2,34,0,xgb,combined,0.5973414182662964
42,2,51,1,xgb,combined,0.8716129660606384
42,2,68,1,xgb,combined,0.5973414182662964
42,2,87,0,xgb,combined,0.12112532556056976
42,2,88,1,xgb,combined,0.543938159942627
42,2,89,0,xgb,combined,0.3802201449871063
42,2,97,1,xgb,combined,0.5973414182662964
42,2,98,1,xgb,combined,0.1631113886833191
42,2,17,1,xgb,mouse_time,0.8868947625160217
42,2,18,0,xgb,mouse_time,0.19870072603225708
42,2,19,1,xgb,mouse_time,0.5500882863998413
42,2,2,0,xgb,mouse_time,0.6541371941566467
42,2,23,0,xgb,mouse_time,0.7624397277832031
42,2,27,1,xgb,mouse_time,0.6187552213668823
42,2,31,0,xgb,mouse_time,0.5355652570724487
42,2,34,0,xgb,mouse_time,0.18931254744529724
42,2,51,1,xgb,mouse_time,0.20078089833259583
42,2,68,1,xgb,mouse_time,0.525836706161499
42,2,87,0,xgb,mouse_time,0.3961102068424225
42,2,88,1,xgb,mouse_time,0.4989721477031708
42,2,89,0,xgb,mouse_time,0.5373393297195435
42,2,97,1,xgb,mouse_time,0.6175102591514587
42,2,98,1,xgb,mouse_time,0.40005019307136536
42,2,17,1,xgb,demographic_time,0.9033423662185669
42,2,18,0,xgb,demographic_time,0.18426775932312012
42,2,19,1,xgb,demographic_time,0.5537659525871277
42,2,2,0,xgb,demographic_time,0.6401696801185608
42,2,23,0,xgb,demographic_time,0.7793188095092773
42,2,27,1,xgb,demographic_time,0.5595892071723938
42,2,31,0,xgb,demographic_time,0.5577976107597351
42,2,34,0,xgb,demographic_time,0.18869391083717346
42,2,51,1,xgb,demographic_time,0.18928878009319305
42,2,68,1,xgb,demographic_time,0.6122214198112488
42,2,87,0,xgb,demographic_time,0.3486149311065674
42,2,88,1,xgb,demographic_time,0.47023481130599976
42,2,89,0,xgb,demographic_time,0.4961429238319397
42,2,97,1,xgb,demographic_time,0.6033604145050049
42,2,98,1,xgb,demographic_time,0.3437057137489319
42,2,17,1,xgb,all,0.9089716672897339
42,2,18,0,xgb,all,0.1856866478919983
42,2,19,1,xgb,all,0.5520800352096558
42,2,2,0,xgb,all,0.6397765278816223
42,2,23,0,xgb,all,0.7805771827697754
42,2,27,1,xgb,all,0.6192653179168701
42,2,31,0,xgb,all,0.5571234822273254
42,2,34,0,xgb,all,0.19476358592510223
42,2,51,1,xgb,all,0.20151332020759583
42,2,68,1,xgb,all,0.5173860192298889
42,2,87,0,xgb,all,0.4077814817428589
42,2,88,1,xgb,all,0.5213070511817932
42,2,89,0,xgb,all,0.5004217028617859
42,2,97,1,xgb,all,0.6023910045623779
42,2,98,1,xgb,all,0.36721184849739075
42,3,100,0,rf,mouse,0.4898940446455
42,3,12,1,rf,mouse,0.48854297807088465
42,3,14,0,rf,mouse,0.48901945490571125
42,3,15,1,rf,mouse,0.4898535827853288
42,3,21,0,rf,mouse,0.4988001854047905
42,3,29,0,rf,mouse,0.4932462927217387
42,3,42,1,rf,mouse,0.4957405099470408
42,3,45,1,rf,mouse,0.49151706378816706
42,3,5,1,rf,mouse,0.50079357087505
42,3,57,1,rf,mouse,0.505073814137284
42,3,79,0,rf,mouse,0.49295590454828686
42,3,82,1,rf,mouse,0.507203265827549
42,3,85,0,rf,mouse,0.5046745287535794
42,3,9,1,rf,mouse,0.49201601065660966
42,3,91,0,rf,mouse,0.5011025284213866
42,3,100,0,rf,demographic,0.911293553465397
42,3,12,1,rf,demographic,0.9380858029562352
42,3,14,0,rf,demographic,0.6077778083975701
42,3,15,1,rf,demographic,0.419041854726938
42,3,21,0,rf,demographic,0.4775089332240198
42,3,29,0,rf,demographic,0.5246427667758028
42,3,42,1,rf,demographic,0.44283971648170406
42,3,45,1,rf,demographic,0.419041854726938
42,3,5,1,rf,demographic,0.9338828870410298
42,3,57,1,rf,demographic,1.0
42,3,79,0,rf,demographic,0.7988170817105802
42,3,82,1,rf,demographic,0.9380858029562352
42,3,85,0,rf,demographic,0.7590489416559675
42,3,9,1,rf,demographic,0.20004220319979385
42,3,91,0,rf,demographic,1.0
42,3,100,0,rf,time,0.3894707627679135
42,3,12,1,rf,time,0.8926428877574872
42,3,14,0,rf,time,0.20373465100723695
42,3,15,1,rf,time,0.5691199116367065
42,3,21,0,rf,time,0.6026055403213169
42,3,29,0,rf,time,0.4066071863465478
42,3,42,1,rf,time,0.744205356403173
42,3,45,1,rf,time,0.45950725952743887
42,3,5,1,rf,time,0.8663697746664459
42,3,57,1,rf,time,0.8316883526812022
42,3,79,0,rf,time,0.3946958701892055
42,3,82,1,rf,time,0.530339853891889
42,3,85,0,rf,time,0.5055905393691532
42,3,9,1,rf,time,0.6179780907371836
42,3,91,0,rf,time,0.493427849397044
42,3,100,0,rf,combined,0.875661561091631
42,3,12,1,rf,combined,0.9294665475300562
42,3,14,0,rf,combined,0.5349831896792046
42,3,15,1,rf,combined,0.41572016042562127
42,3,21,0,rf,combined,0.4773509556901681
42,3,29,0,rf,combined,0.47756133878990453
42,3,42,1,rf,combined,0.438226414787497
42,3,45,1,rf,combined,0.4161580168957464
42,3,5,1,rf,combined,0.9255381771681087
42,3,57,1,rf,combined,0.9536097934579969
42,3,79,0,rf,combined,0.6212692942890767
42,3,82,1,rf,combined,0.9255464862238367
42,3,85,0,rf,combined,0.7147208578990331
42,3,9,1,rf,combined,0.16108953382825297
42,3,91,0,rf,combined,0.9533565998507216
42,3,100,0,rf,mouse_time,0.32976206152329673
42,3,12,1,rf,mouse_time,0.8907799977388644
42,3,14,0,rf,mouse_time,0.20172417238352458
42,3,15,1,rf,mouse_time,0.6063312138336523
42,3,21,0,rf,mouse_time,0.536779476331802
42,3,29,0,rf,mouse_time,0.43968107550443414
42,3,42,1,rf,mouse_time,0.6818088193893195
42,3,45,1,rf,mouse_time,0.5016063194861949
42,3,5,1,rf,mouse_time,0.8683188676478654
42,3,57,1,rf,mouse_time,0.8648477558867332
42,3,79,0,rf,mouse_time,0.41941304992489803
42,3,82,1,rf,mouse_time,0.5431748878285035
42,3,85,0,rf,mouse_time,0.5785894043246216
42,3,9,1,rf,mouse_time,0.5627457857313319
42,3,91,0,rf,mouse_time,0.4898014011114042
42,3,100,0,rf,demographic_time,0.40249640216389776
42,3,12,1,rf,demographic_time,0.8892113473411618
42,3,14,0,rf,demographic_time,0.2027509396003869
42,3,15,1,rf,demographic_time,0.5699178279834178
42,3,21,0,rf,demographic_time,0.5333024725174107
42,3,29,0,rf,demographic_time,0.48436527622783554
42,3,42,1,rf,demographic_time,0.6786679832022853
42,3,45,1,rf,demographic_time,0.4387972376255229
42,3,5,1,rf,demographic_time,0.8884514604228431
42,3,57,1,rf,demographic_time,0.9187314718348132
42,3,79,0,rf,demographic_time,0.38645642479350745
42,3,82,1,rf,demographic_time,0.6370490323632223
42,3,85,0,rf,demographic_time,0.5912237949640382
42,3,9,1,rf,demographic_time,0.5581694808384514
42,3,91,0,rf,demographic_time,0.6199412356623318
42,3,100,0,rf,all,0.3913979529148664
42,3,12,1,rf,all,0.9413080620937826
42,3,14,0,rf,all,0.21355784442936226
42,3,15,1,rf,all,0.5525351041427389
42,3,21,0,rf,all,0.49538345590540506
42,3,29,0,rf,all,0.4874278562815964
42,3,42,1,rf,all,0.6440906356878177
42,3,45,1,rf,all,0.4130070142949095
42,3,5,1,rf,all,0.861783745060416
42,3,57,1,rf,all,0.904341107032911
42,3,79,0,rf,all,0.37859494191409654
42,3,82,1,rf,all,0.6740076603569087
42,3,85,0,rf,all,0.5805017951134716
42,3,9,1,rf,all,0.5492706746967545
42,3,91,0,rf,all,0.6150430875331186
42,3,100,0,xgb,mouse,0.4956718683242798
42,3,12,1,xgb,mouse,0.4945656657218933
42,3,14,0,xgb,mouse,0.4948387145996094
42,3,15,1,xgb,mouse,0.4945656657218933
42,3,21,0,xgb,mouse,0.49923577904701233
42,3,29,0,xgb,mouse,0.4972621202468872
42,3,42,1,xgb,mouse,0.4956718683242798
42,3,45,1,xgb,mouse,0.4956718683242798
42,3,5,1,xgb,mouse,0.5035079717636108
42,3,57,1,xgb,mouse,0.5059057474136353
42,3,79,0,xgb,mouse,0.4956718683242798
42,3,82,1,xgb,mouse,0.5079646110534668
42,3,85,0,xgb,mouse,0.5055161118507385
42,3,9,1,xgb,mouse,0.4956718683242798
42,3,91,0,xgb,mouse,0.501755952835083
42,3,100,0,xgb,demographic,0.7251085042953491
42,3,12,1,xgb,demographic,0.8762350082397461
42,3,14,0,xgb,demographic,0.7228832244873047
42,3,15,1,xgb,demographic,0.36553633213043213
42,3,21,0,xgb,demographic,0.5853573679924011
42,3,29,0,xgb,demographic,0.3277343213558197
42,3,42,1,xgb,demographic,0.45747876167297363
42,3,45,1,xgb,demographic,0.36553633213043213
42,3,5,1,xgb,demographic,0.8762350082397461
42,3,57,1,xgb,demographic,0.9407284259796143
42,3,79,0,xgb,demographic,0.5156420469284058
42,3,82,1,xgb,demographic,0.8762350082397461
42,3,85,0,xgb,demographic,0.7555604577064514
42,3,9,1,xgb,demographic,0.09178806096315384
42,3,91,0,xgb,demographic,0.9407284259796143
42,3,100,0,xgb,time,0.2690504789352417
42,3,12,1,xgb,time,0.9068522453308105
42,3,14,0,xgb,time,0.1437269151210785
42,3,15,1,xgb,time,0.1425238698720932
42,3,21,0,xgb,time,0.47949719429016113
42,3,29,0,xgb,time,0.4008246064186096
42,3,42,1,xgb,time,0.7298588752746582
42,3,45,1,xgb,time,0.2124435007572174
42,3,5,1,xgb,time,0.9052833318710327
42,3,57,1,xgb,time,0.8593117594718933
42,3,79,0,xgb,time,0.06620174646377563
42,3,82,1,xgb,time,0.4703063666820526
42,3,85,0,xgb,time,0.23028019070625305
42,3,9,1,xgb,time,0.7509430646896362
42,3,91,0,xgb,time,0.12390656024217606
42,3,100,0,xgb,combined,0.7372596859931946
42,3,12,1,xgb,combined,0.8941345810890198
42,3,14,0,xgb,combined,0.7310323119163513
42,3,15,1,xgb,combined,0.3581286668777466
42,3,21,0,xgb,combined,0.58738774061203
42,3,29,0,xgb,combined,0.2940445840358734
42,3,42,1,xgb,combined,0.4574161171913147
42,3,45,1,xgb,combined,0.3581286668777466
42,3,5,1,xgb,combined,0.8941345810890198
42,3,57,1,xgb,combined,0.9422796964645386
42,3,79,0,xgb,combined,0.5101008415222168
42,3,82,1,xgb,combined,0.8941345810890198
42,3,85,0,xgb,combined,0.7975545525550842
42,3,9,1,xgb,combined,0.08540966361761093
42,3,91,0,xgb,combined,0.9422796964645386
42,3,100,0,xgb,mouse_time,0.2683454751968384
42,3,12,1,xgb,mouse_time,0.9049348831176758
42,3,14,0,xgb,mouse_time,0.18435029685497284
42,3,15,1,xgb,mouse_time,0.14437592029571533
42,3,21,0,xgb,mouse_time,0.4588996171951294
42,3,29,0,xgb,mouse_time,0.39900922775268555
42,3,42,1,xgb,mouse_time,0.7454968094825745
42,3,45,1,xgb,mouse_time,0.20270073413848877
42,3,5,1,xgb,mouse_time,0.9044067859649658
42,3,57,1,xgb,mouse_time,0.87076735496521
42,3,79,0,xgb,mouse_time,0.057422298938035965
42,3,82,1,xgb,mouse_time,0.47621169686317444
42,3,85,0,xgb,mouse_time,0.25729119777679443
42,3,9,1,xgb,mouse_time,0.7808573246002197
42,3,91,0,xgb,mouse_time,0.10708384215831757
42,3,100,0,xgb,demographic_time,0.392941951751709
42,3,12,1,xgb,demographic_time,0.9087826013565063
42,3,14,0,xgb,demographic_time,0.20315031707286835
42,3,15,1,xgb,demographic_time,0.1294379085302353
42,3,21,0,xgb,demographic_time,0.3265504539012909
42,3,29,0,xgb,demographic_time,0.4367581605911255
42,3,42,1,xgb,demographic_time,0.6173686981201172
42,3,45,1,xgb,demographic_time,0.2208043932914734
42,3,5,1,xgb,demographic_time,0.9087826013565063
42,3,57,1,xgb,demographic_time,0.869147002696991
42,3,79,0,xgb,demographic_time,0.06134604290127754
42,3,82,1,xgb,demographic_time,0.6566489338874817
42,3,85,0,xgb,demographic_time,0.4271576702594757
42,3,9,1,xgb,demographic_time,0.5687419772148132
42,3,91,0,xgb,demographic_time,0.3102107644081116
42,3,100,0,xgb,all,0.4038730561733246
42,3,12,1,xgb,all,0.9137755036354065
42,3,14,0,xgb,all,0.178780660033226
42,3,15,1,xgb,all,0.13407950103282928
42,3,21,0,xgb,all,0.33104202151298523
42,3,29,0,xgb,all,0.46230971813201904
42,3,42,1,xgb,all,0.6145041584968567
42,3,45,1,xgb,all,0.22101925313472748
42,3,5,1,xgb,all,0.9109943509101868
42,3,57,1,xgb,all,0.8715881705284119
42,3,79,0,xgb,all,0.06350243836641312
42,3,82,1,xgb,all,0.6556833386421204
42,3,85,0,xgb,all,0.42135897278785706
42,3,9,1,xgb,all,0.5516456365585327
42,3,91,0,xgb,all,0.3186050057411194
42,4,101,0,rf,mouse,0.48921501638224624
42,4,11,1,rf,mouse,0.4911413053069791
42,4,13,1,rf,mouse,0.48867770333105637
42,4,20,1,rf,mouse,0.48856303249236693
42,4,22,0,rf,mouse,0.489851175431507
42,4,35,0,rf,mouse,0.4868454639566614
42,4,46,1,rf,mouse,0.48409366978846285
42,4,48,1,rf,mouse,0.49008898527445827
42,4,6,0,rf,mouse,0.4880867860965179
42,4,64,1,rf,mouse,0.48936643199870444
42,4,66,1,rf,mouse,0.48987971268787367
42,4,77,1,rf,mouse,0.48997391683347447
42,4,78,0,rf,mouse,0.4899875205527479
42,4,83,0,rf,mouse,0.48991984328973925
42,4,99,1,rf,mouse,0.48714198272975795
42,4,101,0,rf,demographic,0.5240589729198776
42,4,11,1,rf,demographic,0.7945104269890158
42,4,13,1,rf,demographic,0.7400716555110407
42,4,20,1,rf,demographic,0.4855940754487499
42,4,22,0,rf,demographic,0.6524557661173113
42,4,35,0,rf,demographic,0.16682506993181231
42,4,46,1,rf,demographic,0.7021866472216798
42,4,48,1,rf,demographic,0.3823376593024804
42,4,6,0,rf,demographic,0.08744559327811588
42,4,64,1,rf,demographic,0.6441813454799323
42,4,66,1,rf,demographic,0.7945104269890158
42,4,77,1,rf,demographic,0.6723794919794945
42,4,78,0,rf,demographic,0.38846187993045206
42,4,83,0,rf,demographic,0.7182755759009598
42,4,99,1,rf,demographic,0.5240589729198776
42,4,101,0,rf,time,0.2445538340990426
42,4,11,1,rf,time,0.5019451930672723
42,4,13,1,rf,time,0.7274388403802771
42,4,20,1,rf,time,0.8266415379507212
42,4,22,0,rf,time,0.5107290956419089
42,4,35,0,rf,time,0.25872300398238574
42,4,46,1,rf,time,0.8115273711433157
42,4,48,1,rf,time,0.48064698904331155
42,4,6,0,rf,time,0.302467726741772
42,4,64,1,rf,time,0.18912921941669608
42,4,66,1,rf,time,0.9242563155154692
42,4,77,1,rf,time,0.6764778084200744
42,4,78,0,rf,time,0.6300662052688132
42,4,83,0,rf,time,0.313853816578966
42,4,99,1,rf,time,0.5415021971025594
42,4,101,0,rf,combined,0.5491184513850007
42,4,11,1,rf,combined,0.6576263805117144
42,4,13,1,rf,combined,0.6854728113613366
42,4,20,1,rf,combined,0.5881478828714686
42,4,22,0,rf,combined,0.6908336843200191
42,4,35,0,rf,combined,0.21454613141470769
42,4,46,1,rf,combined,0.6907229827279068
42,4,48,1,rf,combined,0.382575489578558
42,4,6,0,rf,combined,0.11808465942529725
42,4,64,1,rf,combined,0.5875265789085533
42,4,66,1,rf,combined,0.6534393615058611
42,4,77,1,rf,combined,0.6895627161222908
42,4,78,0,rf,combined,0.3525803344094257
42,4,83,0,rf,combined,0.7217187529205243
42,4,99,1,rf,combined,0.5478776265821655
42,4,101,0,rf,mouse_time,0.2795300003738972
42,4,11,1,rf,mouse_time,0.4583927131481789
42,4,13,1,rf,mouse_time,0.7366751071669561
42,4,20,1,rf,mouse_time,0.8614589684608258
42,4,22,0,rf,mouse_time,0.5175964270395383
42,4,35,0,rf,mouse_time,0.2560756453570664
42,4,46,1,rf,mouse_time,0.854273756474084
42,4,48,1,rf,mouse_time,0.46774897872754034
42,4,6,0,rf,mouse_time,0.26730125169199875
42,4,64,1,rf,mouse_time,0.23625910239248177
42,4,66,1,rf,mouse_time,0.9429098069559035
42,4,77,1,rf,mouse_time,0.6764513587826768
42,4,78,0,rf,mouse_time,0.6378493749447764
42,4,83,0,rf,mouse_time,0.3811307616843599
42,4,99,1,rf,mouse_time,0.5080453352427874
42,4,101,0,rf,demographic_time,0.26176434729425
42,4,11,1,rf,demographic_time,0.4905925659540594
42,4,13,1,rf,demographic_time,0.757908311553375
42,4,20,1,rf,demographic_time,0.8450032612594743
42,4,22,0,rf,demographic_time,0.5587141280215666
42,4,35,0,rf,demographic_time,0.2329058648930124
42,4,46,1,rf,demographic_time,0.8062803341571856
42,4,48,1,rf,demographic_time,0.44090231152607384
42,4,6,0,rf,demographic_time,0.28479609072951295
42,4,64,1,rf,demographic_time,0.22821212381991107
42,4,66,1,rf,demographic_time,0.9004656041706325
42,4,77,1,rf,demographic_time,0.6876867444976826
42,4,78,0,rf,demographic_time,0.5578421594523715
42,4,83,0,rf,demographic_time,0.42141091673843567
42,4,99,1,rf,demographic_time,0.5330809684809747
42,4,101,0,rf,all,0.2321584157843882
42,4,11,1,rf,all,0.48932558565009765
42,4,13,1,rf,all,0.7569203873081395
42,4,20,1,rf,all,0.8778319938828139
42,4,22,0,rf,all,0.5351630377198823
42,4,35,0,rf,all,0.23584185814122555
42,4,46,1,rf,all,0.8293092909395996
42,4,48,1,rf,all,0.46284498971994087
42,4,6,0,rf,all,0.242386092515535
42,4,64,1,rf,all,0.19534823529580317
42,4,66,1,rf,all,0.9347619158183831
42,4,77,1,rf,all,0.6878268522065139
42,4,78,0,rf,all,0.5609755624401646
42,4,83,0,rf,all,0.39353372932582603
42,4,99,1,rf,all,0.5123701136904371
42,4,101,0,xgb,mouse,0.4939638078212738
42,4,11,1,xgb,mouse,0.49838048219680786
42,4,13,1,xgb,mouse,0.4939638078212738
42,4,20,1,xgb,mouse,0.4939638078212738
42,4,22,0,xgb,mouse,0.4962472915649414
42,4,35,0,xgb,mouse,0.49100854992866516
42,4,46,1,xgb,mouse,0.4851934313774109
42,4,48,1,xgb,mouse,0.4968406558036804
42,4,6,0,xgb,mouse,0.4936808943748474
42,4,64,1,xgb,mouse,0.4936808943748474
42,4,66,1,xgb,mouse,0.4956664741039276
42,4,77,1,xgb,mouse,0.4948318302631378
42,4,78,0,xgb,mouse,0.4939638078212738
42,4,83,0,xgb,mouse,0.4967522621154785
42,4,99,1,xgb,mouse,0.49147725105285645
42,4,101,0,xgb,demographic,0.6919401288032532
42,4,11,1,xgb,demographic,0.684707760810852
42,4,13,1,xgb,demographic,0.7805806994438171
42,4,20,1,xgb,demographic,0.566575825214386
42,4,22,0,xgb,demographic,0.5269271731376648
42,4,35,0,xgb,demographic,0.1877223402261734
42,4,46,1,xgb,demographic,0.5205894112586975
42,4,48,1,xgb,demographic,0.30725809931755066
42,4,6,0,xgb,demographic,0.12308541685342789
42,4,64,1,xgb,demographic,0.8289328217506409
42,4,66,1,xgb,demographic,0.684707760810852
42,4,77,1,xgb,demographic,0.5205894112586975
42,4,78,0,xgb,demographic,0.3399793207645416
42,4,83,0,xgb,demographic,0.8143482804298401
42,4,99,1,xgb,demographic,0.6919401288032532
42,4,101,0,xgb,time,0.22897371649742126
42,4,11,1,xgb,time,0.18544544279575348
42,4,13,1,xgb,time,0.8448616862297058
42,4,20,1,xgb,time,0.9337406158447266
42,4,22,0,xgb,time,0.7062205672264099
42,4,35,0,xgb,time,0.19668084383010864
42,4,46,1,xgb,time,0.8702608346939087
42,4,48,1,xgb,time,0.3886107802391052
42,4,6,0,xgb,time,0.2557692527770996
42,4,64,1,xgb,time,0.07927989214658737
42,4,66,1,xgb,time,0.9542307257652283
42,4,77,1,xgb,time,0.8257520794868469
42,4,78,0,xgb,time,0.5679137706756592
42,4,83,0,xgb,time,0.10120343416929245
42,4,99,1,xgb,time,0.6237701773643494
42,4,101,0,xgb,combined,0.6905043721199036
42,4,11,1,xgb,combined,0.6905043721199036
42,4,13,1,xgb,combined,0.8165619373321533
42,4,20,1,xgb,combined,0.5856494307518005
42,4,22,0,xgb,combined,0.5006667375564575
42,4,35,0,xgb,combined,0.21940268576145172
42,4,46,1,xgb,combined,0.49296894669532776
42,4,48,1,xgb,combined,0.2833222448825836
42,4,6,0,xgb,combined,0.10977507382631302
42,4,64,1,xgb,combined,0.8588424324989319
42,4,66,1,xgb,combined,0.6905043721199036
42,4,77,1,xgb,combined,0.49296894669532776
42,4,78,0,xgb,combined,0.3932255208492279
42,4,83,0,xgb,combined,0.8219238519668579
42,4,99,1,xgb,combined,0.6905043721199036
42,4,101,0,xgb,mouse_time,0.2371366322040558
42,4,11,1,xgb,mouse_time,0.16433477401733398
42,4,13,1,xgb,mouse_time,0.8663954734802246
42,4,20,1,xgb,mouse_time,0.9409043192863464
42,4,22,0,xgb,mouse_time,0.7099682688713074
42,4,35,0,xgb,mouse_time,0.20317168533802032
42,4,46,1,xgb,mouse_time,0.9017999172210693
42,4,48,1,xgb,mouse_time,0.3634994924068451
42,4,6,0,xgb,mouse_time,0.2466862052679062
42,4,64,1,xgb,mouse_time,0.0953284427523613
42,4,66,1,xgb,mouse_time,0.9547991156578064
42,4,77,1,xgb,mouse_time,0.8149598836898804
42,4,78,0,xgb,mouse_time,0.558646023273468
42,4,83,0,xgb,mouse_time,0.12697987258434296
42,4,99,1,xgb,mouse_time,0.6184275150299072
42,4,101,0,xgb,demographic_time,0.1488308608531952
42,4,11,1,xgb,demographic_time,0.21964040398597717
42,4,13,1,xgb,demographic_time,0.8729311227798462
42,4,20,1,xgb,demographic_time,0.9339162111282349
42,4,22,0,xgb,demographic_time,0.7032653093338013
42,4,35,0,xgb,demographic_time,0.14887218177318573
42,4,46,1,xgb,demographic_time,0.9258905053138733
42,4,48,1,xgb,demographic_time,0.49574896693229675
42,4,6,0,xgb,demographic_time,0.3221743404865265
42,4,64,1,xgb,demographic_time,0.0860634297132492
42,4,66,1,xgb,demographic_time,0.9505260586738586
42,4,77,1,xgb,demographic_time,0.8796992301940918
42,4,78,0,xgb,demographic_time,0.506595253944397
42,4,83,0,xgb,demographic_time,0.13762785494327545
42,4,99,1,xgb,demographic_time,0.6429510712623596
42,4,101,0,xgb,all,0.1495257019996643
42,4,11,1,xgb,all,0.1834404319524765
42,4,13,1,xgb,all,0.8850302696228027
42,4,20,1,xgb,all,0.9376453757286072
42,4,22,0,xgb,all,0.7211471199989319
42,4,35,0,xgb,all,0.174667626619339
42,4,46,1,xgb,all,0.9276043176651001
42,4,48,1,xgb,all,0.4132095277309418
42,4,6,0,xgb,all,0.3088250756263733
42,4,64,1,xgb,all,0.09633023291826248
42,4,66,1,xgb,all,0.9476141929626465
42,4,77,1,xgb,all,0.8795974254608154
42,4,78,0,xgb,all,0.49467572569847107
42,4,83,0,xgb,all,0.12355394661426544
42,4,99,1,xgb,all,0.634659469127655
42,5,10,0,rf,mouse,0.4940623818657926
42,5,3,1,rf,mouse,0.49954303187821236
42,5,39,0,rf,mouse,0.4936639142469875
42,5,41,0,rf,mouse,0.4900750098033394
42,5,49,1,rf,mouse,0.5046560174028254
42,5,53,1,rf,mouse,0.49727741586302027
42,5,54,1,rf,mouse,0.49904944244325944
42,5,60,1,rf,mouse,0.492398387771397
42,5,62,1,rf,mouse,0.5000824859494055
42,5,69,1,rf,mouse,0.49896479764096824
42,5,70,0,rf,mouse,0.49848452635235524
42,5,86,0,rf,mouse,0.49430639368305285
42,5,93,1,rf,mouse,0.49331275893617443
42,5,95,0,rf,mouse,0.4956583317873803
42,5,10,0,rf,demographic,0.35576125427704614
42,5,3,1,rf,demographic,0.5163262097008063
42,5,39,0,rf,demographic,0.4125115139587975
42,5,41,0,rf,demographic,0.14303794100601996
42,5,49,1,rf,demographic,0.6152858169070028
42,5,53,1,rf,demographic,0.876655296024237
42,5,54,1,rf,demographic,0.31430131564863
42,5,60,1,rf,demographic,0.3451009696491037
42,5,62,1,rf,demographic,0.5161834547573904
42,5,69,1,rf,demographic,0.5443658897485667
42,5,70,0,rf,demographic,0.5161834547573904
42,5,86,0,rf,demographic,0.35576125427704614
42,5,93,1,rf,demographic,0.3964320279356227
42,5,95,0,rf,demographic,0.32111897812565626
42,5,10,0,rf,time,0.3702233200015584
42,5,3,1,rf,time,0.8996690430355111
42,5,39,0,rf,time,0.14368792314815698
42,5,41,0,rf,time,0.29434258461592944
42,5,49,1,rf,time,0.9695624116223849
42,5,53,1,rf,time,0.38972707571718906
42,5,54,1,rf,time,0.5250239429151161
42,5,60,1,rf,time,0.6705626591413245
42,5,62,1,rf,time,0.8790679689710345
42,5,69,1,rf,time,0.7220095036829486
42,5,70,0,rf,time,0.24927457351818877
42,5,86,0,rf,time,0.6705326114567448
42,5,93,1,rf,time,0.5628589704670617
42,5,95,0,rf,time,0.6972036949745916
42,5,10,0,rf,combined,0.3608766265243486
42,5,3,1,rf,combined,0.5211052178628535
42,5,39,0,rf,combined,0.47506709426733584
42,5,41,0,rf,combined,0.1526715277904637
42,5,49,1,rf,combined,0.5515804082741145
42,5,53,1,rf,combined,0.8188738411851825
42,5,54,1,rf,combined,0.3747078607413723
42,5,60,1,rf,combined,0.31468544329842246
42,5,62,1,rf,combined,0.518767365350363
42,5,69,1,rf,combined,0.7659796513022744
42,5,70,0,rf,combined,0.5181293249006067
42,5,86,0,rf,combined,0.3608766265243486
42,5,93,1,rf,combined,0.5241936214149265
42,5,95,0,rf,combined,0.3662551075470639
42,5,10,0,rf,mouse_time,0.3471803203320949
42,5,3,1,rf,mouse_time,0.893101791833758
42,5,39,0,rf,mouse_time,0.1706601398162805
42,5,41,0,rf,mouse_time,0.2909577442204535
42,5,49,1,rf,mouse_time,0.9630661140667012
42,5,53,1,rf,mouse_time,0.3923191952947587
42,5,54,1,rf,mouse_time,0.4341871555401388
42,5,60,1,rf,mouse_time,0.6901785017134529
42,5,62,1,rf,mouse_time,0.8038705996844829
42,5,69,1,rf,mouse_time,0.7166444530306211
42,5,70,0,rf,mouse_time,0.21257632527816733
42,5,86,0,rf,mouse_time,0.6776185222275493
42,5,93,1,rf,mouse_time,0.5178284171338776
42,5,95,0,rf,mouse_time,0.713643197456094
42,5,10,0,rf,demographic_time,0.37887574046893857
42,5,3,1,rf,demographic_time,0.8847735880782637
42,5,39,0,rf,demographic_time,0.18252234846236232
42,5,41,0,rf,demographic_time,0.2121805390579822
42,5,49,1,rf,demographic_time,0.974699040237258
42,5,53,1,rf,demographic_time,0.46909817835566087
42,5,54,1,rf,demographic_time,0.4184818113690195
42,5,60,1,rf,demographic_time,0.6668668346904119
42,5,62,1,rf,demographic_time,0.810236107592283
42,5,69,1,rf,demographic_time,0.7057461120073331
42,5,70,0,rf,demographic_time,0.2590341920693084
42,5,86,0,rf,demographic_time,0.7137949589422046
42,5,93,1,rf,demographic_time,0.526692048682669
42,5,95,0,rf,demographic_time,0.6751096295182912
42,5,10,0,rf,all,0.39718180648960494
42,5,3,1,rf,all,0.917839850046415
42,5,39,0,rf,all,0.17528871101062338
42,5,41,0,rf,all,0.23825737073709446
42,5,49,1,rf,all,0.9780922121962625
42,5,53,1,rf,all,0.41076839243084723
42,5,54,1,rf,all,0.49260776527894545
42,5,60,1,rf,all,0.6386742276480195
42,5,62,1,rf,all,0.8705588314570674
42,5,69,1,rf,all,0.7061018072682919
42,5,70,0,rf,all,0.29350162143524067
42,5,86,0,rf,all,0.6724808029371091
42,5,93,1,rf,all,0.4816335292059136
42,5,95,0,rf,all,0.6868284434096277
42,5,10,0,xgb,mouse,0.49410155415534973
42,5,3,1,xgb,mouse,0.5009468197822571
42,5,39,0,xgb,mouse,0.49444064497947693
42,5,41,0,xgb,mouse,0.4932391941547394
42,5,49,1,xgb,mouse,0.5050147771835327
42,5,53,1,xgb,mouse,0.4989510774612427
42,5,54,1,xgb,mouse,0.5010048151016235
42,5,60,1,xgb,mouse,0.49249348044395447
42,5,62,1,xgb,mouse,0.5017111301422119
42,5,69,1,xgb,mouse,0.5033731460571289
42,5,70,0,xgb,mouse,0.5013289451599121
42,5,86,0,xgb,mouse,0.4950436055660248
42,5,93,1,xgb,mouse,0.4929245710372925
42,5,95,0,xgb,mouse,0.49440717697143555
42,5,10,0,xgb,demographic,0.26278895139694214
42,5,3,1,xgb,demographic,0.6264380216598511
42,5,39,0,xgb,demographic,0.3124268651008606
42,5,41,0,xgb,demographic,0.10159845650196075
42,5,49,1,xgb,demographic,0.5344686508178711
42,5,53,1,xgb,demographic,0.8220179080963135
42,5,54,1,xgb,demographic,0.33343741297721863
42,5,60,1,xgb,demographic,0.3291275203227997
42,5,62,1,xgb,demographic,0.612951397895813
42,5,69,1,xgb,demographic,0.7938305735588074
42,5,70,0,xgb,demographic,0.612951397895813
42,5,86,0,xgb,demographic,0.26278895139694214
42,5,93,1,xgb,demographic,0.5690137147903442
42,5,95,0,xgb,demographic,0.3085646629333496
42,5,10,0,xgb,time,0.30951738357543945
42,5,3,1,xgb,time,0.9145088791847229
42,5,39,0,xgb,time,0.123006671667099
42,5,41,0,xgb,time,0.4306184649467468
42,5,49,1,xgb,time,0.9774466156959534
42,5,53,1,xgb,time,0.2109314352273941
42,5,54,1,xgb,time,0.5666717886924744
42,5,60,1,xgb,time,0.6922215223312378
42,5,62,1,xgb,time,0.9465944170951843
42,5,69,1,xgb,time,0.7231429219245911
42,5,70,0,xgb,time,0.4391268193721771
42,5,86,0,xgb,time,0.6112596392631531
42,5,93,1,xgb,time,0.5116044282913208
42,5,95,0,xgb,time,0.7438109517097473
42,5,10,0,xgb,combined,0.286842942237854
42,5,3,1,xgb,combined,0.5975250601768494
42,5,39,0,xgb,combined,0.38834860920906067
42,5,41,0,xgb,combined,0.09311912953853607
42,5,49,1,xgb,combined,0.5199188590049744
42,5,53,1,xgb,combined,0.8474557995796204
42,5,54,1,xgb,combined,0.309303879737854
42,5,60,1,xgb,combined,0.3202556371688843
42,5,62,1,xgb,combined,0.5975250601768494
42,5,69,1,xgb,combined,0.8236890435218811
42,5,70,0,xgb,combined,0.5975250601768494
42,5,86,0,xgb,combined,0.286842942237854
42,5,93,1,xgb,combined,0.5552539825439453
42,5,95,0,xgb,combined,0.31921929121017456
42,5,10,0,xgb,mouse_time,0.28107938170433044
42,5,3,1,xgb,mouse_time,0.9088062644004822
42,5,39,0,xgb,mouse_time,0.1336086392402649
42,5,41,0,xgb,mouse_time,0.3728027045726776
42,5,49,1,xgb,mouse_time,0.977283775806427
42,5,53,1,xgb,mouse_time,0.2312553972005844
42,5,54,1,xgb,mouse_time,0.5628663897514343
42,5,60,1,xgb,mouse_time,0.6663460731506348
42,5,62,1,xgb,mouse_time,0.9536203145980835
42,5,69,1,xgb,mouse_time,0.7453054189682007
42,5,70,0,xgb,mouse_time,0.4265766739845276
42,5,86,0,xgb,mouse_time,0.624196469783783
42,5,93,1,xgb,mouse_time,0.5139199495315552
42,5,95,0,xgb,mouse_time,0.7069839835166931
42,5,10,0,xgb,demographic_time,0.5892404913902283
42,5,3,1,xgb,demographic_time,0.9059281945228577
42,5,39,0,xgb,demographic_time,0.17599903047084808
42,5,41,0,xgb,demographic_time,0.2274516075849533
42,5,49,1,xgb,demographic_time,0.9621203541755676
42,5,53,1,xgb,demographic_time,0.3749437630176544
42,5,54,1,xgb,demographic_time,0.495211124420166
42,5,60,1,xgb,demographic_time,0.5111642479896545
42,5,62,1,xgb,demographic_time,0.9340847730636597
42,5,69,1,xgb,demographic_time,0.7432518601417542
42,5,70,0,xgb,demographic_time,0.6075007319450378
42,5,86,0,xgb,demographic_time,0.6196824312210083
42,5,93,1,xgb,demographic_time,0.5087941288948059
42,5,95,0,xgb,demographic_time,0.7083309292793274
42,5,10,0,xgb,all,0.5776751637458801
42,5,3,1,xgb,all,0.9086740612983704
42,5,39,0,xgb,all,0.1695259064435959
42,5,41,0,xgb,all,0.2463548630475998
42,5,49,1,xgb,all,0.9635710716247559
42,5,53,1,xgb,all,0.3924174904823303
42,5,54,1,xgb,all,0.49062928557395935
42,5,60,1,xgb,all,0.5804120898246765
42,5,62,1,xgb,all,0.9267844557762146
42,5,69,1,xgb,all,0.7159157991409302
42,5,70,0,xgb,all,0.6141104102134705
42,5,86,0,xgb,all,0.6250947713851929
42,5,93,1,xgb,all,0.5117771029472351
42,5,95,0,xgb,all,0.7011721730232239
43,1,11,1,rf,mouse,0.4944793411921627
43,1,15,1,rf,mouse,0.49227425204742803
43,1,18,0,rf,mouse,0.49204768237515467
43,1,19,1,rf,mouse,0.4923528622047474
43,1,3,1,rf,mouse,0.49308149783610267
43,1,30,0,rf,mouse,0.49171356113943104
43,1,39,0,rf,mouse,0.4913424881956067
43,1,6,0,rf,mouse,0.4917365877072798
43,1,79,0,rf,mouse,0.4921836866347255
43,1,8,1,rf,mouse,0.49328144285810815
43,1,82,1,rf,mouse,0.49492964176233906
43,1,91,0,rf,mouse,0.4950824317988083
43,1,92,1,rf,mouse,0.4938004868862921
43,1,95,0,rf,mouse,0.49280216280769223
43,1,97,1,rf,mouse,0.4942750544011296
43,1,11,1,rf,demographic,0.7328103813948411
43,1,15,1,rf,demographic,0.40135290856032046
43,1,18,0,rf,demographic,0.7202138799076929
43,1,19,1,rf,demographic,0.6937050158598991
43,1,3,1,rf,demographic,0.38759633692969053
43,1,30,0,rf,demographic,0.6014279309112659
43,1,39,0,rf,demographic,0.6076268950875864
43,1,6,0,rf,demographic,0.2663629602826192
43,1,79,0,rf,demographic,0.5449901110932445
43,1,8,1,rf,demographic,0.5525113406413323
43,1,82,1,rf,demographic,0.9363570555195027
43,1,91,0,rf,demographic,0.9814937226877344
43,1,92,1,rf,demographic,0.9363570555195027
43,1,95,0,rf,demographic,0.30197897460184536
43,1,97,1,rf,demographic,0.40817720461998547
43,1,11,1,rf,time,0.5777911971965218
43,1,15,1,rf,time,0.6512139736018865
43,1,18,0,rf,time,0.5975007606455486
43,1,19,1,rf,time,0.6285411293912757
43,1,3,1,rf,time,0.8861776097609682
43,1,30,0,rf,time,0.30412053412750445
43,1,39,0,rf,time,0.3376579264390186
43,1,6,0,rf,time,0.29654112648857117
43,1,79,0,rf,time,0.35637619686650684
43,1,8,1,rf,time,0.4624523439901201
43,1,82,1,rf,time,0.6831402404911548
43,1,91,0,rf,time,0.5709041785221883
43,1,92,1,rf,time,0.6420100441191651
43,1,95,0,rf,time,0.6442564528076455
43,1,97,1,rf,time,0.6949020099728777
43,1,11,1,rf,combined,0.6536251458541307
43,1,15,1,rf,combined,0.397150170611425
43,1,18,0,rf,combined,0.6432525133377235
43,1,19,1,rf,combined,0.7405291103553939
43,1,3,1,rf,combined,0.4046435282540032
43,1,30,0,rf,combined,0.5870019325124198
43,1,39,0,rf,combined,0.534426061782356
43,1,6,0,rf,combined,0.27700886182413054
43,1,79,0,rf,combined,0.3675647483572103
43,1,8,1,rf,combined,0.49815138057107033
43,1,82,1,rf,combined,0.9180228115406394
43,1,91,0,rf,combined,0.9230783003591891
43,1,92,1,rf,combined,0.9179359245708726
43,1,95,0,rf,combined,0.3569305842693987
43,1,97,1,rf,combined,0.4212250331773421
43,1,11,1,rf,mouse_time,0.5995607408110971
43,1,15,1,rf,mouse_time,0.6906935477375652
43,1,18,0,rf,mouse_time,0.5749464340582948
43,1,19,1,rf,mouse_time,0.6045065628467596
43,1,3,1,rf,mouse_time,0.9243031739899206
43,1,30,0,rf,mouse_time,0.3099034298835425
43,1,39,0,rf,mouse_time,0.3023133642816305
43,1,6,0,rf,mouse_time,0.3315869504666385
43,1,79,0,rf,mouse_time,0.37596324134123227
43,1,8,1,rf,mouse_time,0.3859864219192613
43,1,82,1,rf,mouse_time,0.6323964638279056
43,1,91,0,rf,mouse_time,0.5623177958693012
43,1,92,1,rf,mouse_time,0.6399473830160066
43,1,95,0,rf,mouse_time,0.7138372378395456
43,1,97,1,rf,mouse_time,0.6690382449685291
43,1,11,1,rf,demographic_time,0.6287347534713619
43,1,15,1,rf,demographic_time,0.7048244368192648
43,1,18,0,rf,demographic_time,0.6156426948300021
43,1,19,1,rf,demographic_time,0.6076652124265252
43,1,3,1,rf,demographic_time,0.8784131896235541
43,1,30,0,rf,demographic_time,0.346263796633797
43,1,39,0,rf,demographic_time,0.31096975752502837
43,1,6,0,rf,demographic_time,0.22756210080666966
43,1,79,0,rf,demographic_time,0.3188403124202874
43,1,8,1,rf,demographic_time,0.40211842011797916
43,1,82,1,rf,demographic_time,0.7100089035704228
43,1,91,0,rf,demographic_time,0.5665424986302477
43,1,92,1,rf,demographic_time,0.6527787896798443
43,1,95,0,rf,demographic_time,0.7443249928579392
43,1,97,1,rf,demographic_time,0.6806655114828966
43,1,11,1,rf,all,0.5813787047236078
43,1,15,1,rf,all,0.6551531040890058
43,1,18,0,rf,all,0.6174603918128242
43,1,19,1,rf,all,0.5920398776797665
43,1,3,1,rf,all,0.9314802850444709
43,1,30,0,rf,all,0.2925722276831008
43,1,39,0,rf,all,0.3292857336397002
43,1,6,0,rf,all,0.2604814213231461
43,1,79,0,rf,all,0.3561318661428349
43,1,8,1,rf,all,0.3558645151541062
43,1,82,1,rf,all,0.7204591353358856
43,1,91,0,rf,all,0.5471353601457365
43,1,92,1,rf,all,0.6092430281770784
43,1,95,0,rf,all,0.6972329018026957
43,1,97,1,rf,all,0.6718861798859216
43,1,11,1,xgb,mouse,0.5001770257949829
43,1,15,1,xgb,mouse,0.49432578682899475
43,1,18,0,xgb,mouse,0.49432578682899475
43,1,19,1,xgb,mouse,0.49499401450157166
43,1,3,1,xgb,mouse,0.49511075019836426
43,1,30,0,xgb,mouse,0.49432578682899475
43,1,39,0,xgb,mouse,0.49432578682899475
43,1,6,0,xgb,mouse,0.49432578682899475
43,1,79,0,xgb,mouse,0.49432578682899475
43,1,8,1,xgb,mouse,0.49489593505859375
43,1,82,1,xgb,mouse,0.5009002089500427
43,1,91,0,xgb,mouse,0.4995732307434082
43,1,92,1,xgb,mouse,0.4995732307434082
43,1,95,0,xgb,mouse,0.49499401450157166
43,1,97,1,xgb,mouse,0.4969828724861145
43,1,11,1,xgb,demographic,0.6924611926078796
43,1,15,1,xgb,demographic,0.4224657416343689
43,1,18,0,xgb,demographic,0.4829977750778198
43,1,19,1,xgb,demographic,0.8005818724632263
43,1,3,1,xgb,demographic,0.5059219598770142
43,1,30,0,xgb,demographic,0.6892450451850891
43,1,39,0,xgb,demographic,0.32046136260032654
43,1,6,0,xgb,demographic,0.1748558133840561
43,1,79,0,xgb,demographic,0.34802761673927307
43,1,8,1,xgb,demographic,0.3194756507873535
43,1,82,1,xgb,demographic,0.8399168252944946
43,1,91,0,xgb,demographic,0.932597279548645
43,1,92,1,xgb,demographic,0.8399168252944946
43,1,95,0,xgb,demographic,0.28751158714294434
43,1,97,1,xgb,demographic,0.5059219598770142
43,1,11,1,xgb,time,0.3689413368701935
43,1,15,1,xgb,time,0.43123361468315125
43,1,18,0,xgb,time,0.5925036668777466
43,1,19,1,xgb,time,0.6165580749511719
43,1,3,1,xgb,time,0.9555343985557556
43,1,30,0,xgb,time,0.213118776679039
43,1,39,0,xgb,time,0.27866700291633606
43,1,6,0,xgb,time,0.2132992297410965
43,1,79,0,xgb,time,0.14921049773693085
43,1,8,1,xgb,time,0.4666127860546112
43,1,82,1,xgb,time,0.49735894799232483
43,1,91,0,xgb,time,0.4411085546016693
43,1,92,1,xgb,time,0.6759414672851562
43,1,95,0,xgb,time,0.6364517211914062
43,1,97,1,xgb,time,0.706109881401062
43,1,11,1,xgb,combined,0.6961076259613037
43,1,15,1,xgb,combined,0.4452120363712311
43,1,18,0,xgb,combined,0.45216789841651917
43,1,19,1,xgb,combined,0.7491664290428162
43,1,3,1,xgb,combined,0.48051583766937256
43,1,30,0,xgb,combined,0.6832379102706909
43,1,39,0,xgb,combined,0.37542566657066345
43,1,6,0,xgb,combined,0.12470931559801102
43,1,79,0,xgb,combined,0.27406930923461914
43,1,8,1,xgb,combined,0.24946844577789307
43,1,82,1,xgb,combined,0.8779687881469727
43,1,91,0,xgb,combined,0.9201505780220032
43,1,92,1,xgb,combined,0.8779687881469727
43,1,95,0,xgb,combined,0.35245463252067566
43,1,97,1,xgb,combined,0.48880258202552795
43,1,11,1,xgb,mouse_time,0.3510974943637848
43,1,15,1,xgb,mouse_time,0.418824702501297
43,1,18,0,xgb,mouse_time,0.5026971697807312
43,1,19,1,xgb,mouse_time,0.6515475511550903
43,1,3,1,xgb,mouse_time,0.948878288269043
43,1,30,0,xgb,mouse_time,0.16755807399749756
43,1,39,0,xgb,mouse_time,0.2387332171201706
43,1,6,0,xgb,mouse_time,0.29424265027046204
43,1,79,0,xgb,mouse_time,0.15257103741168976
43,1,8,1,xgb,mouse_time,0.3371323347091675
43,1,82,1,xgb,mouse_time,0.40761154890060425
43,1,91,0,xgb,mouse_time,0.41944482922554016
43,1,92,1,xgb,mouse_time,0.6413628458976746
43,1,95,0,xgb,mouse_time,0.5479925274848938
43,1,97,1,xgb,mouse_time,0.6637910008430481
43,1,11,1,xgb,demographic_time,0.3495591878890991
43,1,15,1,xgb,demographic_time,0.49314647912979126
43,1,18,0,xgb,demographic_time,0.5673545598983765
43,1,19,1,xgb,demographic_time,0.6002636551856995
43,1,3,1,xgb,demographic_time,0.947716236114502
43,1,30,0,xgb,demographic_time,0.23971714079380035
43,1,39,0,xgb,demographic_time,0.29221343994140625
43,1,6,0,xgb,demographic_time,0.22501370310783386
43,1,79,0,xgb,demographic_time,0.16863995790481567
43,1,8,1,xgb,demographic_time,0.42765846848487854
43,1,82,1,xgb,demographic_time,0.6801953315734863
43,1,91,0,xgb,demographic_time,0.43419569730758667
43,1,92,1,xgb,demographic_time,0.6648089289665222
43,1,95,0,xgb,demographic_time,0.6226759552955627
43,1,97,1,xgb,demographic_time,0.6603934168815613
43,1,11,1,xgb,all,0.3578287661075592
43,1,15,1,xgb,all,0.49330759048461914
43,1,18,0,xgb,all,0.5967631936073303
43,1,19,1,xgb,all,0.60273277759552
43,1,3,1,xgb,all,0.9333932995796204
43,1,30,0,xgb,all,0.26624011993408203
43,1,39,0,xgb,all,0.2983386814594269
43,1,6,0,xgb,all,0.20446307957172394
43,1,79,0,xgb,all,0.1358022689819336
43,1,8,1,xgb,all,0.4646603465080261
43,1,82,1,xgb,all,0.6755065321922302
43,1,91,0,xgb,all,0.4736427962779999
43,1,92,1,xgb,all,0.6581357717514038
43,1,95,0,xgb,all,0.6683015823364258
43,1,97,1,xgb,all,0.6779311895370483
43,2,100,0,rf,mouse,0.49163806509202446
43,2,101,0,rf,mouse,0.49333015606206654
43,2,16,1,rf,mouse,0.4975189633769663
43,2,17,1,rf,mouse,0.5065232219235157
43,2,2,0,rf,mouse,0.5047640491823502
43,2,21,0,rf,mouse,0.5029179373404847
43,2,22,0,rf,mouse,0.4982568090796463
43,2,23,0,rf,mouse,0.4986162740580449
43,2,24,1,rf,mouse,0.5028096697474538
43,2,40,0,rf,mouse,0.5042038286079763
43,2,5,1,rf,mouse,0.507958960621657
43,2,54,1,rf,mouse,0.49921659906552085
43,2,57,1,rf,mouse,0.5030852060455706
43,2,69,1,rf,mouse,0.5006575488431138
43,2,99,1,rf,mouse,0.49259369436146777
43,2,100,0,rf,demographic,0.9085620312991125
43,2,101,0,rf,demographic,0.5272697575267691
43,2,16,1,rf,demographic,0.6823088996370235
43,2,17,1,rf,demographic,0.6065167017939961
43,2,2,0,rf,demographic,0.7757759182431478
43,2,21,0,rf,demographic,0.4961882236652687
43,2,22,0,rf,demographic,0.6153127870444597
43,2,23,0,rf,demographic,0.69970861824962
43,2,24,1,rf,demographic,0.9085620312991125
43,2,40,0,rf,demographic,0.6903353895588183
43,2,5,1,rf,demographic,0.7366596406472224
43,2,54,1,rf,demographic,0.2384374869248071
43,2,57,1,rf,demographic,0.6688184280113758
43,2,69,1,rf,demographic,0.5935384315716046
43,2,99,1,rf,demographic,0.5272697575267691
43,2,100,0,rf,time,0.37100468652985213
43,2,101,0,rf,time,0.12995043900165404
43,2,16,1,rf,time,0.3073069004243576
43,2,17,1,rf,time,0.5744478862859623
43,2,2,0,rf,time,0.7067591737498528
43,2,21,0,rf,time,0.6521305930570678
43,2,22,0,rf,time,0.509089931311059
43,2,23,0,rf,time,0.6097715255996123
43,2,24,1,rf,time,0.47410287742785345
43,2,40,0,rf,time,0.3515820199512363
43,2,5,1,rf,time,0.8191723929492397
43,2,54,1,rf,time,0.37240660404646553
43,2,57,1,rf,time,0.881035488268936
43,2,69,1,rf,time,0.6944695831275384
43,2,99,1,rf,time,0.5706211780359762
43,2,100,0,rf,combined,0.850113091159785
43,2,101,0,rf,combined,0.5854908037747186
43,2,16,1,rf,combined,0.6411666372414033
43,2,17,1,rf,combined,0.5885577395204845
43,2,2,0,rf,combined,0.6388868463379093
43,2,21,0,rf,combined,0.42888692257101707
43,2,22,0,rf,combined,0.6092397813601611
43,2,23,0,rf,combined,0.6494208027980328
43,2,24,1,rf,combined,0.8541306517905181
43,2,40,0,rf,combined,0.6452054836395908
43,2,5,1,rf,combined,0.7142430586938803
43,2,54,1,rf,combined,0.2682265521451226
43,2,57,1,rf,combined,0.6925580506864398
43,2,69,1,rf,combined,0.6637806119016455
43,2,99,1,rf,combined,0.5857192864783973
43,2,100,0,rf,mouse_time,0.36914109712952453
43,2,101,0,rf,mouse_time,0.16061889601368998
43,2,16,1,rf,mouse_time,0.27414216934161284
43,2,17,1,rf,mouse_time,0.5247151227250344
43,2,2,0,rf,mouse_time,0.6865584680113384
43,2,21,0,rf,mouse_time,0.5692122281183851
43,2,22,0,rf,mouse_time,0.503532945393071
43,2,23,0,rf,mouse_time,0.5488245191332695
43,2,24,1,rf,mouse_time,0.470126175459999
43,2,40,0,rf,mouse_time,0.37145858613773464
43,2,5,1,rf,mouse_time,0.8009768241832813
43,2,54,1,rf,mouse_time,0.431982492332576
43,2,57,1,rf,mouse_time,0.8132609418449219
43,2,69,1,rf,mouse_time,0.6890384237370181
43,2,99,1,rf,mouse_time,0.5166114400278313
43,2,100,0,rf,demographic_time,0.3112935970424203
43,2,101,0,rf,demographic_time,0.13067320761913465
43,2,16,1,rf,demographic_time,0.26570603318875297
43,2,17,1,rf,demographic_time,0.5385804299300412
43,2,2,0,rf,demographic_time,0.7055395530155548
43,2,21,0,rf,demographic_time,0.6147617866760563
43,2,22,0,rf,demographic_time,0.5122901285799916
43,2,23,0,rf,demographic_time,0.5543360050863216
43,2,24,1,rf,demographic_time,0.4897539898168432
43,2,40,0,rf,demographic_time,0.36896256048236636
43,2,5,1,rf,demographic_time,0.8260646952448767
43,2,54,1,rf,demographic_time,0.352569069816553
43,2,57,1,rf,demographic_time,0.8150001706331157
43,2,69,1,rf,demographic_time,0.6967871595821278
43,2,99,1,rf,demographic_time,0.5427214451025786
43,2,100,0,rf,all,0.40169089598574714
43,2,101,0,rf,all,0.09056514983393386
43,2,16,1,rf,all,0.19805699110049194
43,2,17,1,rf,all,0.5459355855369099
43,2,2,0,rf,all,0.7303809746347388
43,2,21,0,rf,all,0.6608943414834922
43,2,22,0,rf,all,0.5762599590632294
43,2,23,0,rf,all,0.5449577368524043
43,2,24,1,rf,all,0.42101126561682634
43,2,40,0,rf,all,0.32679156163857886
43,2,5,1,rf,all,0.8129697113982859
43,2,54,1,rf,all,0.3116484138969615
43,2,57,1,rf,all,0.8138197693813037
43,2,69,1,rf,all,0.7130458343804398
43,2,99,1,rf,all,0.5819937351416472
43,2,100,0,xgb,mouse,0.4932796359062195
43,2,101,0,xgb,mouse,0.496371328830719
43,2,16,1,xgb,mouse,0.49948650598526
43,2,17,1,xgb,mouse,0.5055233836174011
43,2,2,0,xgb,mouse,0.5069531202316284
43,2,21,0,xgb,mouse,0.5005276799201965
43,2,22,0,xgb,mouse,0.49878305196762085
43,2,23,0,xgb,mouse,0.49893060326576233
43,2,24,1,xgb,mouse,0.5026800632476807
43,2,40,0,xgb,mouse,0.5055233836174011
43,2,5,1,xgb,mouse,0.5088009238243103
43,2,54,1,xgb,mouse,0.4995345175266266
43,2,57,1,xgb,mouse,0.5047720074653625
43,2,69,1,xgb,mouse,0.4995528757572174
43,2,99,1,xgb,mouse,0.4957583546638489
43,2,100,0,xgb,demographic,0.7712534070014954
43,2,101,0,xgb,demographic,0.708459198474884
43,2,16,1,xgb,demographic,0.6287845373153687
43,2,17,1,xgb,demographic,0.6287845373153687
43,2,2,0,xgb,demographic,0.6487193703651428
43,2,21,0,xgb,demographic,0.4543910324573517
43,2,22,0,xgb,demographic,0.6012458801269531
43,2,23,0,xgb,demographic,0.6287845373153687
43,2,24,1,xgb,demographic,0.7712534070014954
43,2,40,0,xgb,demographic,0.6287845373153687
43,2,5,1,xgb,demographic,0.6934623122215271
43,2,54,1,xgb,demographic,0.3609156012535095
43,2,57,1,xgb,demographic,0.7276525497436523
43,2,69,1,xgb,demographic,0.7733091115951538
43,2,99,1,xgb,demographic,0.708459198474884
43,2,100,0,xgb,time,0.242402583360672
43,2,101,0,xgb,time,0.09501485526561737
43,2,16,1,xgb,time,0.1680118441581726
43,2,17,1,xgb,time,0.7644097208976746
43,2,2,0,xgb,time,0.7973918914794922
43,2,21,0,xgb,time,0.8802168369293213
43,2,22,0,xgb,time,0.5334734320640564
43,2,23,0,xgb,time,0.6087728142738342
43,2,24,1,xgb,time,0.25951576232910156
43,2,40,0,xgb,time,0.17040878534317017
43,2,5,1,xgb,time,0.8785412311553955
43,2,54,1,xgb,time,0.32781854271888733
43,2,57,1,xgb,time,0.9441658854484558
43,2,69,1,xgb,time,0.7703242301940918
43,2,99,1,xgb,time,0.7825969457626343
43,2,100,0,xgb,combined,0.7696378231048584
43,2,101,0,xgb,combined,0.7353472113609314
43,2,16,1,xgb,combined,0.6094048023223877
43,2,17,1,xgb,combined,0.6094048023223877
43,2,2,0,xgb,combined,0.6002827286720276
43,2,21,0,xgb,combined,0.3850718140602112
43,2,22,0,xgb,combined,0.5685047507286072
43,2,23,0,xgb,combined,0.6094048023223877
43,2,24,1,xgb,combined,0.7696378231048584
43,2,40,0,xgb,combined,0.6094048023223877
43,2,5,1,xgb,combined,0.6708032488822937
43,2,54,1,xgb,combined,0.27701032161712646
43,2,57,1,xgb,combined,0.7300441861152649
43,2,69,1,xgb,combined,0.7983448505401611
43,2,99,1,xgb,combined,0.7353472113609314
43,2,100,0,xgb,mouse_time,0.22998172044754028
43,2,101,0,xgb,mouse_time,0.0963829830288887
43,2,16,1,xgb,mouse_time,0.18473796546459198
43,2,17,1,xgb,mouse_time,0.7430726289749146
43,2,2,0,xgb,mouse_time,0.8050684332847595
43,2,21,0,xgb,mouse_time,0.8774470686912537
43,2,22,0,xgb,mouse_time,0.5442599654197693
43,2,23,0,xgb,mouse_time,0.6023555994033813
43,2,24,1,xgb,mouse_time,0.2367498278617859
43,2,40,0,xgb,mouse_time,0.18311208486557007
43,2,5,1,xgb,mouse_time,0.864900529384613
43,2,54,1,xgb,mouse_time,0.3239617645740509
43,2,57,1,xgb,mouse_time,0.944076418876648
43,2,69,1,xgb,mouse_time,0.7658381462097168
43,2,99,1,xgb,mouse_time,0.7781668305397034
43,2,100,0,xgb,demographic_time,0.2250443696975708
43,2,101,0,xgb,demographic_time,0.09308557957410812
43,2,16,1,xgb,demographic_time,0.17545460164546967
43,2,17,1,xgb,demographic_time,0.7277790904045105
43,2,2,0,xgb,demographic_time,0.7954064011573792
43,2,21,0,xgb,demographic_time,0.8655164837837219
43,2,22,0,xgb,demographic_time,0.5589669942855835
43,2,23,0,xgb,demographic_time,0.5547764301300049
43,2,24,1,xgb,demographic_time,0.26384851336479187
43,2,40,0,xgb,demographic_time,0.24751964211463928
43,2,5,1,xgb,demographic_time,0.8762906789779663
43,2,54,1,xgb,demographic_time,0.31904110312461853
43,2,57,1,xgb,demographic_time,0.9396352767944336
43,2,69,1,xgb,demographic_time,0.7541908025741577
43,2,99,1,xgb,demographic_time,0.7826496362686157
43,2,100,0,xgb,all,0.20192010700702667
43,2,101,0,xgb,all,0.09870932251214981
43,2,16,1,xgb,all,0.17307448387145996
43,2,17,1,xgb,all,0.7510600686073303
43,2,2,0,xgb,all,0.7989597320556641
43,2,21,0,xgb,all,0.8834037780761719
43,2,22,0,xgb,all,0.5318983793258667
43,2,23,0,xgb,all,0.590205192565918
43,2,24,1,xgb,all,0.22826887667179108
43,2,40,0,xgb,all,0.20840686559677124
43,2,5,1,xgb,all,0.8937397003173828
43,2,54,1,xgb,all,0.32811805605888367
43,2,57,1,xgb,all,0.9399930834770203
43,2,69,1,xgb,all,0.7932955622673035
43,2,99,1,xgb,all,0.7806591391563416
43,3,10,0,rf,mouse,0.4955419963409254
43,3,13,1,rf,mouse,0.49750813270910604
43,3,38,0,rf,mouse,0.4942229810635358
43,3,41,0,rf,mouse,0.49335441346081366
43,3,45,1,rf,mouse,0.496628872119922
43,3,47,1,rf,mouse,0.49742810770680357
43,3,49,1,rf,mouse,0.4978910679450514
43,3,62,1,rf,mouse,0.4992697739665525
43,3,64,1,rf,mouse,0.4954128746158961
43,3,66,1,rf,mouse,0.5020738195602221
43,3,78,0,rf,mouse,0.4980450160734079
43,3,84,0,rf,mouse,0.4993191593156987
43,3,85,0,rf,mouse,0.498444332114269
43,3,89,0,rf,mouse,0.49486624829094694
43,3,9,1,rf,mouse,0.49724929239639737
43,3,10,0,rf,demographic,0.19276892616066266
43,3,13,1,rf,demographic,0.5486422904035754
43,3,38,0,rf,demographic,0.3984385105328008
43,3,41,0,rf,demographic,0.3984385105328008
43,3,45,1,rf,demographic,0.4463886938842657
43,3,47,1,rf,demographic,0.3512446926056771
43,3,49,1,rf,demographic,0.5090585571799782
43,3,62,1,rf,demographic,0.4666392911898399
43,3,64,1,rf,demographic,0.8824463946429632
43,3,66,1,rf,demographic,0.7124630184501998
43,3,78,0,rf,demographic,0.4518426411375863
43,3,84,0,rf,demographic,0.2928901438260598
43,3,85,0,rf,demographic,0.5751300189831996
43,3,89,0,rf,demographic,0.3332971794095738
43,3,9,1,rf,demographic,0.39540611804593795
43,3,10,0,rf,time,0.7579815175293322
43,3,13,1,rf,time,0.739153405186091
43,3,38,0,rf,time,0.4089960527429861
43,3,41,0,rf,time,0.6922395700112485
43,3,45,1,rf,time,0.6267086272282968
43,3,47,1,rf,time,0.25467096931750044
43,3,49,1,rf,time,0.9269060222237483
43,3,62,1,rf,time,0.8555153805350126
43,3,64,1,rf,time,0.2692460414309207
43,3,66,1,rf,time,0.8983359766071105
43,3,78,0,rf,time,0.5113620195310015
43,3,84,0,rf,time,0.5082471509755749
43,3,85,0,rf,time,0.5134154848417424
43,3,89,0,rf,time,0.7087865995923675
43,3,9,1,rf,time,0.5208411824397888
43,3,10,0,rf,combined,0.22082787257306666
43,3,13,1,rf,combined,0.5885214074668706
43,3,38,0,rf,combined,0.3385285358644122
43,3,41,0,rf,combined,0.33765382397616295
43,3,45,1,rf,combined,0.45678557852880564
43,3,47,1,rf,combined,0.4287482681222047
43,3,49,1,rf,combined,0.48561541001528163
43,3,62,1,rf,combined,0.483534902973821
43,3,64,1,rf,combined,0.8414295002587062
43,3,66,1,rf,combined,0.5930491515171823
43,3,78,0,rf,combined,0.40109088749442545
43,3,84,0,rf,combined,0.29265606961546353
43,3,85,0,rf,combined,0.6168867051920531
43,3,89,0,rf,combined,0.3753550414099175
43,3,9,1,rf,combined,0.3511997613966017
43,3,10,0,rf,mouse_time,0.7119616993133369
43,3,13,1,rf,mouse_time,0.7023641895801396
43,3,38,0,rf,mouse_time,0.4224398041967111
43,3,41,0,rf,mouse_time,0.6383772674497437
43,3,45,1,rf,mouse_time,0.5764615906062622
43,3,47,1,rf,mouse_time,0.23539418068694817
43,3,49,1,rf,mouse_time,0.9444176966216323
43,3,62,1,rf,mouse_time,0.8730258999993659
43,3,64,1,rf,mouse_time,0.2850109999102277
43,3,66,1,rf,mouse_time,0.9033495479476213
43,3,78,0,rf,mouse_time,0.5124326574286335
43,3,84,0,rf,mouse_time,0.5266796551449302
43,3,85,0,rf,mouse_time,0.5163444252178074
43,3,89,0,rf,mouse_time,0.716663839373641
43,3,9,1,rf,mouse_time,0.5629437034287093
43,3,10,0,rf,demographic_time,0.6859336019012395
43,3,13,1,rf,demographic_time,0.7039053234095658
43,3,38,0,rf,demographic_time,0.4523163293384389
43,3,41,0,rf,demographic_time,0.5677580937114811
43,3,45,1,rf,demographic_time,0.6213454896040514
43,3,47,1,rf,demographic_time,0.2589908985563046
43,3,49,1,rf,demographic_time,0.9272045473272801
43,3,62,1,rf,demographic_time,0.8272539253735346
43,3,64,1,rf,demographic_time,0.3671673008436062
43,3,66,1,rf,demographic_time,0.9034368399216758
43,3,78,0,rf,demographic_time,0.4816754423191205
43,3,84,0,rf,demographic_time,0.5173118295647792
43,3,85,0,rf,demographic_time,0.5282915435871061
43,3,89,0,rf,demographic_time,0.6213102346310018
43,3,9,1,rf,demographic_time,0.5270647627332674
43,3,10,0,rf,all,0.6288578275882767
43,3,13,1,rf,all,0.770788764536629
43,3,38,0,rf,all,0.4089413271360317
43,3,41,0,rf,all,0.58615909541127
43,3,45,1,rf,all,0.5556484346625516
43,3,47,1,rf,all,0.22092834049760124
43,3,49,1,rf,all,0.9315419693893727
43,3,62,1,rf,all,0.8005443129814858
43,3,64,1,rf,all,0.36524662253342915
43,3,66,1,rf,all,0.8283141779701912
43,3,78,0,rf,all,0.4974461201553838
43,3,84,0,rf,all,0.48538908353215093
43,3,85,0,rf,all,0.5071116371286318
43,3,89,0,rf,all,0.618445858179555
43,3,9,1,rf,all,0.5272230349623827
43,3,10,0,xgb,mouse,0.499475359916687
43,3,13,1,xgb,mouse,0.499475359916687
43,3,38,0,xgb,mouse,0.4984327256679535
43,3,41,0,xgb,mouse,0.49752360582351685
43,3,45,1,xgb,mouse,0.499475359916687
43,3,47,1,xgb,mouse,0.49925437569618225
43,3,49,1,xgb,mouse,0.5004920959472656
43,3,62,1,xgb,mouse,0.5023452639579773
43,3,64,1,xgb,mouse,0.49896639585494995
43,3,66,1,xgb,mouse,0.5064118504524231
43,3,78,0,xgb,mouse,0.5004920959472656
43,3,84,0,xgb,mouse,0.5004920959472656
43,3,85,0,xgb,mouse,0.5004920959472656
43,3,89,0,xgb,mouse,0.4987195134162903
43,3,9,1,xgb,mouse,0.49925437569618225
43,3,10,0,xgb,demographic,0.1646590381860733
43,3,13,1,xgb,demographic,0.6894355416297913
43,3,38,0,xgb,demographic,0.18380248546600342
43,3,41,0,xgb,demographic,0.18380248546600342
43,3,45,1,xgb,demographic,0.4653409421443939
43,3,47,1,xgb,demographic,0.640555739402771
43,3,49,1,xgb,demographic,0.5586674809455872
43,3,62,1,xgb,demographic,0.5384612083435059
43,3,64,1,xgb,demographic,0.8987879157066345
43,3,66,1,xgb,demographic,0.6260737776756287
43,3,78,0,xgb,demographic,0.2501199245452881
43,3,84,0,xgb,demographic,0.20139046013355255
43,3,85,0,xgb,demographic,0.6894355416297913
43,3,89,0,xgb,demographic,0.5190038681030273
43,3,9,1,xgb,demographic,0.11732112616300583
43,3,10,0,xgb,time,0.7995184063911438
43,3,13,1,xgb,time,0.7300238013267517
43,3,38,0,xgb,time,0.3214333653450012
43,3,41,0,xgb,time,0.7207217812538147
43,3,45,1,xgb,time,0.36175867915153503
43,3,47,1,xgb,time,0.21382170915603638
43,3,49,1,xgb,time,0.9486628174781799
43,3,62,1,xgb,time,0.8743395805358887
43,3,64,1,xgb,time,0.11084311455488205
43,3,66,1,xgb,time,0.972571611404419
43,3,78,0,xgb,time,0.36340680718421936
43,3,84,0,xgb,time,0.33028271794319153
43,3,85,0,xgb,time,0.40183016657829285
43,3,89,0,xgb,time,0.7995184063911438
43,3,9,1,xgb,time,0.6640689373016357
43,3,10,0,xgb,combined,0.20799951255321503
43,3,13,1,xgb,combined,0.8370881676673889
43,3,38,0,xgb,combined,0.2649993300437927
43,3,41,0,xgb,combined,0.2649993300437927
43,3,45,1,xgb,combined,0.41674497723579407
43,3,47,1,xgb,combined,0.6182151436805725
43,3,49,1,xgb,combined,0.5226497054100037
43,3,62,1,xgb,combined,0.5308366417884827
43,3,64,1,xgb,combined,0.927183985710144
43,3,66,1,xgb,combined,0.6236153841018677
43,3,78,0,xgb,combined,0.3444156348705292
43,3,84,0,xgb,combined,0.2621166408061981
43,3,85,0,xgb,combined,0.8370881676673889
43,3,89,0,xgb,combined,0.48119908571243286
43,3,9,1,xgb,combined,0.17244385182857513
43,3,10,0,xgb,mouse_time,0.8068237900733948
43,3,13,1,xgb,mouse_time,0.7327157258987427
43,3,38,0,xgb,mouse_time,0.2880413830280304
43,3,41,0,xgb,mouse_time,0.7538749575614929
43,3,45,1,xgb,mouse_time,0.41244274377822876
43,3,47,1,xgb,mouse_time,0.19026540219783783
43,3,49,1,xgb,mouse_time,0.9440696239471436
43,3,62,1,xgb,mouse_time,0.8913074731826782
43,3,64,1,xgb,mouse_time,0.09245788305997849
43,3,66,1,xgb,mouse_time,0.9683070778846741
43,3,78,0,xgb,mouse_time,0.35051360726356506
43,3,84,0,xgb,mouse_time,0.3587097227573395
43,3,85,0,xgb,mouse_time,0.3915935158729553
43,3,89,0,xgb,mouse_time,0.8068237900733948
43,3,9,1,xgb,mouse_time,0.6927590370178223
43,3,10,0,xgb,demographic_time,0.7575739026069641
43,3,13,1,xgb,demographic_time,0.731636643409729
43,3,38,0,xgb,demographic_time,0.18580998480319977
43,3,41,0,xgb,demographic_time,0.7315362691879272
43,3,45,1,xgb,demographic_time,0.3358501195907593
43,3,47,1,xgb,demographic_time,0.1643000990152359
43,3,49,1,xgb,demographic_time,0.9380924105644226
43,3,62,1,xgb,demographic_time,0.838901162147522
43,3,64,1,xgb,demographic_time,0.16400234401226044
43,3,66,1,xgb,demographic_time,0.9602829217910767
43,3,78,0,xgb,demographic_time,0.36489295959472656
43,3,84,0,xgb,demographic_time,0.29885756969451904
43,3,85,0,xgb,demographic_time,0.5101096034049988
43,3,89,0,xgb,demographic_time,0.7575739026069641
43,3,9,1,xgb,demographic_time,0.6114227175712585
43,3,10,0,xgb,all,0.766634464263916
43,3,13,1,xgb,all,0.7528752088546753
43,3,38,0,xgb,all,0.1928125023841858
43,3,41,0,xgb,all,0.766634464263916
43,3,45,1,xgb,all,0.3450700640678406
43,3,47,1,xgb,all,0.1792442947626114
43,3,49,1,xgb,all,0.944416344165802
43,3,62,1,xgb,all,0.8378618955612183
43,3,64,1,xgb,all,0.16557206213474274
43,3,66,1,xgb,all,0.9580603837966919
43,3,78,0,xgb,all,0.3567602038383484
43,3,84,0,xgb,all,0.32185015082359314
43,3,85,0,xgb,all,0.5445592999458313
43,3,89,0,xgb,all,0.766634464263916
43,3,9,1,xgb,all,0.643772304058075
43,4,12,1,rf,mouse,0.49150390380474773
43,4,14,0,rf,mouse,0.4907921652937578
43,4,20,1,rf,mouse,0.4981090244093741
43,4,26,0,rf,mouse,0.49544563198256364
43,4,27,1,rf,mouse,0.4946881963164048
43,4,28,0,rf,mouse,0.49708719035889004
43,4,36,0,rf,mouse,0.4941237453749804
43,4,42,1,rf,mouse,0.493919950006799
43,4,50,1,rf,mouse,0.4939330321198988
43,4,58,1,rf,mouse,0.49424222320434846
43,4,68,1,rf,mouse,0.4912986020954023
43,4,86,0,rf,mouse,0.4942318295320428
43,4,87,0,rf,mouse,0.49135068322998243
43,4,88,1,rf,mouse,0.5001097401318925
43,4,94,1,rf,mouse,0.49676732636378784
43,4,12,1,rf,demographic,0.9559519818127571
43,4,14,0,rf,demographic,0.3873848733829348
43,4,20,1,rf,demographic,0.3699440035593872
43,4,26,0,rf,demographic,0.44312186751052235
43,4,27,1,rf,demographic,0.4325121356497033
43,4,28,0,rf,demographic,0.48126693477158955
43,4,36,0,rf,demographic,0.655476085724056
43,4,42,1,rf,demographic,0.49203290458220783
43,4,50,1,rf,demographic,0.43345941482918937
43,4,58,1,rf,demographic,0.3921888824965533
43,4,68,1,rf,demographic,0.42998484273124404
43,4,86,0,rf,demographic,0.07090088165515637
43,4,87,0,rf,demographic,0.07830726336253038
43,4,88,1,rf,demographic,0.7610978652826527
43,4,94,1,rf,demographic,0.4474701546051806
43,4,12,1,rf,time,0.9736580597032523
43,4,14,0,rf,time,0.3253048501348229
43,4,20,1,rf,time,0.8729420403389833
43,4,26,0,rf,time,0.5024301189577084
43,4,27,1,rf,time,0.44444928436595543
43,4,28,0,rf,time,0.1828017327423042
43,4,36,0,rf,time,0.29868480136311193
43,4,42,1,rf,time,0.44493835289097766
43,4,50,1,rf,time,0.8108573651018961
43,4,58,1,rf,time,0.7708871281502769
43,4,68,1,rf,time,0.5770350908439305
43,4,86,0,rf,time,0.6891656418989279
43,4,87,0,rf,time,0.6767884486586088
43,4,88,1,rf,time,0.6899942231952629
43,4,94,1,rf,time,0.7495271362542805
43,4,12,1,rf,combined,0.9304386681925575
43,4,14,0,rf,combined,0.42637056506928667
43,4,20,1,rf,combined,0.3829249543951211
43,4,26,0,rf,combined,0.44185480072392613
43,4,27,1,rf,combined,0.47230920402467547
43,4,28,0,rf,combined,0.45857260433057195
43,4,36,0,rf,combined,0.6220320234570589
43,4,42,1,rf,combined,0.47281935801266206
43,4,50,1,rf,combined,0.4030224515084183
43,4,58,1,rf,combined,0.37278796120305085
43,4,68,1,rf,combined,0.39696141561504517
43,4,86,0,rf,combined,0.1480410682336019
43,4,87,0,rf,combined,0.17242513937196335
43,4,88,1,rf,combined,0.6368986630235849
43,4,94,1,rf,combined,0.498257421711363
43,4,12,1,rf,mouse_time,0.9636044212797501
43,4,14,0,rf,mouse_time,0.4326131477300244
43,4,20,1,rf,mouse_time,0.8834106378346782
43,4,26,0,rf,mouse_time,0.6262137848265273
43,4,27,1,rf,mouse_time,0.4465101186618319
43,4,28,0,rf,mouse_time,0.17197992143557886
43,4,36,0,rf,mouse_time,0.2764351962305463
43,4,42,1,rf,mouse_time,0.45211250949596654
43,4,50,1,rf,mouse_time,0.842497821485152
43,4,58,1,rf,mouse_time,0.7440841817071926
43,4,68,1,rf,mouse_time,0.6005967122049144
43,4,86,0,rf,mouse_time,0.6661246295802226
43,4,87,0,rf,mouse_time,0.6688236472953488
43,4,88,1,rf,mouse_time,0.7173906901750468
43,4,94,1,rf,mouse_time,0.7429167644449985
43,4,12,1,rf,demographic_time,0.9620784020070662
43,4,14,0,rf,demographic_time,0.33431037705223127
43,4,20,1,rf,demographic_time,0.8907576108835856
43,4,26,0,rf,demographic_time,0.5345918665892697
43,4,27,1,rf,demographic_time,0.47633889062896434
43,4,28,0,rf,demographic_time,0.2082970316292953
43,4,36,0,rf,demographic_time,0.33709987416689174
43,4,42,1,rf,demographic_time,0.4468862842486156
43,4,50,1,rf,demographic_time,0.7845173985342979
43,4,58,1,rf,demographic_time,0.7530018038050538
43,4,68,1,rf,demographic_time,0.5885558085095597
43,4,86,0,rf,demographic_time,0.6486215387276035
43,4,87,0,rf,demographic_time,0.6359011132047843
43,4,88,1,rf,demographic_time,0.7507084456084245
43,4,94,1,rf,demographic_time,0.7293526681808457
43,4,12,1,rf,all,0.9036599374423604
43,4,14,0,rf,all,0.32830081208610995
43,4,20,1,rf,all,0.8806378916935245
43,4,26,0,rf,all,0.5914556835142355
43,4,27,1,rf,all,0.4105740301562764
43,4,28,0,rf,all,0.19953368922872278
43,4,36,0,rf,all,0.32165986011735337
43,4,42,1,rf,all,0.3901719461865924
43,4,50,1,rf,all,0.8112033590905522
43,4,58,1,rf,all,0.7705913715094608
43,4,68,1,rf,all,0.6376946597619838
43,4,86,0,rf,all,0.693636157326002
43,4,87,0,rf,all,0.6521156221580833
43,4,88,1,rf,all,0.7421476612059752
43,4,94,1,rf,all,0.6887164799519795
43,4,12,1,xgb,mouse,0.49348676204681396
43,4,14,0,xgb,mouse,0.49240148067474365
43,4,20,1,xgb,mouse,0.5000808835029602
43,4,26,0,xgb,mouse,0.4967287480831146
43,4,27,1,xgb,mouse,0.4967287480831146
43,4,28,0,xgb,mouse,0.5005590915679932
43,4,36,0,xgb,mouse,0.4964373707771301
43,4,42,1,xgb,mouse,0.49676939845085144
43,4,50,1,xgb,mouse,0.49717387557029724
43,4,58,1,xgb,mouse,0.4964373707771301
43,4,68,1,xgb,mouse,0.49311012029647827
43,4,86,0,xgb,mouse,0.4957820177078247
43,4,87,0,xgb,mouse,0.4944421052932739
43,4,88,1,xgb,mouse,0.5024120211601257
43,4,94,1,xgb,mouse,0.5012343525886536
43,4,12,1,xgb,demographic,0.9215826988220215
43,4,14,0,xgb,demographic,0.4329884350299835
43,4,20,1,xgb,demographic,0.22787293791770935
43,4,26,0,xgb,demographic,0.5883223414421082
43,4,27,1,xgb,demographic,0.32894250750541687
43,4,28,0,xgb,demographic,0.5280550718307495
43,4,36,0,xgb,demographic,0.5876960158348083
43,4,42,1,xgb,demographic,0.6051800847053528
43,4,50,1,xgb,demographic,0.24765214323997498
43,4,58,1,xgb,demographic,0.33223047852516174
43,4,68,1,xgb,demographic,0.3673277497291565
43,4,86,0,xgb,demographic,0.10530578345060349
43,4,87,0,xgb,demographic,0.10734016448259354
43,4,88,1,xgb,demographic,0.6520100831985474
43,4,94,1,xgb,demographic,0.4147123098373413
43,4,12,1,xgb,time,0.9434177875518799
43,4,14,0,xgb,time,0.3059863746166229
43,4,20,1,xgb,time,0.9425137639045715
43,4,26,0,xgb,time,0.5334059596061707
43,4,27,1,xgb,time,0.3758352994918823
43,4,28,0,xgb,time,0.14316891133785248
43,4,36,0,xgb,time,0.20501643419265747
43,4,42,1,xgb,time,0.5398350954055786
43,4,50,1,xgb,time,0.8599585294723511
43,4,58,1,xgb,time,0.8705929517745972
43,4,68,1,xgb,time,0.6595361232757568
43,4,86,0,xgb,time,0.7027101516723633
43,4,87,0,xgb,time,0.47149547934532166
43,4,88,1,xgb,time,0.7630099654197693
43,4,94,1,xgb,time,0.7718629240989685
43,4,12,1,xgb,combined,0.921650767326355
43,4,14,0,xgb,combined,0.36899369955062866
43,4,20,1,xgb,combined,0.23346085846424103
43,4,26,0,xgb,combined,0.5754311084747314
43,4,27,1,xgb,combined,0.3435027003288269
43,4,28,0,xgb,combined,0.4073820412158966
43,4,36,0,xgb,combined,0.6101105809211731
43,4,42,1,xgb,combined,0.5302157402038574
43,4,50,1,xgb,combined,0.23642759025096893
43,4,58,1,xgb,combined,0.31660738587379456
43,4,68,1,xgb,combined,0.3451688289642334
43,4,86,0,xgb,combined,0.12374686449766159
43,4,87,0,xgb,combined,0.13277509808540344
43,4,88,1,xgb,combined,0.5578989386558533
43,4,94,1,xgb,combined,0.4364365339279175
43,4,12,1,xgb,mouse_time,0.9442176222801208
43,4,14,0,xgb,mouse_time,0.35229843854904175
43,4,20,1,xgb,mouse_time,0.9450425505638123
43,4,26,0,xgb,mouse_time,0.5614593625068665
43,4,27,1,xgb,mouse_time,0.3952994644641876
43,4,28,0,xgb,mouse_time,0.14853312075138092
43,4,36,0,xgb,mouse_time,0.18428801000118256
43,4,42,1,xgb,mouse_time,0.5356844663619995
43,4,50,1,xgb,mouse_time,0.8694570064544678
43,4,58,1,xgb,mouse_time,0.8780596852302551
43,4,68,1,xgb,mouse_time,0.6852144002914429
43,4,86,0,xgb,mouse_time,0.7051138281822205
43,4,87,0,xgb,mouse_time,0.46927210688591003
43,4,88,1,xgb,mouse_time,0.7666085362434387
43,4,94,1,xgb,mouse_time,0.7914531230926514
43,4,12,1,xgb,demographic_time,0.9443560242652893
43,4,14,0,xgb,demographic_time,0.3102055490016937
43,4,20,1,xgb,demographic_time,0.9426847100257874
43,4,26,0,xgb,demographic_time,0.5531287789344788
43,4,27,1,xgb,demographic_time,0.413851261138916
43,4,28,0,xgb,demographic_time,0.13343749940395355
43,4,36,0,xgb,demographic_time,0.16874243319034576
43,4,42,1,xgb,demographic_time,0.5260744094848633
43,4,50,1,xgb,demographic_time,0.8629461526870728
43,4,58,1,xgb,demographic_time,0.8903352618217468
43,4,68,1,xgb,demographic_time,0.6257843375205994
43,4,86,0,xgb,demographic_time,0.6954242587089539
43,4,87,0,xgb,demographic_time,0.4332555830478668
43,4,88,1,xgb,demographic_time,0.7725010514259338
43,4,94,1,xgb,demographic_time,0.7863494753837585
43,4,12,1,xgb,all,0.9571874737739563
43,4,14,0,xgb,all,0.3663758635520935
43,4,20,1,xgb,all,0.9443414807319641
43,4,26,0,xgb,all,0.5697507858276367
43,4,27,1,xgb,all,0.3918362855911255
43,4,28,0,xgb,all,0.1550157070159912
43,4,36,0,xgb,all,0.20866814255714417
43,4,42,1,xgb,all,0.5385795831680298
43,4,50,1,xgb,all,0.8757600784301758
43,4,58,1,xgb,all,0.8850861191749573
43,4,68,1,xgb,all,0.6863848567008972
43,4,86,0,xgb,all,0.7292240262031555
43,4,87,0,xgb,all,0.4829684793949127
43,4,88,1,xgb,all,0.7615258693695068
43,4,94,1,xgb,all,0.8143858909606934
43,5,29,0,rf,mouse,0.4952857418084693
43,5,31,0,rf,mouse,0.49390120454481734
43,5,34,0,rf,mouse,0.49499945043242005
43,5,35,0,rf,mouse,0.4907440696410279
43,5,46,1,rf,mouse,0.48774470300614814
43,5,48,1,rf,mouse,0.4933412377738483
43,5,51,1,rf,mouse,0.49048111836657055
43,5,53,1,rf,mouse,0.48987246834861525
43,5,60,1,rf,mouse,0.49030409967052624
43,5,70,0,rf,mouse,0.49367143258686796
43,5,77,1,rf,mouse,0.49238259076747704
43,5,83,0,rf,mouse,0.491568656322585
43,5,93,1,rf,mouse,0.49030556427159794
43,5,98,1,rf,mouse,0.4960539112085809
43,5,29,0,rf,demographic,0.47292022561763736
43,5,31,0,rf,demographic,0.7280765367393064
43,5,34,0,rf,demographic,0.7443405605519404
43,5,35,0,rf,demographic,0.1624494572368254
43,5,46,1,rf,demographic,0.7116783818643718
43,5,48,1,rf,demographic,0.3778848072764099
43,5,51,1,rf,demographic,0.5775561980521254
43,5,53,1,rf,demographic,0.7643722141538007
43,5,60,1,rf,demographic,0.4701270843867401
43,5,70,0,rf,demographic,0.770413287604675
43,5,77,1,rf,demographic,0.7017341774628733
43,5,83,0,rf,demographic,0.7571907301947955
43,5,93,1,rf,demographic,0.4292350188252148
43,5,98,1,rf,demographic,0.13114831038891625
43,5,29,0,rf,time,0.4164919149010256
43,5,31,0,rf,time,0.7995312371814227
43,5,34,0,rf,time,0.37227411802855476
43,5,35,0,rf,time,0.3781929317062202
43,5,46,1,rf,time,0.9323610325933587
43,5,48,1,rf,time,0.6021913273868852
43,5,51,1,rf,time,0.1356704791842957
43,5,53,1,rf,time,0.35672392323960367
43,5,60,1,rf,time,0.5634131963154477
43,5,70,0,rf,time,0.21726788938121505
43,5,77,1,rf,time,0.6297438059983945
43,5,83,0,rf,time,0.4967673298025025
43,5,93,1,rf,time,0.34889034993911905
43,5,98,1,rf,time,0.5573462324374304
43,5,29,0,rf,combined,0.43699654882100764
43,5,31,0,rf,combined,0.6998498702316385
43,5,34,0,rf,combined,0.7086268844377088
43,5,35,0,rf,combined,0.20623423350014317
43,5,46,1,rf,combined,0.7232625095263149
43,5,48,1,rf,combined,0.3464205617180756
43,5,51,1,rf,combined,0.5205477431117804
43,5,53,1,rf,combined,0.7236131097481715
43,5,60,1,rf,combined,0.43268627958670713
43,5,70,0,rf,combined,0.7572712077910603
43,5,77,1,rf,combined,0.693562300182247
43,5,83,0,rf,combined,0.7628647854880058
43,5,93,1,rf,combined,0.6506449877856151
43,5,98,1,rf,combined,0.1841034797932733
43,5,29,0,rf,mouse_time,0.3874870583267653
43,5,31,0,rf,mouse_time,0.7989380196544653
43,5,34,0,rf,mouse_time,0.3112527311415227
43,5,35,0,rf,mouse_time,0.33277879367649815
43,5,46,1,rf,mouse_time,0.9566301299786127
43,5,48,1,rf,mouse_time,0.6101964799173765
43,5,51,1,rf,mouse_time,0.10574287515755085
43,5,53,1,rf,mouse_time,0.34318198369197384
43,5,60,1,rf,mouse_time,0.5603225826716377
43,5,70,0,rf,mouse_time,0.2779873985039302
43,5,77,1,rf,mouse_time,0.5977975492995958
43,5,83,0,rf,mouse_time,0.42785518423027324
43,5,93,1,rf,mouse_time,0.34562546285839313
43,5,98,1,rf,mouse_time,0.5635863508368122
43,5,29,0,rf,demographic_time,0.44993404791149133
43,5,31,0,rf,demographic_time,0.8152281361415128
43,5,34,0,rf,demographic_time,0.28995162087733045
43,5,35,0,rf,demographic_time,0.3316488793871277
43,5,46,1,rf,demographic_time,0.8968362402543237
43,5,48,1,rf,demographic_time,0.6356559898315189
43,5,51,1,rf,demographic_time,0.16115046770398567
43,5,53,1,rf,demographic_time,0.4000399117260807
43,5,60,1,rf,demographic_time,0.5055732156652981
43,5,70,0,rf,demographic_time,0.24781625460668896
43,5,77,1,rf,demographic_time,0.6055026165280718
43,5,83,0,rf,demographic_time,0.5247295105333645
43,5,93,1,rf,demographic_time,0.36790600177322996
43,5,98,1,rf,demographic_time,0.5774464258562467
43,5,29,0,rf,all,0.4749121028197559
43,5,31,0,rf,all,0.8150876747122228
43,5,34,0,rf,all,0.3340748450098036
43,5,35,0,rf,all,0.36745194254490776
43,5,46,1,rf,all,0.9201222019015715
43,5,48,1,rf,all,0.6248492274845658
43,5,51,1,rf,all,0.2016814713065255
43,5,53,1,rf,all,0.3796726395279641
43,5,60,1,rf,all,0.5570244640877104
43,5,70,0,rf,all,0.18864086355401005
43,5,77,1,rf,all,0.5798038908842337
43,5,83,0,rf,all,0.5171159328198162
43,5,93,1,rf,all,0.3624860556583326
43,5,98,1,rf,all,0.5059966223552751
43,5,29,0,xgb,mouse,0.4975980818271637
43,5,31,0,xgb,mouse,0.4975980818271637
43,5,34,0,xgb,mouse,0.49797606468200684
43,5,35,0,xgb,mouse,0.4910162389278412
43,5,46,1,xgb,mouse,0.4818856716156006
43,5,48,1,xgb,mouse,0.4975980818271637
43,5,51,1,xgb,mouse,0.4880325496196747
43,5,53,1,xgb,mouse,0.48543015122413635
43,5,60,1,xgb,mouse,0.4851953387260437
43,5,70,0,xgb,mouse,0.4975980818271637
43,5,77,1,xgb,mouse,0.4975980818271637
43,5,83,0,xgb,mouse,0.4975980818271637
43,5,93,1,xgb,mouse,0.4840752184391022
43,5,98,1,xgb,mouse,0.49975621700286865
43,5,29,0,xgb,demographic,0.3340778946876526
43,5,31,0,xgb,demographic,0.6475727558135986
43,5,34,0,xgb,demographic,0.6604660749435425
43,5,35,0,xgb,demographic,0.12678638100624084
43,5,46,1,xgb,demographic,0.6133775115013123
43,5,48,1,xgb,demographic,0.29482725262641907
43,5,51,1,xgb,demographic,0.7629727125167847
43,5,53,1,xgb,demographic,0.835847795009613
43,5,60,1,xgb,demographic,0.3340778946876526
43,5,70,0,xgb,demographic,0.7291460633277893
43,5,77,1,xgb,demographic,0.6133775115013123
43,5,83,0,xgb,demographic,0.820724368095398
43,5,93,1,xgb,demographic,0.6451213955879211
43,5,98,1,xgb,demographic,0.17540863156318665
43,5,29,0,xgb,time,0.4804714620113373
43,5,31,0,xgb,time,0.7759814858436584
43,5,34,0,xgb,time,0.28358563780784607
43,5,35,0,xgb,time,0.29653266072273254
43,5,46,1,xgb,time,0.9158068895339966
43,5,48,1,xgb,time,0.6501763463020325
43,5,51,1,xgb,time,0.15824474394321442
43,5,53,1,xgb,time,0.45800235867500305
43,5,60,1,xgb,time,0.6727131605148315
43,5,70,0,xgb,time,0.16238151490688324
43,5,77,1,xgb,time,0.7575944066047668
43,5,83,0,xgb,time,0.4345110058784485
43,5,93,1,xgb,time,0.19568467140197754
43,5,98,1,xgb,time,0.4831768870353699
43,5,29,0,xgb,combined,0.369139701128006
43,5,31,0,xgb,combined,0.6217288374900818
43,5,34,0,xgb,combined,0.6283738613128662
43,5,35,0,xgb,combined,0.17961455881595612
43,5,46,1,xgb,combined,0.5626830458641052
43,5,48,1,xgb,combined,0.26574134826660156
43,5,51,1,xgb,combined,0.8008440136909485
43,5,53,1,xgb,combined,0.8577733039855957
43,5,60,1,xgb,combined,0.369139701128006
43,5,70,0,xgb,combined,0.7000160813331604
43,5,77,1,xgb,combined,0.5626830458641052
43,5,83,0,xgb,combined,0.8627529144287109
43,5,93,1,xgb,combined,0.6408696174621582
43,5,98,1,xgb,combined,0.23712992668151855
43,5,29,0,xgb,mouse_time,0.5102964043617249
43,5,31,0,xgb,mouse_time,0.7846990823745728
43,5,34,0,xgb,mouse_time,0.25178682804107666
43,5,35,0,xgb,mouse_time,0.2661731243133545
43,5,46,1,xgb,mouse_time,0.8928924202919006
43,5,48,1,xgb,mouse_time,0.6028171181678772
43,5,51,1,xgb,mouse_time,0.13891375064849854
43,5,53,1,xgb,mouse_time,0.42360901832580566
43,5,60,1,xgb,mouse_time,0.6941708922386169
43,5,70,0,xgb,mouse_time,0.14125730097293854
43,5,77,1,xgb,mouse_time,0.8046056628227234
43,5,83,0,xgb,mouse_time,0.4725959300994873
43,5,93,1,xgb,mouse_time,0.18198621273040771
43,5,98,1,xgb,mouse_time,0.5011520385742188
43,5,29,0,xgb,demographic_time,0.4936850070953369
43,5,31,0,xgb,demographic_time,0.7616998553276062
43,5,34,0,xgb,demographic_time,0.2729763388633728
43,5,35,0,xgb,demographic_time,0.2544455826282501
43,5,46,1,xgb,demographic_time,0.9124115705490112
43,5,48,1,xgb,demographic_time,0.6576042771339417
43,5,51,1,xgb,demographic_time,0.13096226751804352
43,5,53,1,xgb,demographic_time,0.416411817073822
43,5,60,1,xgb,demographic_time,0.706539511680603
43,5,70,0,xgb,demographic_time,0.17049160599708557
43,5,77,1,xgb,demographic_time,0.8108001947402954
43,5,83,0,xgb,demographic_time,0.47027450799942017
43,5,93,1,xgb,demographic_time,0.1659298837184906
43,5,98,1,xgb,demographic_time,0.5079270601272583
43,5,29,0,xgb,all,0.5269173979759216
43,5,31,0,xgb,all,0.7764160633087158
43,5,34,0,xgb,all,0.2567668855190277
43,5,35,0,xgb,all,0.2840205430984497
43,5,46,1,xgb,all,0.8995172381401062
43,5,48,1,xgb,all,0.6394937634468079
43,5,51,1,xgb,all,0.14198005199432373
43,5,53,1,xgb,all,0.4454178512096405
43,5,60,1,xgb,all,0.6952050924301147
43,5,70,0,xgb,all,0.15485122799873352
43,5,77,1,xgb,all,0.7544550895690918
43,5,83,0,xgb,all,0.4093421697616577
43,5,93,1,xgb,all,0.15214668214321136
43,5,98,1,xgb,all,0.5003083944320679
44,1,13,1,rf,mouse,0.49251526047045935
44,1,14,0,rf,mouse,0.48869296398998685
44,1,17,1,rf,mouse,0.49440260284091997
44,1,29,0,rf,mouse,0.49421638670923684
44,1,3,1,rf,mouse,0.4935950580813387
44,1,34,0,rf,mouse,0.494780931941878
44,1,35,0,rf,mouse,0.49282858024734566
44,1,38,0,rf,mouse,0.4894663973136595
44,1,42,1,rf,mouse,0.49391063805206487
44,1,45,1,rf,mouse,0.49455868531363645
44,1,5,1,rf,mouse,0.4955505208139918
44,1,62,1,rf,mouse,0.49277435367257827
44,1,66,1,rf,mouse,0.5008252577098898
44,1,84,0,rf,mouse,0.49341918005203284
44,1,91,0,rf,mouse,0.49694330507045537
44,1,13,1,rf,demographic,0.5886075589819295
44,1,14,0,rf,demographic,0.46779154988430227
44,1,17,1,rf,demographic,0.3773908178737761
44,1,29,0,rf,demographic,0.5038278167688184
44,1,3,1,rf,demographic,0.37756780170017806
44,1,34,0,rf,demographic,0.38931703521583977
44,1,35,0,rf,demographic,0.15544029218828542
44,1,38,0,rf,demographic,0.3012927339448582
44,1,42,1,rf,demographic,0.3768386682614404
44,1,45,1,rf,demographic,0.38931703521583977
44,1,5,1,rf,demographic,0.7656686219798041
44,1,62,1,rf,demographic,0.3912162627525833
44,1,66,1,rf,demographic,0.7298755415491062
44,1,84,0,rf,demographic,0.3359112282057374
44,1,91,0,rf,demographic,0.9474024517861382
44,1,13,1,rf,time,0.6360343758357758
44,1,14,0,rf,time,0.3053440996829343
44,1,17,1,rf,time,0.7184051003534802
44,1,29,0,rf,time,0.4984304316678033
44,1,3,1,rf,time,0.9401790046343075
44,1,34,0,rf,time,0.35478508313364704
44,1,35,0,rf,time,0.352857337632588
44,1,38,0,rf,time,0.5693924300920041
44,1,42,1,rf,time,0.6359267584508966
44,1,45,1,rf,time,0.5406103672461491
44,1,5,1,rf,time,0.8190371857734476
44,1,62,1,rf,time,0.8687913922316242
44,1,66,1,rf,time,0.8650268224347055
44,1,84,0,rf,time,0.580071490094139
44,1,91,0,rf,time,0.46608083257304395
44,1,13,1,rf,combined,0.7671996563954487
44,1,14,0,rf,combined,0.40260650020514566
44,1,17,1,rf,combined,0.3791646014233957
44,1,29,0,rf,combined,0.47760754874199735
44,1,3,1,rf,combined,0.37826074151947386
44,1,34,0,rf,combined,0.37918102039724066
44,1,35,0,rf,combined,0.2093301137386383
44,1,38,0,rf,combined,0.32058940691010707
44,1,42,1,rf,combined,0.37747412563008875
44,1,45,1,rf,combined,0.3791925988905604
44,1,5,1,rf,combined,0.7776798544465758
44,1,62,1,rf,combined,0.38164645629498445
44,1,66,1,rf,combined,0.5410484155046957
44,1,84,0,rf,combined,0.3500561798540281
44,1,91,0,rf,combined,0.9102376543001941
44,1,13,1,rf,mouse_time,0.6463431028165062
44,1,14,0,rf,mouse_time,0.2995698629782969
44,1,17,1,rf,mouse_time,0.6716290490816739
44,1,29,0,rf,mouse_time,0.5243919091435885
44,1,3,1,rf,mouse_time,0.9186422951971677
44,1,34,0,rf,mouse_time,0.2822429847700291
44,1,35,0,rf,mouse_time,0.33743407013316734
44,1,38,0,rf,mouse_time,0.5732038923018395
44,1,42,1,rf,mouse_time,0.6488414788623316
44,1,45,1,rf,mouse_time,0.5720065557944517
44,1,5,1,rf,mouse_time,0.8370086698715573
44,1,62,1,rf,mouse_time,0.8230866101716098
44,1,66,1,rf,mouse_time,0.8530428856356499
44,1,84,0,rf,mouse_time,0.5785238351712312
44,1,91,0,rf,mouse_time,0.4449459834021379
44,1,13,1,rf,demographic_time,0.6880062682347313
44,1,14,0,rf,demographic_time,0.3558051295725702
44,1,17,1,rf,demographic_time,0.6084977120935566
44,1,29,0,rf,demographic_time,0.45995699613730145
44,1,3,1,rf,demographic_time,0.9076643965899933
44,1,34,0,rf,demographic_time,0.2507514897478382
44,1,35,0,rf,demographic_time,0.29678707128126713
44,1,38,0,rf,demographic_time,0.509753942040192
44,1,42,1,rf,demographic_time,0.6191910677193678
44,1,45,1,rf,demographic_time,0.5132992343396523
44,1,5,1,rf,demographic_time,0.8526751265822357
44,1,62,1,rf,demographic_time,0.8232012782767635
44,1,66,1,rf,demographic_time,0.8725853608805318
44,1,84,0,rf,demographic_time,0.5381707736253142
44,1,91,0,rf,demographic_time,0.517231707188407
44,1,13,1,rf,all,0.613468312195296
44,1,14,0,rf,all,0.3717853823051426
44,1,17,1,rf,all,0.6403104546289355
44,1,29,0,rf,all,0.4983182843035759
44,1,3,1,rf,all,0.9148276247783913
44,1,34,0,rf,all,0.27273287953445613
44,1,35,0,rf,all,0.3362266028363154
44,1,38,0,rf,all,0.556881492609418
44,1,42,1,rf,all,0.6329503304236883
44,1,45,1,rf,all,0.465644039926119
44,1,5,1,rf,all,0.8175296783328857
44,1,62,1,rf,all,0.8180839195203264
44,1,66,1,rf,all,0.8968332747141421
44,1,84,0,rf,all,0.4774829386572481
44,1,91,0,rf,all,0.5562979069008382
44,1,13,1,xgb,mouse,0.49626925587654114
44,1,14,0,xgb,mouse,0.491538405418396
44,1,17,1,xgb,mouse,0.49680575728416443
44,1,29,0,xgb,mouse,0.49626925587654114
44,1,3,1,xgb,mouse,0.49680575728416443
44,1,34,0,xgb,mouse,0.4966825544834137
44,1,35,0,xgb,mouse,0.49616849422454834
44,1,38,0,xgb,mouse,0.4940547049045563
44,1,42,1,xgb,mouse,0.49680575728416443
44,1,45,1,xgb,mouse,0.4966825544834137
44,1,5,1,xgb,mouse,0.49742069840431213
44,1,62,1,xgb,mouse,0.49680575728416443
44,1,66,1,xgb,mouse,0.5051673054695129
44,1,84,0,xgb,mouse,0.4966825544834137
44,1,91,0,xgb,mouse,0.5000128746032715
44,1,13,1,xgb,demographic,0.6633452773094177
44,1,14,0,xgb,demographic,0.38252848386764526
44,1,17,1,xgb,demographic,0.3796207010746002
44,1,29,0,xgb,demographic,0.5667479634284973
44,1,3,1,xgb,demographic,0.3796207010746002
44,1,34,0,xgb,demographic,0.3966212570667267
44,1,35,0,xgb,demographic,0.20475788414478302
44,1,38,0,xgb,demographic,0.1817486733198166
44,1,42,1,xgb,demographic,0.3796207010746002
44,1,45,1,xgb,demographic,0.3966212570667267
44,1,5,1,xgb,demographic,0.7541655898094177
44,1,62,1,xgb,demographic,0.3966212570667267
44,1,66,1,xgb,demographic,0.6035773754119873
44,1,84,0,xgb,demographic,0.2704194486141205
44,1,91,0,xgb,demographic,0.9318300485610962
44,1,13,1,xgb,time,0.8087683916091919
44,1,14,0,xgb,time,0.2954742908477783
44,1,17,1,xgb,time,0.8278980255126953
44,1,29,0,xgb,time,0.4588478207588196
44,1,3,1,xgb,time,0.9468644261360168
44,1,34,0,xgb,time,0.16801536083221436
44,1,35,0,xgb,time,0.11294595152139664
44,1,38,0,xgb,time,0.7652807831764221
44,1,42,1,xgb,time,0.6989384293556213
44,1,45,1,xgb,time,0.335088312625885
44,1,5,1,xgb,time,0.9451673626899719
44,1,62,1,xgb,time,0.9348621964454651
44,1,66,1,xgb,time,0.9580675959587097
44,1,84,0,xgb,time,0.37980180978775024
44,1,91,0,xgb,time,0.2076849341392517
44,1,13,1,xgb,combined,0.6097699999809265
44,1,14,0,xgb,combined,0.31955215334892273
44,1,17,1,xgb,combined,0.35463112592697144
44,1,29,0,xgb,combined,0.5819990038871765
44,1,3,1,xgb,combined,0.35463112592697144
44,1,34,0,xgb,combined,0.3989088535308838
44,1,35,0,xgb,combined,0.21304674446582794
44,1,38,0,xgb,combined,0.18107792735099792
44,1,42,1,xgb,combined,0.35463112592697144
44,1,45,1,xgb,combined,0.3989088535308838
44,1,5,1,xgb,combined,0.8098979592323303
44,1,62,1,xgb,combined,0.3989088535308838
44,1,66,1,xgb,combined,0.6087202429771423
44,1,84,0,xgb,combined,0.2621607780456543
44,1,91,0,xgb,combined,0.9254900813102722
44,1,13,1,xgb,mouse_time,0.7575397491455078
44,1,14,0,xgb,mouse_time,0.3209061026573181
44,1,17,1,xgb,mouse_time,0.8320709466934204
44,1,29,0,xgb,mouse_time,0.46273255348205566
44,1,3,1,xgb,mouse_time,0.9396296739578247
44,1,34,0,xgb,mouse_time,0.16815976798534393
44,1,35,0,xgb,mouse_time,0.12372832000255585
44,1,38,0,xgb,mouse_time,0.7564616799354553
44,1,42,1,xgb,mouse_time,0.6753717660903931
44,1,45,1,xgb,mouse_time,0.385244220495224
44,1,5,1,xgb,mouse_time,0.9483673572540283
44,1,62,1,xgb,mouse_time,0.9409422874450684
44,1,66,1,xgb,mouse_time,0.957016110420227
44,1,84,0,xgb,mouse_time,0.426351934671402
44,1,91,0,xgb,mouse_time,0.1994621306657791
44,1,13,1,xgb,demographic_time,0.8171442151069641
44,1,14,0,xgb,demographic_time,0.2715141475200653
44,1,17,1,xgb,demographic_time,0.6901624202728271
44,1,29,0,xgb,demographic_time,0.3975309729576111
44,1,3,1,xgb,demographic_time,0.9248949885368347
44,1,34,0,xgb,demographic_time,0.12989497184753418
44,1,35,0,xgb,demographic_time,0.09932122379541397
44,1,38,0,xgb,demographic_time,0.6851644515991211
44,1,42,1,xgb,demographic_time,0.6500738859176636
44,1,45,1,xgb,demographic_time,0.31920504570007324
44,1,5,1,xgb,demographic_time,0.9277495741844177
44,1,62,1,xgb,demographic_time,0.9227889180183411
44,1,66,1,xgb,demographic_time,0.9578812718391418
44,1,84,0,xgb,demographic_time,0.3426291346549988
44,1,91,0,xgb,demographic_time,0.3311193585395813
44,1,13,1,xgb,all,0.822796106338501
44,1,14,0,xgb,all,0.2836821377277374
44,1,17,1,xgb,all,0.6838212013244629
44,1,29,0,xgb,all,0.4498673379421234
44,1,3,1,xgb,all,0.9140221476554871
44,1,34,0,xgb,all,0.13574834167957306
44,1,35,0,xgb,all,0.10481343418359756
44,1,38,0,xgb,all,0.6515635251998901
44,1,42,1,xgb,all,0.6546115875244141
44,1,45,1,xgb,all,0.35535359382629395
44,1,5,1,xgb,all,0.9351606369018555
44,1,62,1,xgb,all,0.9125718474388123
44,1,66,1,xgb,all,0.9575818181037903
44,1,84,0,xgb,all,0.4076248109340668
44,1,91,0,xgb,all,0.32999417185783386
44,2,100,0,rf,mouse,0.49009261589273223
44,2,12,1,rf,mouse,0.49414153489327806
44,2,21,0,rf,mouse,0.4981106781501389
44,2,27,1,rf,mouse,0.4946617466346699
44,2,28,0,rf,mouse,0.49736954597576644
44,2,30,0,rf,mouse,0.49541225060140637
44,2,41,0,rf,mouse,0.49206279637301703
44,2,54,1,rf,mouse,0.49536765274225125
44,2,58,1,rf,mouse,0.49619922512077697
44,2,60,1,rf,mouse,0.49493521142962055
44,2,64,1,rf,mouse,0.49585061850295575
44,2,70,0,rf,mouse,0.49824196999999293
44,2,87,0,rf,mouse,0.4908495692625451
44,2,92,1,rf,mouse,0.5008211888511209
44,2,97,1,rf,mouse,0.49775137222100896
44,2,100,0,rf,demographic,0.9323640053954767
44,2,12,1,rf,demographic,0.5779123017818967
44,2,21,0,rf,demographic,0.5885443675923677
44,2,27,1,rf,demographic,0.41988318427264043
44,2,28,0,rf,demographic,0.6207485162486528
44,2,30,0,rf,demographic,0.5100930278153335
44,2,41,0,rf,demographic,0.1360938865850258
44,2,54,1,rf,demographic,0.26876521903175166
44,2,58,1,rf,demographic,0.48692215281289225
44,2,60,1,rf,demographic,0.4341801475291621
44,2,64,1,rf,demographic,0.45930525937879685
44,2,70,0,rf,demographic,0.7049257691797377
44,2,87,0,rf,demographic,0.07881757065925535
44,2,92,1,rf,demographic,0.5779123017818967
44,2,97,1,rf,demographic,0.6283418349588525
44,2,100,0,rf,time,0.5183846732902762
44,2,12,1,rf,time,0.9312740205166286
44,2,21,0,rf,time,0.4898775726124893
44,2,27,1,rf,time,0.5679058634294061
44,2,28,0,rf,time,0.29434349183319874
44,2,30,0,rf,time,0.22140114231678787
44,2,41,0,rf,time,0.2838813760814802
44,2,54,1,rf,time,0.41915819167719287
44,2,58,1,rf,time,0.8049459864267338
44,2,60,1,rf,time,0.4784958341200162
44,2,64,1,rf,time,0.202850910898434
44,2,70,0,rf,time,0.3362179147477363
44,2,87,0,rf,time,0.6064496126551304
44,2,92,1,rf,time,0.49362886613593127
44,2,97,1,rf,time,0.5614844770632933
44,2,100,0,rf,combined,0.859979724982337
44,2,12,1,rf,combined,0.6964937219934403
44,2,21,0,rf,combined,0.5008820614977731
44,2,27,1,rf,combined,0.5261413072415028
44,2,28,0,rf,combined,0.514227977994392
44,2,30,0,rf,combined,0.5443151603303452
44,2,41,0,rf,combined,0.18033732380025497
44,2,54,1,rf,combined,0.3096733723883371
44,2,58,1,rf,combined,0.4860463338425734
44,2,60,1,rf,combined,0.4276240149992792
44,2,64,1,rf,combined,0.5579055111042032
44,2,70,0,rf,combined,0.6341380194874516
44,2,87,0,rf,combined,0.19641675314939774
44,2,92,1,rf,combined,0.6966311022744693
44,2,97,1,rf,combined,0.5686490603572772
44,2,100,0,rf,mouse_time,0.5066583533695208
44,2,12,1,rf,mouse_time,0.9109204136542015
44,2,21,0,rf,mouse_time,0.5383699581639128
44,2,27,1,rf,mouse_time,0.5716232137218811
44,2,28,0,rf,mouse_time,0.23392346382807805
44,2,30,0,rf,mouse_time,0.2113944340701111
44,2,41,0,rf,mouse_time,0.2805087298975836
44,2,54,1,rf,mouse_time,0.4422413054395185
44,2,58,1,rf,mouse_time,0.7888375590394239
44,2,60,1,rf,mouse_time,0.5258138079014971
44,2,64,1,rf,mouse_time,0.24345288725902012
44,2,70,0,rf,mouse_time,0.30630802447469085
44,2,87,0,rf,mouse_time,0.6704053334883335
44,2,92,1,rf,mouse_time,0.5529166538301794
44,2,97,1,rf,mouse_time,0.5914752683058782
44,2,100,0,rf,demographic_time,0.4895210359461227
44,2,12,1,rf,demographic_time,0.9122074430506808
44,2,21,0,rf,demographic_time,0.43286608501687407
44,2,27,1,rf,demographic_time,0.5089776626517101
44,2,28,0,rf,demographic_time,0.22739379323979386
44,2,30,0,rf,demographic_time,0.2367655007783495
44,2,41,0,rf,demographic_time,0.23483003006556458
44,2,54,1,rf,demographic_time,0.4317603333028228
44,2,58,1,rf,demographic_time,0.7969803358908679
44,2,60,1,rf,demographic_time,0.49704329417310744
44,2,64,1,rf,demographic_time,0.26939253609896235
44,2,70,0,rf,demographic_time,0.3742990332442008
44,2,87,0,rf,demographic_time,0.638617726824395
44,2,92,1,rf,demographic_time,0.5432438943039368
44,2,97,1,rf,demographic_time,0.5989782794679546
44,2,100,0,rf,all,0.48067231278483946
44,2,12,1,rf,all,0.913488666543277
44,2,21,0,rf,all,0.4438203646538839
44,2,27,1,rf,all,0.5140604076457398
44,2,28,0,rf,all,0.2887474613625705
44,2,30,0,rf,all,0.1962607138192449
44,2,41,0,rf,all,0.2667176024982991
44,2,54,1,rf,all,0.4558061044576534
44,2,58,1,rf,all,0.8149885952214555
44,2,60,1,rf,all,0.5148963360866333
44,2,64,1,rf,all,0.26778666295707015
44,2,70,0,rf,all,0.3964393488033769
44,2,87,0,rf,all,0.5915560150098421
44,2,92,1,rf,all,0.4938033696702614
44,2,97,1,rf,all,0.5534280309493044
44,2,100,0,xgb,mouse,0.491936057806015
44,2,12,1,xgb,mouse,0.4981461465358734
44,2,21,0,xgb,mouse,0.5018060207366943
44,2,27,1,xgb,mouse,0.4994288682937622
44,2,28,0,xgb,mouse,0.502115786075592
44,2,30,0,xgb,mouse,0.4994288682937622
44,2,41,0,xgb,mouse,0.4928477704524994
44,2,54,1,xgb,mouse,0.4994288682937622
44,2,58,1,xgb,mouse,0.49892348051071167
44,2,60,1,xgb,mouse,0.4988539218902588
44,2,64,1,xgb,mouse,0.4994288682937622
44,2,70,0,xgb,mouse,0.5020501017570496
44,2,87,0,xgb,mouse,0.49248307943344116
44,2,92,1,xgb,mouse,0.5042890906333923
44,2,97,1,xgb,mouse,0.5019103288650513
44,2,100,0,xgb,demographic,0.6296995878219604
44,2,12,1,xgb,demographic,0.8302023410797119
44,2,21,0,xgb,demographic,0.40474364161491394
44,2,27,1,xgb,demographic,0.466899573802948
44,2,28,0,xgb,demographic,0.43981125950813293
44,2,30,0,xgb,demographic,0.7049957513809204
44,2,41,0,xgb,demographic,0.10742373764514923
44,2,54,1,xgb,demographic,0.35083380341529846
44,2,58,1,xgb,demographic,0.4539099335670471
44,2,60,1,xgb,demographic,0.3921121656894684
44,2,64,1,xgb,demographic,0.8594404458999634
44,2,70,0,xgb,demographic,0.6564728021621704
44,2,87,0,xgb,demographic,0.1288864016532898
44,2,92,1,xgb,demographic,0.8302023410797119
44,2,97,1,xgb,demographic,0.652101457118988
44,2,100,0,xgb,time,0.3684639632701874
44,2,12,1,xgb,time,0.8473882079124451
44,2,21,0,xgb,time,0.44897958636283875
44,2,27,1,xgb,time,0.49927452206611633
44,2,28,0,xgb,time,0.1131853461265564
44,2,30,0,xgb,time,0.1223730817437172
44,2,41,0,xgb,time,0.4906634986400604
44,2,54,1,xgb,time,0.5741885900497437
44,2,58,1,xgb,time,0.9185325503349304
44,2,60,1,xgb,time,0.5710217952728271
44,2,64,1,xgb,time,0.153182715177536
44,2,70,0,xgb,time,0.33465877175331116
44,2,87,0,xgb,time,0.39101022481918335
44,2,92,1,xgb,time,0.5683277249336243
44,2,97,1,xgb,time,0.6168889999389648
44,2,100,0,xgb,combined,0.6645610332489014
44,2,12,1,xgb,combined,0.8335802555084229
44,2,21,0,xgb,combined,0.3825209438800812
44,2,27,1,xgb,combined,0.5131011605262756
44,2,28,0,xgb,combined,0.4176205098628998
44,2,30,0,xgb,combined,0.7330959439277649
44,2,41,0,xgb,combined,0.11182940006256104
44,2,54,1,xgb,combined,0.32127970457077026
44,2,58,1,xgb,combined,0.46557730436325073
44,2,60,1,xgb,combined,0.39655691385269165
44,2,64,1,xgb,combined,0.8800787329673767
44,2,70,0,xgb,combined,0.6426135301589966
44,2,87,0,xgb,combined,0.13976722955703735
44,2,92,1,xgb,combined,0.8335802555084229
44,2,97,1,xgb,combined,0.6192392706871033
44,2,100,0,xgb,mouse_time,0.2925948202610016
44,2,12,1,xgb,mouse_time,0.859890878200531
44,2,21,0,xgb,mouse_time,0.4379135072231293
44,2,27,1,xgb,mouse_time,0.48121774196624756
44,2,28,0,xgb,mouse_time,0.1100628674030304
44,2,30,0,xgb,mouse_time,0.10968165099620819
44,2,41,0,xgb,mouse_time,0.45561155676841736
44,2,54,1,xgb,mouse_time,0.5722225308418274
44,2,58,1,xgb,mouse_time,0.929222583770752
44,2,60,1,xgb,mouse_time,0.5653348565101624
44,2,64,1,xgb,mouse_time,0.14645574986934662
44,2,70,0,xgb,mouse_time,0.36746081709861755
44,2,87,0,xgb,mouse_time,0.41274166107177734
44,2,92,1,xgb,mouse_time,0.587064266204834
44,2,97,1,xgb,mouse_time,0.6219556331634521
44,2,100,0,xgb,demographic_time,0.35239025950431824
44,2,12,1,xgb,demographic_time,0.8568692803382874
44,2,21,0,xgb,demographic_time,0.40597161650657654
44,2,27,1,xgb,demographic_time,0.4980457127094269
44,2,28,0,xgb,demographic_time,0.12340433150529861
44,2,30,0,xgb,demographic_time,0.12995272874832153
44,2,41,0,xgb,demographic_time,0.45846474170684814
44,2,54,1,xgb,demographic_time,0.5581427216529846
44,2,58,1,xgb,demographic_time,0.9346494674682617
44,2,60,1,xgb,demographic_time,0.5085593461990356
44,2,64,1,xgb,demographic_time,0.1559416800737381
44,2,70,0,xgb,demographic_time,0.36330699920654297
44,2,87,0,xgb,demographic_time,0.36165907979011536
44,2,92,1,xgb,demographic_time,0.5278637409210205
44,2,97,1,xgb,demographic_time,0.6495246291160583
44,2,100,0,xgb,all,0.27369746565818787
44,2,12,1,xgb,all,0.870119035243988
44,2,21,0,xgb,all,0.3707474172115326
44,2,27,1,xgb,all,0.4976721704006195
44,2,28,0,xgb,all,0.10333561152219772
44,2,30,0,xgb,all,0.1494562327861786
44,2,41,0,xgb,all,0.4053243100643158
44,2,54,1,xgb,all,0.5495779514312744
44,2,58,1,xgb,all,0.9218883514404297
44,2,60,1,xgb,all,0.554250955581665
44,2,64,1,xgb,all,0.1454508900642395
44,2,70,0,xgb,all,0.4147825837135315
44,2,87,0,xgb,all,0.33603206276893616
44,2,92,1,xgb,all,0.5266043543815613
44,2,97,1,xgb,all,0.6175365447998047
44,3,11,1,rf,mouse,0.49161384263188684
44,3,2,0,rf,mouse,0.4863144304926344
44,3,22,0,rf,mouse,0.4879968422062019
44,3,23,0,rf,mouse,0.4870122207840204
44,3,39,0,rf,mouse,0.48359245308225385
44,3,46,1,rf,mouse,0.4805452441321204
44,3,50,1,rf,mouse,0.49007965522333413
44,3,53,1,rf,mouse,0.48340643360733393
44,3,78,0,rf,mouse,0.4861713236966649
44,3,8,1,rf,mouse,0.48427880727453354
44,3,88,1,rf,mouse,0.4865938523641087
44,3,89,0,rf,mouse,0.4817347979937658
44,3,9,1,rf,mouse,0.48443996882551305
44,3,95,0,rf,mouse,0.48609210284502263
44,3,98,1,rf,mouse,0.48427880727453354
44,3,11,1,rf,demographic,0.821968958229046
44,3,2,0,rf,demographic,0.45332818023407756
44,3,22,0,rf,demographic,0.5429261794116849
44,3,23,0,rf,demographic,0.7068981379748592
44,3,39,0,rf,demographic,0.6542438869700138
44,3,46,1,rf,demographic,0.7055855889004345
44,3,50,1,rf,demographic,0.5979683110276361
44,3,53,1,rf,demographic,0.8264716311559186
44,3,78,0,rf,demographic,0.18365398005510583
44,3,8,1,rf,demographic,0.450505616677908
44,3,88,1,rf,demographic,0.789976951276554
44,3,89,0,rf,demographic,0.24392824914926908
44,3,9,1,rf,demographic,0.09533296523101437
44,3,95,0,rf,demographic,0.1804609856814951
44,3,98,1,rf,demographic,0.18365398005510583
44,3,11,1,rf,time,0.6541097172827126
44,3,2,0,rf,time,0.6610668063226781
44,3,22,0,rf,time,0.5287724277750686
44,3,23,0,rf,time,0.6867945218197546
44,3,39,0,rf,time,0.21616678699963252
44,3,46,1,rf,time,0.9210783218698335
44,3,50,1,rf,time,0.8744830098777406
44,3,53,1,rf,time,0.2533524387863416
44,3,78,0,rf,time,0.5170641620473776
44,3,8,1,rf,time,0.36954712984361954
44,3,88,1,rf,time,0.6073005654495824
44,3,89,0,rf,time,0.3725368695675183
44,3,9,1,rf,time,0.6917466240129455
44,3,95,0,rf,time,0.7282027985636053
44,3,98,1,rf,time,0.6125827143130282
44,3,11,1,rf,combined,0.7124518955899317
44,3,2,0,rf,combined,0.3755656029480708
44,3,22,0,rf,combined,0.55105905909701
44,3,23,0,rf,combined,0.6618403274532343
44,3,39,0,rf,combined,0.47977319008987357
44,3,46,1,rf,combined,0.7231392681620911
44,3,50,1,rf,combined,0.6345363241543905
44,3,53,1,rf,combined,0.7952493705979342
44,3,78,0,rf,combined,0.21447505920146587
44,3,8,1,rf,combined,0.3413839258936161
44,3,88,1,rf,combined,0.6523586620424733
44,3,89,0,rf,combined,0.31751876159127707
44,3,9,1,rf,combined,0.09020549147899812
44,3,95,0,rf,combined,0.21052561995219715
44,3,98,1,rf,combined,0.2136395569553274
44,3,11,1,rf,mouse_time,0.6825684074700984
44,3,2,0,rf,mouse_time,0.7172271285469359
44,3,22,0,rf,mouse_time,0.523504579255845
44,3,23,0,rf,mouse_time,0.6640946643190204
44,3,39,0,rf,mouse_time,0.2108216413848612
44,3,46,1,rf,mouse_time,0.9553136813837101
44,3,50,1,rf,mouse_time,0.9173348886643318
44,3,53,1,rf,mouse_time,0.32497929191513364
44,3,78,0,rf,mouse_time,0.5191641758512169
44,3,8,1,rf,mouse_time,0.30150404579922385
44,3,88,1,rf,mouse_time,0.5844551479501865
44,3,89,0,rf,mouse_time,0.3146859197147255
44,3,9,1,rf,mouse_time,0.7923437945518815
44,3,95,0,rf,mouse_time,0.7661548983372276
44,3,98,1,rf,mouse_time,0.6069935236542754
44,3,11,1,rf,demographic_time,0.6973353648139449
44,3,2,0,rf,demographic_time,0.7230191806257087
44,3,22,0,rf,demographic_time,0.5709488802389876
44,3,23,0,rf,demographic_time,0.5977171715774865
44,3,39,0,rf,demographic_time,0.22294634477855632
44,3,46,1,rf,demographic_time,0.9232706734461453
44,3,50,1,rf,demographic_time,0.8883754245103997
44,3,53,1,rf,demographic_time,0.374433596882623
44,3,78,0,rf,demographic_time,0.5194092316428502
44,3,8,1,rf,demographic_time,0.32614434240692997
44,3,88,1,rf,demographic_time,0.6644947774315022
44,3,89,0,rf,demographic_time,0.36941413680699137
44,3,9,1,rf,demographic_time,0.7207322927514623
44,3,95,0,rf,demographic_time,0.7679466174235202
44,3,98,1,rf,demographic_time,0.6175877791605849
44,3,11,1,rf,all,0.6722428239588293
44,3,2,0,rf,all,0.7004002109863356
44,3,22,0,rf,all,0.6173229454604553
44,3,23,0,rf,all,0.607454974158227
44,3,39,0,rf,all,0.21980881549734002
44,3,46,1,rf,all,0.9143273509522091
44,3,50,1,rf,all,0.9063470199665794
44,3,53,1,rf,all,0.3281117464072906
44,3,78,0,rf,all,0.5187268292625354
44,3,8,1,rf,all,0.32200481559159694
44,3,88,1,rf,all,0.626527577195005
44,3,89,0,rf,all,0.29767058395085955
44,3,9,1,rf,all,0.7077676754905939
44,3,95,0,rf,all,0.7128423508738158
44,3,98,1,rf,all,0.5861332591576797
44,3,11,1,xgb,mouse,0.49318328499794006
44,3,2,0,xgb,mouse,0.4886991083621979
44,3,22,0,xgb,mouse,0.4892052710056305
44,3,23,0,xgb,mouse,0.48851877450942993
44,3,39,0,xgb,mouse,0.4870871603488922
44,3,46,1,xgb,mouse,0.4828680753707886
44,3,50,1,xgb,mouse,0.48993510007858276
44,3,53,1,xgb,mouse,0.4885088801383972
44,3,78,0,xgb,mouse,0.48851877450942993
44,3,8,1,xgb,mouse,0.48727309703826904
44,3,88,1,xgb,mouse,0.4892052710056305
44,3,89,0,xgb,mouse,0.4838463068008423
44,3,9,1,xgb,mouse,0.48851877450942993
44,3,95,0,xgb,mouse,0.48851877450942993
44,3,98,1,xgb,mouse,0.48851877450942993
44,3,11,1,xgb,demographic,0.6334019303321838
44,3,2,0,xgb,demographic,0.18677087128162384
44,3,22,0,xgb,demographic,0.5238268375396729
44,3,23,0,xgb,demographic,0.6201833486557007
44,3,39,0,xgb,demographic,0.3020671010017395
44,3,46,1,xgb,demographic,0.6928840279579163
44,3,50,1,xgb,demographic,0.577183723449707
44,3,53,1,xgb,demographic,0.827419638633728
44,3,78,0,xgb,demographic,0.17610406875610352
44,3,8,1,xgb,demographic,0.09698764979839325
44,3,88,1,xgb,demographic,0.5952205657958984
44,3,89,0,xgb,demographic,0.38535386323928833
44,3,9,1,xgb,demographic,0.03877902030944824
44,3,95,0,xgb,demographic,0.19254405796527863
44,3,98,1,xgb,demographic,0.17610406875610352
44,3,11,1,xgb,time,0.3767552673816681
44,3,2,0,xgb,time,0.892848014831543
44,3,22,0,xgb,time,0.5651582479476929
44,3,23,0,xgb,time,0.7621081471443176
44,3,39,0,xgb,time,0.12737280130386353
44,3,46,1,xgb,time,0.9446161389350891
44,3,50,1,xgb,time,0.8930695652961731
44,3,53,1,xgb,time,0.20119009912014008
44,3,78,0,xgb,time,0.4682104289531708
44,3,8,1,xgb,time,0.37233784794807434
44,3,88,1,xgb,time,0.6083315014839172
44,3,89,0,xgb,time,0.37077152729034424
44,3,9,1,xgb,time,0.8702271580696106
44,3,95,0,xgb,time,0.7896730899810791
44,3,98,1,xgb,time,0.6852514147758484
44,3,11,1,xgb,combined,0.6264579892158508
44,3,2,0,xgb,combined,0.27545875310897827
44,3,22,0,xgb,combined,0.4611377716064453
44,3,23,0,xgb,combined,0.6017959117889404
44,3,39,0,xgb,combined,0.4014812111854553
44,3,46,1,xgb,combined,0.6448351740837097
44,3,50,1,xgb,combined,0.6226008534431458
44,3,53,1,xgb,combined,0.8571834564208984
44,3,78,0,xgb,combined,0.2635590136051178
44,3,8,1,xgb,combined,0.12181995809078217
44,3,88,1,xgb,combined,0.6031806468963623
44,3,89,0,xgb,combined,0.41205137968063354
44,3,9,1,xgb,combined,0.046383585780858994
44,3,95,0,xgb,combined,0.27216702699661255
44,3,98,1,xgb,combined,0.2635590136051178
44,3,11,1,xgb,mouse_time,0.4136672616004944
44,3,2,0,xgb,mouse_time,0.9096283316612244
44,3,22,0,xgb,mouse_time,0.575344443321228
44,3,23,0,xgb,mouse_time,0.7547177076339722
44,3,39,0,xgb,mouse_time,0.12669607996940613
44,3,46,1,xgb,mouse_time,0.9480491280555725
44,3,50,1,xgb,mouse_time,0.8825670480728149
44,3,53,1,xgb,mouse_time,0.19227777421474457
44,3,78,0,xgb,mouse_time,0.44374242424964905
44,3,8,1,xgb,mouse_time,0.3713124096393585
44,3,88,1,xgb,mouse_time,0.6176584362983704
44,3,89,0,xgb,mouse_time,0.3800954520702362
44,3,9,1,xgb,mouse_time,0.8760776519775391
44,3,95,0,xgb,mouse_time,0.7803614735603333
44,3,98,1,xgb,mouse_time,0.6843563914299011
44,3,11,1,xgb,demographic_time,0.40993988513946533
44,3,2,0,xgb,demographic_time,0.9059245586395264
44,3,22,0,xgb,demographic_time,0.5816876888275146
44,3,23,0,xgb,demographic_time,0.7265115976333618
44,3,39,0,xgb,demographic_time,0.1359214335680008
44,3,46,1,xgb,demographic_time,0.9513357877731323
44,3,50,1,xgb,demographic_time,0.8927910923957825
44,3,53,1,xgb,demographic_time,0.20240338146686554
44,3,78,0,xgb,demographic_time,0.45161423087120056
44,3,8,1,xgb,demographic_time,0.3567785620689392
44,3,88,1,xgb,demographic_time,0.6042576432228088
44,3,89,0,xgb,demographic_time,0.3725460171699524
44,3,9,1,xgb,demographic_time,0.862241804599762
44,3,95,0,xgb,demographic_time,0.7510672211647034
44,3,98,1,xgb,demographic_time,0.7073566913604736
44,3,11,1,xgb,all,0.43768182396888733
44,3,2,0,xgb,all,0.909871518611908
44,3,22,0,xgb,all,0.5822122097015381
44,3,23,0,xgb,all,0.7173817157745361
44,3,39,0,xgb,all,0.12762540578842163
44,3,46,1,xgb,all,0.9492097496986389
44,3,50,1,xgb,all,0.8920544385910034
44,3,53,1,xgb,all,0.1735650897026062
44,3,78,0,xgb,all,0.45236852765083313
44,3,8,1,xgb,all,0.36206522583961487
44,3,88,1,xgb,all,0.5950624942779541
44,3,89,0,xgb,all,0.36206522583961487
44,3,9,1,xgb,all,0.8877735733985901
44,3,95,0,xgb,all,0.7959216833114624
44,3,98,1,xgb,all,0.685702383518219
44,4,101,0,rf,mouse,0.49037174501267344
44,4,16,1,rf,mouse,0.4902070813952471
44,4,18,0,rf,mouse,0.490898825963213
44,4,24,1,rf,mouse,0.49166416660853135
44,4,26,0,rf,mouse,0.4935147147216359
44,4,31,0,rf,mouse,0.4918091158037495
44,4,40,0,rf,mouse,0.4955111576393233
44,4,47,1,rf,mouse,0.4905772507306815
44,4,51,1,rf,mouse,0.49036707880588537
44,4,57,1,rf,mouse,0.4925175390869587
44,4,6,0,rf,mouse,0.48922518182602304
44,4,68,1,rf,mouse,0.4870656727181206
44,4,69,1,rf,mouse,0.4965302717803161
44,4,94,1,rf,mouse,0.4972084150548467
44,4,99,1,rf,mouse,0.48833145853577997
44,4,101,0,rf,demographic,0.5050027739924327
44,4,16,1,rf,demographic,0.5675006679973533
44,4,18,0,rf,demographic,0.5261917941110357
44,4,24,1,rf,demographic,0.7675283196634399
44,4,26,0,rf,demographic,0.3275771182327901
44,4,31,0,rf,demographic,0.40398328445168535
44,4,40,0,rf,demographic,0.5675006679973533
44,4,47,1,rf,demographic,0.3529770435978131
44,4,51,1,rf,demographic,0.7747339165846676
44,4,57,1,rf,demographic,0.7012139656820363
44,4,6,0,rf,demographic,0.19724146897396444
44,4,68,1,rf,demographic,0.5675006679973533
44,4,69,1,rf,demographic,0.6768115647449957
44,4,94,1,rf,demographic,0.4949843774604029
44,4,99,1,rf,demographic,0.5050027739924327
44,4,101,0,rf,time,0.1989111970802469
44,4,16,1,rf,time,0.17713223129359731
44,4,18,0,rf,time,0.42280568487657544
44,4,24,1,rf,time,0.5895478753662056
44,4,26,0,rf,time,0.4018151834598296
44,4,31,0,rf,time,0.7906770480632177
44,4,40,0,rf,time,0.21676775118509867
44,4,47,1,rf,time,0.20797521762996057
44,4,51,1,rf,time,0.197489794092141
44,4,57,1,rf,time,0.8079448883233524
44,4,6,0,rf,time,0.08454253837383464
44,4,68,1,rf,time,0.5613356039310393
44,4,69,1,rf,time,0.784081552221043
44,4,94,1,rf,time,0.8303737764992276
44,4,99,1,rf,time,0.3896579606404177
44,4,101,0,rf,combined,0.49626312602497613
44,4,16,1,rf,combined,0.5341758766622327
44,4,18,0,rf,combined,0.4667155283753111
44,4,24,1,rf,combined,0.609778616947947
44,4,26,0,rf,combined,0.447863108902957
44,4,31,0,rf,combined,0.4193951059914828
44,4,40,0,rf,combined,0.535286694775902
44,4,47,1,rf,combined,0.4717228898124482
44,4,51,1,rf,combined,0.7592710673453796
44,4,57,1,rf,combined,0.7407490451598449
44,4,6,0,rf,combined,0.2955415502448365
44,4,68,1,rf,combined,0.5323705537109401
44,4,69,1,rf,combined,0.8325197273958306
44,4,94,1,rf,combined,0.47671029061359604
44,4,99,1,rf,combined,0.49206203783676394
44,4,101,0,rf,mouse_time,0.16635064371045946
44,4,16,1,rf,mouse_time,0.17834868469272963
44,4,18,0,rf,mouse_time,0.44526436583369716
44,4,24,1,rf,mouse_time,0.538506471262779
44,4,26,0,rf,mouse_time,0.41377432238994566
44,4,31,0,rf,mouse_time,0.7154775900090804
44,4,40,0,rf,mouse_time,0.2854178730392027
44,4,47,1,rf,mouse_time,0.21788078323605556
44,4,51,1,rf,mouse_time,0.17076323040619784
44,4,57,1,rf,mouse_time,0.7814225469241477
44,4,6,0,rf,mouse_time,0.10702214563338952
44,4,68,1,rf,mouse_time,0.5611747760463153
44,4,69,1,rf,mouse_time,0.7263686352707948
44,4,94,1,rf,mouse_time,0.7872305289225614
44,4,99,1,rf,mouse_time,0.4388544387214501
44,4,101,0,rf,demographic_time,0.21373158639811324
44,4,16,1,rf,demographic_time,0.22538603694923526
44,4,18,0,rf,demographic_time,0.40730903856962397
44,4,24,1,rf,demographic_time,0.5860186558358544
44,4,26,0,rf,demographic_time,0.41138231521396856
44,4,31,0,rf,demographic_time,0.7605389759556532
44,4,40,0,rf,demographic_time,0.2729278863969252
44,4,47,1,rf,demographic_time,0.19799073628491992
44,4,51,1,rf,demographic_time,0.26750761150953706
44,4,57,1,rf,demographic_time,0.7955875431119599
44,4,6,0,rf,demographic_time,0.11856840387538495
44,4,68,1,rf,demographic_time,0.5600976421401083
44,4,69,1,rf,demographic_time,0.7520605461354236
44,4,94,1,rf,demographic_time,0.8467479546799173
44,4,99,1,rf,demographic_time,0.37471247408353714
44,4,101,0,rf,all,0.178715100640805
44,4,16,1,rf,all,0.2136190258684719
44,4,18,0,rf,all,0.4999374842264007
44,4,24,1,rf,all,0.5504386459928342
44,4,26,0,rf,all,0.4371480132306222
44,4,31,0,rf,all,0.6765133159816239
44,4,40,0,rf,all,0.2138454374974891
44,4,47,1,rf,all,0.21642494318043143
44,4,51,1,rf,all,0.28118787817490104
44,4,57,1,rf,all,0.8148554791641598
44,4,6,0,rf,all,0.1206075943499311
44,4,68,1,rf,all,0.5451706552190708
44,4,69,1,rf,all,0.7600056096161084
44,4,94,1,rf,all,0.8370199804838927
44,4,99,1,rf,all,0.38384833774478455
44,4,101,0,xgb,mouse,0.49360328912734985
44,4,16,1,xgb,mouse,0.49360328912734985
44,4,18,0,xgb,mouse,0.4979429543018341
44,4,24,1,xgb,mouse,0.5004714727401733
44,4,26,0,xgb,mouse,0.5003023147583008
44,4,31,0,xgb,mouse,0.4979429543018341
44,4,40,0,xgb,mouse,0.5007060170173645
44,4,47,1,xgb,mouse,0.49550333619117737
44,4,51,1,xgb,mouse,0.49550333619117737
44,4,57,1,xgb,mouse,0.5007060170173645
44,4,6,0,xgb,mouse,0.495458722114563
44,4,68,1,xgb,mouse,0.49218395352363586
44,4,69,1,xgb,mouse,0.5007060170173645
44,4,94,1,xgb,mouse,0.5007060170173645
44,4,99,1,xgb,mouse,0.4926973581314087
44,4,101,0,xgb,demographic,0.624433159828186
44,4,16,1,xgb,demographic,0.5438984036445618
44,4,18,0,xgb,demographic,0.5700108408927917
44,4,24,1,xgb,demographic,0.6586218476295471
44,4,26,0,xgb,demographic,0.4369277060031891
44,4,31,0,xgb,demographic,0.48015260696411133
44,4,40,0,xgb,demographic,0.5438984036445618
44,4,47,1,xgb,demographic,0.6653566360473633
44,4,51,1,xgb,demographic,0.866854727268219
44,4,57,1,xgb,demographic,0.7821260094642639
44,4,6,0,xgb,demographic,0.21830753982067108
44,4,68,1,xgb,demographic,0.5438984036445618
44,4,69,1,xgb,demographic,0.8550122976303101
44,4,94,1,xgb,demographic,0.5347972512245178
44,4,99,1,xgb,demographic,0.624433159828186
44,4,101,0,xgb,time,0.15026922523975372
44,4,16,1,xgb,time,0.1917409896850586
44,4,18,0,xgb,time,0.4167777895927429
44,4,24,1,xgb,time,0.4575701653957367
44,4,26,0,xgb,time,0.48958441615104675
44,4,31,0,xgb,time,0.45952004194259644
44,4,40,0,xgb,time,0.20708172023296356
44,4,47,1,xgb,time,0.0909845232963562
44,4,51,1,xgb,time,0.09571906924247742
44,4,57,1,xgb,time,0.8956165313720703
44,4,6,0,xgb,time,0.0909845232963562
44,4,68,1,xgb,time,0.6755196452140808
44,4,69,1,xgb,time,0.7878094911575317
44,4,94,1,xgb,time,0.7475455403327942
44,4,99,1,xgb,time,0.5171764492988586
44,4,101,0,xgb,combined,0.6049308776855469
44,4,16,1,xgb,combined,0.5247538089752197
44,4,18,0,xgb,combined,0.5328227281570435
44,4,24,1,xgb,combined,0.628264307975769
44,4,26,0,xgb,combined,0.451246976852417
44,4,31,0,xgb,combined,0.48688027262687683
44,4,40,0,xgb,combined,0.5247538089752197
44,4,47,1,xgb,combined,0.6197484135627747
44,4,51,1,xgb,combined,0.8994945883750916
44,4,57,1,xgb,combined,0.7716906070709229
44,4,6,0,xgb,combined,0.2170725017786026
44,4,68,1,xgb,combined,0.5247538089752197
44,4,69,1,xgb,combined,0.8680171370506287
44,4,94,1,xgb,combined,0.5128706097602844
44,4,99,1,xgb,combined,0.6049308776855469
44,4,101,0,xgb,mouse_time,0.14392207562923431
44,4,16,1,xgb,mouse_time,0.18281182646751404
44,4,18,0,xgb,mouse_time,0.4078279435634613
44,4,24,1,xgb,mouse_time,0.5640463829040527
44,4,26,0,xgb,mouse_time,0.576790988445282
44,4,31,0,xgb,mouse_time,0.45920273661613464
44,4,40,0,xgb,mouse_time,0.19468997418880463
44,4,47,1,xgb,mouse_time,0.09899979829788208
44,4,51,1,xgb,mouse_time,0.1012112945318222
44,4,57,1,xgb,mouse_time,0.8682997822761536
44,4,6,0,xgb,mouse_time,0.09899979829788208
44,4,68,1,xgb,mouse_time,0.6678594946861267
44,4,69,1,xgb,mouse_time,0.7794973850250244
44,4,94,1,xgb,mouse_time,0.7292802333831787
44,4,99,1,xgb,mouse_time,0.5327094197273254
44,4,101,0,xgb,demographic_time,0.1362033486366272
44,4,16,1,xgb,demographic_time,0.19860082864761353
44,4,18,0,xgb,demographic_time,0.37398308515548706
44,4,24,1,xgb,demographic_time,0.5125583410263062
44,4,26,0,xgb,demographic_time,0.5092487931251526
44,4,31,0,xgb,demographic_time,0.5156702399253845
44,4,40,0,xgb,demographic_time,0.18667997419834137
44,4,47,1,xgb,demographic_time,0.09471502155065536
44,4,51,1,xgb,demographic_time,0.10966367274522781
44,4,57,1,xgb,demographic_time,0.8190925717353821
44,4,6,0,xgb,demographic_time,0.09471502155065536
44,4,68,1,xgb,demographic_time,0.701252281665802
44,4,69,1,xgb,demographic_time,0.8368657827377319
44,4,94,1,xgb,demographic_time,0.7490988373756409
44,4,99,1,xgb,demographic_time,0.4776165187358856
44,4,101,0,xgb,all,0.1335819512605667
44,4,16,1,xgb,all,0.1705063134431839
44,4,18,0,xgb,all,0.3763008713722229
44,4,24,1,xgb,all,0.5034676790237427
44,4,26,0,xgb,all,0.5188103318214417
44,4,31,0,xgb,all,0.5305966734886169
44,4,40,0,xgb,all,0.18826386332511902
44,4,47,1,xgb,all,0.09164774417877197
44,4,51,1,xgb,all,0.1178155317902565
44,4,57,1,xgb,all,0.8260024189949036
44,4,6,0,xgb,all,0.09164774417877197
44,4,68,1,xgb,all,0.6704416275024414
44,4,69,1,xgb,all,0.8392007350921631
44,4,94,1,xgb,all,0.7740529179573059
44,4,99,1,xgb,all,0.44865649938583374
44,5,10,0,rf,mouse,0.4960531354003638
44,5,15,1,rf,mouse,0.4924240881665104
44,5,19,1,rf,mouse,0.49052660135541754
44,5,20,1,rf,mouse,0.49608925046577107
44,5,36,0,rf,mouse,0.4949981854693958
44,5,48,1,rf,mouse,0.49466162400290553
44,5,49,1,rf,mouse,0.49778862066439855
44,5,77,1,rf,mouse,0.49454469097398046
44,5,79,0,rf,mouse,0.49485412045018007
44,5,82,1,rf,mouse,0.503001865527233
44,5,83,0,rf,mouse,0.49443535823794715
44,5,85,0,rf,mouse,0.49452317812872104
44,5,86,0,rf,mouse,0.4917130991127261
44,5,93,1,rf,mouse,0.49176293422412076
44,5,10,0,rf,demographic,0.2944781893589651
44,5,15,1,rf,demographic,0.5161684551325219
44,5,19,1,rf,demographic,0.6568484352152262
44,5,20,1,rf,demographic,0.38575610546125005
44,5,36,0,rf,demographic,0.4817494982555896
44,5,48,1,rf,demographic,0.46965088985040426
44,5,49,1,rf,demographic,0.5835838046399777
44,5,77,1,rf,demographic,0.7165347224875364
44,5,79,0,rf,demographic,0.49035046653474745
44,5,82,1,rf,demographic,0.8917351695919441
44,5,83,0,rf,demographic,0.553263204759785
44,5,85,0,rf,demographic,0.768696484581048
44,5,86,0,rf,demographic,0.2944781893589651
44,5,93,1,rf,demographic,0.40353275039703557
44,5,10,0,rf,time,0.4125509526838478
44,5,15,1,rf,time,0.7054168848964475
44,5,19,1,rf,time,0.5978109267131466
44,5,20,1,rf,time,0.960675367707468
44,5,36,0,rf,time,0.36395006239146915
44,5,48,1,rf,time,0.5084685592834501
44,5,49,1,rf,time,0.9330281122141348
44,5,77,1,rf,time,0.689775609947554
44,5,79,0,rf,time,0.37374006776436974
44,5,82,1,rf,time,0.4544799192441342
44,5,83,0,rf,time,0.41188591881165315
44,5,85,0,rf,time,0.5920992567299806
44,5,86,0,rf,time,0.6511687424662853
44,5,93,1,rf,time,0.43578762186979797
44,5,10,0,rf,combined,0.3154210746962728
44,5,15,1,rf,combined,0.4696145715613129
44,5,19,1,rf,combined,0.5221796665248839
44,5,20,1,rf,combined,0.45923046113797206
44,5,36,0,rf,combined,0.45311720913545656
44,5,48,1,rf,combined,0.44525583471368724
44,5,49,1,rf,combined,0.5849711192586065
44,5,77,1,rf,combined,0.7029277540034136
44,5,79,0,rf,combined,0.4496032115420113
44,5,82,1,rf,combined,0.8856945638715203
44,5,83,0,rf,combined,0.5193646876932054
44,5,85,0,rf,combined,0.8132025268719882
44,5,86,0,rf,combined,0.31543577706228265
44,5,93,1,rf,combined,0.4443368170786023
44,5,10,0,rf,mouse_time,0.44106247164541595
44,5,15,1,rf,mouse_time,0.6660326385886286
44,5,19,1,rf,mouse_time,0.6116316835687214
44,5,20,1,rf,mouse_time,0.9197524379646576
44,5,36,0,rf,mouse_time,0.36036438186268505
44,5,48,1,rf,mouse_time,0.5756345426091993
44,5,49,1,rf,mouse_time,0.9349576461793913
44,5,77,1,rf,mouse_time,0.6484254333780247
44,5,79,0,rf,mouse_time,0.35052476930699894
44,5,82,1,rf,mouse_time,0.40291401482587974
44,5,83,0,rf,mouse_time,0.3877229417949027
44,5,85,0,rf,mouse_time,0.6033809964202923
44,5,86,0,rf,mouse_time,0.6519997364240172
44,5,93,1,rf,mouse_time,0.47596529036327506
44,5,10,0,rf,demographic_time,0.4115356252379743
44,5,15,1,rf,demographic_time,0.6903499424141869
44,5,19,1,rf,demographic_time,0.6400882559403381
44,5,20,1,rf,demographic_time,0.9434854928986139
44,5,36,0,rf,demographic_time,0.3458584133586785
44,5,48,1,rf,demographic_time,0.6157753723272201
44,5,49,1,rf,demographic_time,0.9451862677841742
44,5,77,1,rf,demographic_time,0.7324822648225854
44,5,79,0,rf,demographic_time,0.36098211795260715
44,5,82,1,rf,demographic_time,0.456308167613041
44,5,83,0,rf,demographic_time,0.3760864715374335
44,5,85,0,rf,demographic_time,0.6236560085687931
44,5,86,0,rf,demographic_time,0.6406334948005701
44,5,93,1,rf,demographic_time,0.3820680246045239
44,5,10,0,rf,all,0.4185680629273246
44,5,15,1,rf,all,0.7154142206560904
44,5,19,1,rf,all,0.6116838401533997
44,5,20,1,rf,all,0.9328928239760256
44,5,36,0,rf,all,0.3222619007178826
44,5,48,1,rf,all,0.5524579672300672
44,5,49,1,rf,all,0.9161593769779447
44,5,77,1,rf,all,0.7380757412960556
44,5,79,0,rf,all,0.4034845596775124
44,5,82,1,rf,all,0.49811001152595014
44,5,83,0,rf,all,0.4665218107923116
44,5,85,0,rf,all,0.5908249399430195
44,5,86,0,rf,all,0.6260290806258804
44,5,93,1,rf,all,0.4069227311977167
44,5,10,0,xgb,mouse,0.49666664004325867
44,5,15,1,xgb,mouse,0.49388813972473145
44,5,19,1,xgb,mouse,0.49213358759880066
44,5,20,1,xgb,mouse,0.4979898929595947
44,5,36,0,xgb,mouse,0.4957472085952759
44,5,48,1,xgb,mouse,0.49691152572631836
44,5,49,1,xgb,mouse,0.49974822998046875
44,5,77,1,xgb,mouse,0.49666664004325867
44,5,79,0,xgb,mouse,0.49691152572631836
44,5,82,1,xgb,mouse,0.5019304752349854
44,5,83,0,xgb,mouse,0.49691152572631836
44,5,85,0,xgb,mouse,0.4961618185043335
44,5,86,0,xgb,mouse,0.49388813972473145
44,5,93,1,xgb,mouse,0.49264994263648987
44,5,10,0,xgb,demographic,0.2190772444009781
44,5,15,1,xgb,demographic,0.4334196150302887
44,5,19,1,xgb,demographic,0.5613216161727905
44,5,20,1,xgb,demographic,0.44193553924560547
44,5,36,0,xgb,demographic,0.4737164080142975
44,5,48,1,xgb,demographic,0.4221978783607483
44,5,49,1,xgb,demographic,0.5493761897087097
44,5,77,1,xgb,demographic,0.6618807911872864
44,5,79,0,xgb,demographic,0.46066638827323914
44,5,82,1,xgb,demographic,0.8903116583824158
44,5,83,0,xgb,demographic,0.6737538576126099
44,5,85,0,xgb,demographic,0.7162474989891052
44,5,86,0,xgb,demographic,0.2190772444009781
44,5,93,1,xgb,demographic,0.5265486836433411
44,5,10,0,xgb,time,0.33482298254966736
44,5,15,1,xgb,time,0.31353336572647095
44,5,19,1,xgb,time,0.7531011700630188
44,5,20,1,xgb,time,0.9336174726486206
44,5,36,0,xgb,time,0.27314022183418274
44,5,48,1,xgb,time,0.7887197732925415
44,5,49,1,xgb,time,0.9331750273704529
44,5,77,1,xgb,time,0.8814540505409241
44,5,79,0,xgb,time,0.21197324991226196
44,5,82,1,xgb,time,0.19167713820934296
44,5,83,0,xgb,time,0.30706560611724854
44,5,85,0,xgb,time,0.411781907081604
44,5,86,0,xgb,time,0.7206724882125854
44,5,93,1,xgb,time,0.39296838641166687
44,5,10,0,xgb,combined,0.2720596492290497
44,5,15,1,xgb,combined,0.4099368751049042
44,5,19,1,xgb,combined,0.5323516130447388
44,5,20,1,xgb,combined,0.38825723528862
44,5,36,0,xgb,combined,0.4973551034927368
44,5,48,1,xgb,combined,0.39633673429489136
44,5,49,1,xgb,combined,0.547387421131134
44,5,77,1,xgb,combined,0.724021315574646
44,5,79,0,xgb,combined,0.40449008345603943
44,5,82,1,xgb,combined,0.9048491716384888
44,5,83,0,xgb,combined,0.6723599433898926
44,5,85,0,xgb,combined,0.810332715511322
44,5,86,0,xgb,combined,0.2720596492290497
44,5,93,1,xgb,combined,0.4885618984699249
44,5,10,0,xgb,mouse_time,0.3449178636074066
44,5,15,1,xgb,mouse_time,0.30262404680252075
44,5,19,1,xgb,mouse_time,0.701161801815033
44,5,20,1,xgb,mouse_time,0.9302277565002441
44,5,36,0,xgb,mouse_time,0.31616100668907166
44,5,48,1,xgb,mouse_time,0.7835726737976074
44,5,49,1,xgb,mouse_time,0.9321845769882202
44,5,77,1,xgb,mouse_time,0.87630695104599
44,5,79,0,xgb,mouse_time,0.19254165887832642
44,5,82,1,xgb,mouse_time,0.19143177568912506
44,5,83,0,xgb,mouse_time,0.3151216506958008
44,5,85,0,xgb,mouse_time,0.3900240361690521
44,5,86,0,xgb,mouse_time,0.7052937150001526
44,5,93,1,xgb,mouse_time,0.37147819995880127
44,5,10,0,xgb,demographic_time,0.28999149799346924
44,5,15,1,xgb,demographic_time,0.3134206235408783
44,5,19,1,xgb,demographic_time,0.7188431620597839
44,5,20,1,xgb,demographic_time,0.9253014326095581
44,5,36,0,xgb,demographic_time,0.284286767244339
44,5,48,1,xgb,demographic_time,0.8391836285591125
44,5,49,1,xgb,demographic_time,0.9239349961280823
44,5,77,1,xgb,demographic_time,0.8581941723823547
44,5,79,0,xgb,demographic_time,0.1975170075893402
44,5,82,1,xgb,demographic_time,0.29435110092163086
44,5,83,0,xgb,demographic_time,0.2780025601387024
44,5,85,0,xgb,demographic_time,0.48567861318588257
44,5,86,0,xgb,demographic_time,0.6739922165870667
44,5,93,1,xgb,demographic_time,0.2972121238708496
44,5,10,0,xgb,all,0.286598801612854
44,5,15,1,xgb,all,0.31000199913978577
44,5,19,1,xgb,all,0.683480978012085
44,5,20,1,xgb,all,0.9276465773582458
44,5,36,0,xgb,all,0.27275997400283813
44,5,48,1,xgb,all,0.8442203402519226
44,5,49,1,xgb,all,0.9367076754570007
44,5,77,1,xgb,all,0.8807860612869263
44,5,79,0,xgb,all,0.19764244556427002
44,5,82,1,xgb,all,0.2654445469379425
44,5,83,0,xgb,all,0.26982730627059937
44,5,85,0,xgb,all,0.48899969458580017
44,5,86,0,xgb,all,0.6962471008300781
44,5,93,1,xgb,all,0.2987329661846161
45,1,14,0,rf,mouse,0.48930487803741834
45,1,17,1,rf,mouse,0.4915512496739617
45,1,19,1,rf,mouse,0.4908371635698987
45,1,27,1,rf,mouse,0.49208600677661957
45,1,29,0,rf,mouse,0.490006062630013
45,1,36,0,rf,mouse,0.4932799980596421
45,1,47,1,rf,mouse,0.49057637949570143
45,1,48,1,rf,mouse,0.4923806961414634
45,1,5,1,rf,mouse,0.49354181911164713
45,1,57,1,rf,mouse,0.49180483029590166
45,1,70,0,rf,mouse,0.4921396892918476
45,1,8,1,rf,mouse,0.4899642994973187
45,1,83,0,rf,mouse,0.4928347054813139
45,1,86,0,rf,mouse,0.4918057766265837
45,1,89,0,rf,mouse,0.48989290366363136
45,1,14,0,rf,demographic,0.3217087777341984
45,1,17,1,rf,demographic,0.6881787643739921
45,1,19,1,rf,demographic,0.6453601361254132
45,1,27,1,rf,demographic,0.37365766654552157
45,1,29,0,rf,demographic,0.6008205331330178
45,1,36,0,rf,demographic,0.5230199001051385
45,1,47,1,rf,demographic,0.3222353495031195
45,1,48,1,rf,demographic,0.5205250592460992
45,1,5,1,rf,demographic,0.53508826454091
45,1,57,1,rf,demographic,0.7006645500080857
45,1,70,0,rf,demographic,0.6881787643739921
45,1,8,1,rf,demographic,0.23648049757821607
45,1,83,0,rf,demographic,0.5866039442556157
45,1,86,0,rf,demographic,0.041864811413525015
45,1,89,0,rf,demographic,0.30241049738380166
45,1,14,0,rf,time,0.26054284618181467
45,1,17,1,rf,time,0.5408093127370945
45,1,19,1,rf,time,0.6795750807224227
45,1,27,1,rf,time,0.6540920064126745
45,1,29,0,rf,time,0.3557280380368747
45,1,36,0,rf,time,0.41526216757321854
45,1,47,1,rf,time,0.30665781567675215
45,1,48,1,rf,time,0.5615998380526119
45,1,5,1,rf,time,0.926188566472803
45,1,57,1,rf,time,0.7712630121798095
45,1,70,0,rf,time,0.40454015110859515
45,1,8,1,rf,time,0.5222985972288187
45,1,83,0,rf,time,0.38568297370314353
45,1,86,0,rf,time,0.6584969911298153
45,1,89,0,rf,time,0.4079738263857225
45,1,14,0,rf,combined,0.36334088066867454
45,1,17,1,rf,combined,0.6124668733183481
45,1,19,1,rf,combined,0.5974713545632782
45,1,27,1,rf,combined,0.38770959221905393
45,1,29,0,rf,combined,0.5290568953095742
45,1,36,0,rf,combined,0.4995364864167513
45,1,47,1,rf,combined,0.4338933280017415
45,1,48,1,rf,combined,0.49083243420562817
45,1,5,1,rf,combined,0.5834476263284244
45,1,57,1,rf,combined,0.7517203361889593
45,1,70,0,rf,combined,0.6131044372332066
45,1,8,1,rf,combined,0.21341605400503916
45,1,83,0,rf,combined,0.574159065612891
45,1,86,0,rf,combined,0.11825954934333471
45,1,89,0,rf,combined,0.3990961444933865
45,1,14,0,rf,mouse_time,0.284010281809695
45,1,17,1,rf,mouse_time,0.516726024180407
45,1,19,1,rf,mouse_time,0.6942588736944183
45,1,27,1,rf,mouse_time,0.6200312131800781
45,1,29,0,rf,mouse_time,0.3669747872033856
45,1,36,0,rf,mouse_time,0.36422659194107193
45,1,47,1,rf,mouse_time,0.28878871601592
45,1,48,1,rf,mouse_time,0.5097874760084478
45,1,5,1,rf,mouse_time,0.9043803369406715
45,1,57,1,rf,mouse_time,0.7909923871991149
45,1,70,0,rf,mouse_time,0.39996682631341374
45,1,8,1,rf,mouse_time,0.4934563351870079
45,1,83,0,rf,mouse_time,0.43260666072169796
45,1,86,0,rf,mouse_time,0.6937549916864023
45,1,89,0,rf,mouse_time,0.37697920266985263
45,1,14,0,rf,demographic_time,0.2965597982303723
45,1,17,1,rf,demographic_time,0.5151789066550737
45,1,19,1,rf,demographic_time,0.6590975768248576
45,1,27,1,rf,demographic_time,0.6774983092745138
45,1,29,0,rf,demographic_time,0.3736333278669499
45,1,36,0,rf,demographic_time,0.3044873920836055
45,1,47,1,rf,demographic_time,0.2463422423158536
45,1,48,1,rf,demographic_time,0.4983766287602626
45,1,5,1,rf,demographic_time,0.9458414410444164
45,1,57,1,rf,demographic_time,0.7250006237994546
45,1,70,0,rf,demographic_time,0.38051823842786436
45,1,8,1,rf,demographic_time,0.45291138220401794
45,1,83,0,rf,demographic_time,0.3987506307398997
45,1,86,0,rf,demographic_time,0.6173476203050645
45,1,89,0,rf,demographic_time,0.3413333464401908
45,1,14,0,rf,all,0.2852700190225229
45,1,17,1,rf,all,0.4718209396160743
45,1,19,1,rf,all,0.6476134936831199
45,1,27,1,rf,all,0.6713209613549659
45,1,29,0,rf,all,0.37631635725634727
45,1,36,0,rf,all,0.3501703569867006
45,1,47,1,rf,all,0.2680292593257837
45,1,48,1,rf,all,0.504567531608098
45,1,5,1,rf,all,0.9136178340290968
45,1,57,1,rf,all,0.7983630710194387
45,1,70,0,rf,all,0.37825466936548546
45,1,8,1,rf,all,0.49926731009352326
45,1,83,0,rf,all,0.32517555497462436
45,1,86,0,rf,all,0.5395576065975269
45,1,89,0,rf,all,0.37005721033540406
45,1,14,0,xgb,mouse,0.4886281490325928
45,1,17,1,xgb,mouse,0.49203065037727356
45,1,19,1,xgb,mouse,0.49240201711654663
45,1,27,1,xgb,mouse,0.4932171702384949
45,1,29,0,xgb,mouse,0.49317148327827454
45,1,36,0,xgb,mouse,0.49314525723457336
45,1,47,1,xgb,mouse,0.4913100302219391
45,1,48,1,xgb,mouse,0.49203065037727356
45,1,5,1,xgb,mouse,0.49547260999679565
45,1,57,1,xgb,mouse,0.49246862530708313
45,1,70,0,xgb,mouse,0.49314525723457336
45,1,8,1,xgb,mouse,0.48999524116516113
45,1,83,0,xgb,mouse,0.49309515953063965
45,1,86,0,xgb,mouse,0.49309515953063965
45,1,89,0,xgb,mouse,0.4886281490325928
45,1,14,0,xgb,demographic,0.44272303581237793
45,1,17,1,xgb,demographic,0.6816833019256592
45,1,19,1,xgb,demographic,0.6545134782791138
45,1,27,1,xgb,demographic,0.21635214984416962
45,1,29,0,xgb,demographic,0.632154107093811
45,1,36,0,xgb,demographic,0.6280677914619446
45,1,47,1,xgb,demographic,0.6469743251800537
45,1,48,1,xgb,demographic,0.5142803192138672
45,1,5,1,xgb,demographic,0.5532870292663574
45,1,57,1,xgb,demographic,0.8670225739479065
45,1,70,0,xgb,demographic,0.6816833019256592
45,1,8,1,xgb,demographic,0.07907409965991974
45,1,83,0,xgb,demographic,0.6545134782791138
45,1,86,0,xgb,demographic,0.052352648228406906
45,1,89,0,xgb,demographic,0.41571998596191406
45,1,14,0,xgb,time,0.2312604933977127
45,1,17,1,xgb,time,0.6603974103927612
45,1,19,1,xgb,time,0.7444940209388733
45,1,27,1,xgb,time,0.7198110222816467
45,1,29,0,xgb,time,0.3188415467739105
45,1,36,0,xgb,time,0.31765931844711304
45,1,47,1,xgb,time,0.25479844212532043
45,1,48,1,xgb,time,0.5722487568855286
45,1,5,1,xgb,time,0.9163346886634827
45,1,57,1,xgb,time,0.9162194132804871
45,1,70,0,xgb,time,0.4914548695087433
45,1,8,1,xgb,time,0.6831145882606506
45,1,83,0,xgb,time,0.28234773874282837
45,1,86,0,xgb,time,0.6911746263504028
45,1,89,0,xgb,time,0.37615618109703064
45,1,14,0,xgb,combined,0.31580787897109985
45,1,17,1,xgb,combined,0.7089904546737671
45,1,19,1,xgb,combined,0.6784478425979614
45,1,27,1,xgb,combined,0.17381823062896729
45,1,29,0,xgb,combined,0.6590985059738159
45,1,36,0,xgb,combined,0.6572486758232117
45,1,47,1,xgb,combined,0.5893069505691528
45,1,48,1,xgb,combined,0.5636276006698608
45,1,5,1,xgb,combined,0.5409139394760132
45,1,57,1,xgb,combined,0.8928281664848328
45,1,70,0,xgb,combined,0.6905970573425293
45,1,8,1,xgb,combined,0.07110704481601715
45,1,83,0,xgb,combined,0.7121220231056213
45,1,86,0,xgb,combined,0.05702287703752518
45,1,89,0,xgb,combined,0.4815795421600342
45,1,14,0,xgb,mouse_time,0.2560732364654541
45,1,17,1,xgb,mouse_time,0.6460036635398865
45,1,19,1,xgb,mouse_time,0.7806938886642456
45,1,27,1,xgb,mouse_time,0.7277129888534546
45,1,29,0,xgb,mouse_time,0.31515374779701233
45,1,36,0,xgb,mouse_time,0.31638404726982117
45,1,47,1,xgb,mouse_time,0.26280540227890015
45,1,48,1,xgb,mouse_time,0.5407581925392151
45,1,5,1,xgb,mouse_time,0.8926331996917725
45,1,57,1,xgb,mouse_time,0.9168521165847778
45,1,70,0,xgb,mouse_time,0.47411513328552246
45,1,8,1,xgb,mouse_time,0.690902054309845
45,1,83,0,xgb,mouse_time,0.2709098756313324
45,1,86,0,xgb,mouse_time,0.7354404330253601
45,1,89,0,xgb,mouse_time,0.38162660598754883
45,1,14,0,xgb,demographic_time,0.24500109255313873
45,1,17,1,xgb,demographic_time,0.7074929475784302
45,1,19,1,xgb,demographic_time,0.6552007794380188
45,1,27,1,xgb,demographic_time,0.6841856241226196
45,1,29,0,xgb,demographic_time,0.3028582036495209
45,1,36,0,xgb,demographic_time,0.1961233913898468
45,1,47,1,xgb,demographic_time,0.22588101029396057
45,1,48,1,xgb,demographic_time,0.5882570743560791
45,1,5,1,xgb,demographic_time,0.906884491443634
45,1,57,1,xgb,demographic_time,0.9421682357788086
45,1,70,0,xgb,demographic_time,0.5495492815971375
45,1,8,1,xgb,demographic_time,0.5856996178627014
45,1,83,0,xgb,demographic_time,0.25696298480033875
45,1,86,0,xgb,demographic_time,0.6926007270812988
45,1,89,0,xgb,demographic_time,0.2761518359184265
45,1,14,0,xgb,all,0.21582835912704468
45,1,17,1,xgb,all,0.7407963275909424
45,1,19,1,xgb,all,0.6415427923202515
45,1,27,1,xgb,all,0.7090633511543274
45,1,29,0,xgb,all,0.29677239060401917
45,1,36,0,xgb,all,0.19351288676261902
45,1,47,1,xgb,all,0.22996406257152557
45,1,48,1,xgb,all,0.5820337533950806
45,1,5,1,xgb,all,0.9057208299636841
45,1,57,1,xgb,all,0.9382447600364685
45,1,70,0,xgb,all,0.5267342925071716
45,1,8,1,xgb,all,0.5915284156799316
45,1,83,0,xgb,all,0.21790842711925507
45,1,86,0,xgb,all,0.7114947438240051
45,1,89,0,xgb,all,0.2602827847003937
45,2,13,1,rf,mouse,0.4878597626414082
45,2,18,0,rf,mouse,0.48869198118765805
45,2,2,0,rf,mouse,0.4920045604721067
45,2,22,0,rf,mouse,0.49301974483377614
45,2,23,0,rf,mouse,0.49120693926643444
45,2,24,1,rf,mouse,0.4947742228513718
45,2,38,0,rf,mouse,0.4841897753743942
45,2,41,0,rf,mouse,0.48419789106906086
45,2,46,1,rf,mouse,0.48041303276210173
45,2,49,1,rf,mouse,0.49083936416378937
45,2,64,1,rf,mouse,0.4919560753864561
45,2,95,0,rf,mouse,0.4917603737346521
45,2,97,1,rf,mouse,0.49229104980720484
45,2,98,1,rf,mouse,0.4924323361936718
45,2,99,1,rf,mouse,0.48412331466597747
45,2,13,1,rf,demographic,0.5654324543312498
45,2,18,0,rf,demographic,0.5669526841082764
45,2,2,0,rf,demographic,0.5578431027952788
45,2,22,0,rf,demographic,0.4691129086757299
45,2,23,0,rf,demographic,0.6372691438989522
45,2,24,1,rf,demographic,0.7405038270423948
45,2,38,0,rf,demographic,0.33712403554242704
45,2,41,0,rf,demographic,0.33712403554242704
45,2,46,1,rf,demographic,0.7143373947311351
45,2,49,1,rf,demographic,0.6117936027242099
45,2,64,1,rf,demographic,0.696807456982317
45,2,95,0,rf,demographic,0.2656689146302109
45,2,97,1,rf,demographic,0.6110068540858412
45,2,98,1,rf,demographic,0.215796531501731
45,2,99,1,rf,demographic,0.41374743078871934
45,2,13,1,rf,time,0.6780992518366695
45,2,18,0,rf,time,0.45373086768884485
45,2,2,0,rf,time,0.6802724383776986
45,2,22,0,rf,time,0.5249744289546869
45,2,23,0,rf,time,0.5139769076855571
45,2,24,1,rf,time,0.4655747276658019
45,2,38,0,rf,time,0.4412018080706699
45,2,41,0,rf,time,0.3777552113080739
45,2,46,1,rf,time,0.876160019486476
45,2,49,1,rf,time,0.9382535535972497
45,2,64,1,rf,time,0.38328042334427725
45,2,95,0,rf,time,0.8000107085126169
45,2,97,1,rf,time,0.6984640345257278
45,2,98,1,rf,time,0.5572576830495983
45,2,99,1,rf,time,0.5095295907493058
45,2,13,1,rf,combined,0.5885375374569295
45,2,18,0,rf,combined,0.5508434381193438
45,2,2,0,rf,combined,0.5141348012419388
45,2,22,0,rf,combined,0.43460842281046314
45,2,23,0,rf,combined,0.5746095953298365
45,2,24,1,rf,combined,0.5582016388185417
45,2,38,0,rf,combined,0.2945313081075497
45,2,41,0,rf,combined,0.2963754153040723
45,2,46,1,rf,combined,0.699944846350611
45,2,49,1,rf,combined,0.5277656555053521
45,2,64,1,rf,combined,0.7025937295447157
45,2,95,0,rf,combined,0.2695688938953197
45,2,97,1,rf,combined,0.5564359320857788
45,2,98,1,rf,combined,0.26437259242281397
45,2,99,1,rf,combined,0.44610417175968525
45,2,13,1,rf,mouse_time,0.7478018027773261
45,2,18,0,rf,mouse_time,0.45958773979320044
45,2,2,0,rf,mouse_time,0.7035819543373173
45,2,22,0,rf,mouse_time,0.542343707453535
45,2,23,0,rf,mouse_time,0.5230979575916901
45,2,24,1,rf,mouse_time,0.4805114474220682
45,2,38,0,rf,mouse_time,0.4419219438399913
45,2,41,0,rf,mouse_time,0.2940767911381693
45,2,46,1,rf,mouse_time,0.8513735551294979
45,2,49,1,rf,mouse_time,0.8859801214579839
45,2,64,1,rf,mouse_time,0.3465722143027935
45,2,95,0,rf,mouse_time,0.7907027831877421
45,2,97,1,rf,mouse_time,0.6984003313803613
45,2,98,1,rf,mouse_time,0.5679223021017554
45,2,99,1,rf,mouse_time,0.5023666868746737
45,2,13,1,rf,demographic_time,0.7173153790359681
45,2,18,0,rf,demographic_time,0.4046270165028146
45,2,2,0,rf,demographic_time,0.6957071608063436
45,2,22,0,rf,demographic_time,0.5515233331568838
45,2,23,0,rf,demographic_time,0.5352954388149819
45,2,24,1,rf,demographic_time,0.45600032655103656
45,2,38,0,rf,demographic_time,0.436136371826898
45,2,41,0,rf,demographic_time,0.26995591206637387
45,2,46,1,rf,demographic_time,0.8565430676357113
45,2,49,1,rf,demographic_time,0.9107534738669898
45,2,64,1,rf,demographic_time,0.4211775030446122
45,2,95,0,rf,demographic_time,0.7725575909449739
45,2,97,1,rf,demographic_time,0.6526920488186183
45,2,98,1,rf,demographic_time,0.46403253068500633
45,2,99,1,rf,demographic_time,0.4916252827467119
45,2,13,1,rf,all,0.7282364364852328
45,2,18,0,rf,all,0.40495855942352216
45,2,2,0,rf,all,0.6615061373864226
45,2,22,0,rf,all,0.5186400257087606
45,2,23,0,rf,all,0.5760888438819051
45,2,24,1,rf,all,0.44896391793946444
45,2,38,0,rf,all,0.39191207652698407
45,2,41,0,rf,all,0.33651758202086124
45,2,46,1,rf,all,0.8770409835914015
45,2,49,1,rf,all,0.9254372383210739
45,2,64,1,rf,all,0.4058659186088292
45,2,95,0,rf,all,0.8053920885660106
45,2,97,1,rf,all,0.7266847656543977
45,2,98,1,rf,all,0.5372857871545045
45,2,99,1,rf,all,0.5057283036671241
45,2,13,1,xgb,mouse,0.48875102400779724
45,2,18,0,xgb,mouse,0.4927864968776703
45,2,2,0,xgb,mouse,0.495572030544281
45,2,22,0,xgb,mouse,0.4965815544128418
45,2,23,0,xgb,mouse,0.49320369958877563
45,2,24,1,xgb,mouse,0.4991326630115509
45,2,38,0,xgb,mouse,0.4868597984313965
45,2,41,0,xgb,mouse,0.4880830943584442
45,2,46,1,xgb,mouse,0.48629599809646606
45,2,49,1,xgb,mouse,0.4936237931251526
45,2,64,1,xgb,mouse,0.49320369958877563
45,2,95,0,xgb,mouse,0.4969172477722168
45,2,97,1,xgb,mouse,0.4962725043296814
45,2,98,1,xgb,mouse,0.4947318434715271
45,2,99,1,xgb,mouse,0.4868597984313965
45,2,13,1,xgb,demographic,0.3422486186027527
45,2,18,0,xgb,demographic,0.7921221256256104
45,2,2,0,xgb,demographic,0.7921221256256104
45,2,22,0,xgb,demographic,0.5705539584159851
45,2,23,0,xgb,demographic,0.5979159474372864
45,2,24,1,xgb,demographic,0.5668257474899292
45,2,38,0,xgb,demographic,0.1346588283777237
45,2,41,0,xgb,demographic,0.1346588283777237
45,2,46,1,xgb,demographic,0.6555942893028259
45,2,49,1,xgb,demographic,0.5534530878067017
45,2,64,1,xgb,demographic,0.7946838736534119
45,2,95,0,xgb,demographic,0.14031781256198883
45,2,97,1,xgb,demographic,0.610893189907074
45,2,98,1,xgb,demographic,0.12336240708827972
45,2,99,1,xgb,demographic,0.5004519820213318
45,2,13,1,xgb,time,0.600153923034668
45,2,18,0,xgb,time,0.4045925438404083
45,2,2,0,xgb,time,0.8444355726242065
45,2,22,0,xgb,time,0.4632181227207184
45,2,23,0,xgb,time,0.338785320520401
45,2,24,1,xgb,time,0.3334878087043762
45,2,38,0,xgb,time,0.54698246717453
45,2,41,0,xgb,time,0.49265238642692566
45,2,46,1,xgb,time,0.9051482677459717
45,2,49,1,xgb,time,0.9459294080734253
45,2,64,1,xgb,time,0.2682202160358429
45,2,95,0,xgb,time,0.7954049110412598
45,2,97,1,xgb,time,0.8299961090087891
45,2,98,1,xgb,time,0.8130591511726379
45,2,99,1,xgb,time,0.7561607956886292
45,2,13,1,xgb,combined,0.5027983784675598
45,2,18,0,xgb,combined,0.7335233092308044
45,2,2,0,xgb,combined,0.738240122795105
45,2,22,0,xgb,combined,0.5070058107376099
45,2,23,0,xgb,combined,0.5720182061195374
45,2,24,1,xgb,combined,0.6118480563163757
45,2,38,0,xgb,combined,0.19881033897399902
45,2,41,0,xgb,combined,0.19881033897399902
45,2,46,1,xgb,combined,0.6574772596359253
45,2,49,1,xgb,combined,0.6027870774269104
45,2,64,1,xgb,combined,0.8547860383987427
45,2,95,0,xgb,combined,0.1933702975511551
45,2,97,1,xgb,combined,0.5812934637069702
45,2,98,1,xgb,combined,0.16809293627738953
45,2,99,1,xgb,combined,0.4895918369293213
45,2,13,1,xgb,mouse_time,0.6193467974662781
45,2,18,0,xgb,mouse_time,0.35434290766716003
45,2,2,0,xgb,mouse_time,0.8255150318145752
45,2,22,0,xgb,mouse_time,0.46437183022499084
45,2,23,0,xgb,mouse_time,0.2838820219039917
45,2,24,1,xgb,mouse_time,0.2684014141559601
45,2,38,0,xgb,mouse_time,0.5722550749778748
45,2,41,0,xgb,mouse_time,0.5556915402412415
45,2,46,1,xgb,mouse_time,0.9184120893478394
45,2,49,1,xgb,mouse_time,0.9497215151786804
45,2,64,1,xgb,mouse_time,0.22926373779773712
45,2,95,0,xgb,mouse_time,0.7392863035202026
45,2,97,1,xgb,mouse_time,0.8354134559631348
45,2,98,1,xgb,mouse_time,0.8273863792419434
45,2,99,1,xgb,mouse_time,0.7559566497802734
45,2,13,1,xgb,demographic_time,0.46267780661582947
45,2,18,0,xgb,demographic_time,0.3883545696735382
45,2,2,0,xgb,demographic_time,0.796366274356842
45,2,22,0,xgb,demographic_time,0.5519053339958191
45,2,23,0,xgb,demographic_time,0.22585487365722656
45,2,24,1,xgb,demographic_time,0.31816330552101135
45,2,38,0,xgb,demographic_time,0.4085168242454529
45,2,41,0,xgb,demographic_time,0.42186588048934937
45,2,46,1,xgb,demographic_time,0.913442850112915
45,2,49,1,xgb,demographic_time,0.9234493970870972
45,2,64,1,xgb,demographic_time,0.1943739503622055
45,2,95,0,xgb,demographic_time,0.7913164496421814
45,2,97,1,xgb,demographic_time,0.8596141338348389
45,2,98,1,xgb,demographic_time,0.7498460412025452
45,2,99,1,xgb,demographic_time,0.6996961236000061
45,2,13,1,xgb,all,0.47647687792778015
45,2,18,0,xgb,all,0.36405298113822937
45,2,2,0,xgb,all,0.7863247394561768
45,2,22,0,xgb,all,0.5867944955825806
45,2,23,0,xgb,all,0.20540986955165863
45,2,24,1,xgb,all,0.34148040413856506
45,2,38,0,xgb,all,0.45916953682899475
45,2,41,0,xgb,all,0.43939515948295593
45,2,46,1,xgb,all,0.9270012974739075
45,2,49,1,xgb,all,0.9224751591682434
45,2,64,1,xgb,all,0.16276170313358307
45,2,95,0,xgb,all,0.8338027000427246
45,2,97,1,xgb,all,0.8579816818237305
45,2,98,1,xgb,all,0.7478873133659363
45,2,99,1,xgb,all,0.6636853218078613
45,3,10,0,rf,mouse,0.4977046694185295
45,3,12,1,rf,mouse,0.49430925962400185
45,3,20,1,rf,mouse,0.5069238011905843
45,3,26,0,rf,mouse,0.5045501670895092
45,3,3,1,rf,mouse,0.49934221416753644
45,3,34,0,rf,mouse,0.5012625759094086
45,3,35,0,rf,mouse,0.4964323932746729
45,3,39,0,rf,mouse,0.4946918397974649
45,3,45,1,rf,mouse,0.49716037524894874
45,3,54,1,rf,mouse,0.4987185118471559
45,3,6,0,rf,mouse,0.4961311084076187
45,3,66,1,rf,mouse,0.5126611492842841
45,3,78,0,rf,mouse,0.5018300338568118
45,3,88,1,rf,mouse,0.5030711886034742
45,3,93,1,rf,mouse,0.5003368348068618
45,3,10,0,rf,demographic,0.22891526917427987
45,3,12,1,rf,demographic,0.8644475551727367
45,3,20,1,rf,demographic,0.44783120147769634
45,3,26,0,rf,demographic,0.3794040102150584
45,3,3,1,rf,demographic,0.44804680642814265
45,3,34,0,rf,demographic,0.5269301773783646
45,3,35,0,rf,demographic,0.22128814199861488
45,3,39,0,rf,demographic,0.32481530765232997
45,3,45,1,rf,demographic,0.5269301773783646
45,3,54,1,rf,demographic,0.17552981276754412
45,3,6,0,rf,demographic,0.12041803784130474
45,3,66,1,rf,demographic,0.7496620343753782
45,3,78,0,rf,demographic,0.38413982709610883
45,3,88,1,rf,demographic,0.7380786036178091
45,3,93,1,rf,demographic,0.3028441315259271
45,3,10,0,rf,time,0.32098523680315716
45,3,12,1,rf,time,0.9370163065893152
45,3,20,1,rf,time,0.8918887310089177
45,3,26,0,rf,time,0.48424532793673514
45,3,3,1,rf,time,0.9065855874832011
45,3,34,0,rf,time,0.2698430695972332
45,3,35,0,rf,time,0.2688515765959619
45,3,39,0,rf,time,0.3065659790721297
45,3,45,1,rf,time,0.5132564855079973
45,3,54,1,rf,time,0.6351950261966303
45,3,6,0,rf,time,0.3017888993042246
45,3,66,1,rf,time,0.8713139612163119
45,3,78,0,rf,time,0.5269521176004713
45,3,88,1,rf,time,0.6873404087821304
45,3,93,1,rf,time,0.5216632319834761
45,3,10,0,rf,combined,0.29917930040651897
45,3,12,1,rf,combined,0.8656037622299835
45,3,20,1,rf,combined,0.6508713202736411
45,3,26,0,rf,combined,0.496539762052535
45,3,3,1,rf,combined,0.46337353846876966
45,3,34,0,rf,combined,0.4793082666550844
45,3,35,0,rf,combined,0.2942315942977296
45,3,39,0,rf,combined,0.3810461017683479
45,3,45,1,rf,combined,0.4787163092294236
45,3,54,1,rf,combined,0.2358097999531344
45,3,6,0,rf,combined,0.2898924685264723
45,3,66,1,rf,combined,0.5513623501513565
45,3,78,0,rf,combined,0.37322098777563095
45,3,88,1,rf,combined,0.5330720452710251
45,3,93,1,rf,combined,0.41328232841191637
45,3,10,0,rf,mouse_time,0.32732501085218824
45,3,12,1,rf,mouse_time,0.8823329609956556
45,3,20,1,rf,mouse_time,0.8758575519894709
45,3,26,0,rf,mouse_time,0.4744051179012011
45,3,3,1,rf,mouse_time,0.8484912161421285
45,3,34,0,rf,mouse_time,0.26915036446099116
45,3,35,0,rf,mouse_time,0.2754414188379188
45,3,39,0,rf,mouse_time,0.3347423103804678
45,3,45,1,rf,mouse_time,0.5365422045748234
45,3,54,1,rf,mouse_time,0.5261699496919974
45,3,6,0,rf,mouse_time,0.29542626844296405
45,3,66,1,rf,mouse_time,0.8666456362836469
45,3,78,0,rf,mouse_time,0.5199413582456972
45,3,88,1,rf,mouse_time,0.7511909831947792
45,3,93,1,rf,mouse_time,0.5072266224277795
45,3,10,0,rf,demographic_time,0.36651366706112193
45,3,12,1,rf,demographic_time,0.891754291599978
45,3,20,1,rf,demographic_time,0.8894806055358258
45,3,26,0,rf,demographic_time,0.4497740787244628
45,3,3,1,rf,demographic_time,0.9075039676975208
45,3,34,0,rf,demographic_time,0.23279478387086341
45,3,35,0,rf,demographic_time,0.2940740622859017
45,3,39,0,rf,demographic_time,0.2837860244838267
45,3,45,1,rf,demographic_time,0.49025489587425886
45,3,54,1,rf,demographic_time,0.5743798064001584
45,3,6,0,rf,demographic_time,0.27735258239610716
45,3,66,1,rf,demographic_time,0.8816246224883185
45,3,78,0,rf,demographic_time,0.43994606482118714
45,3,88,1,rf,demographic_time,0.6981306491927268
45,3,93,1,rf,demographic_time,0.387316594574135
45,3,10,0,rf,all,0.3298317180031277
45,3,12,1,rf,all,0.8981007697662975
45,3,20,1,rf,all,0.9088983158362947
45,3,26,0,rf,all,0.48201686886643813
45,3,3,1,rf,all,0.9056908166994765
45,3,34,0,rf,all,0.2673453452124436
45,3,35,0,rf,all,0.26560516627830105
45,3,39,0,rf,all,0.2909315741494491
45,3,45,1,rf,all,0.4842964885849196
45,3,54,1,rf,all,0.5823883549779837
45,3,6,0,rf,all,0.26017056010608036
45,3,66,1,rf,all,0.8899076415272633
45,3,78,0,rf,all,0.4651298828734899
45,3,88,1,rf,all,0.7385395242576924
45,3,93,1,rf,all,0.4434909798494118
45,3,10,0,xgb,mouse,0.49458110332489014
45,3,12,1,xgb,mouse,0.4929177165031433
45,3,20,1,xgb,mouse,0.5046443343162537
45,3,26,0,xgb,mouse,0.5010792016983032
45,3,3,1,xgb,mouse,0.4975857138633728
45,3,34,0,xgb,mouse,0.4997202455997467
45,3,35,0,xgb,mouse,0.4952860176563263
45,3,39,0,xgb,mouse,0.49289074540138245
45,3,45,1,xgb,mouse,0.49518680572509766
45,3,54,1,xgb,mouse,0.497140496969223
45,3,6,0,xgb,mouse,0.4944939911365509
45,3,66,1,xgb,mouse,0.5084021091461182
45,3,78,0,xgb,mouse,0.5011535882949829
45,3,88,1,xgb,mouse,0.5011535882949829
45,3,93,1,xgb,mouse,0.4964243173599243
45,3,10,0,xgb,demographic,0.20311269164085388
45,3,12,1,xgb,demographic,0.8644828796386719
45,3,20,1,xgb,demographic,0.613504946231842
45,3,26,0,xgb,demographic,0.4421035945415497
45,3,3,1,xgb,demographic,0.6009619832038879
45,3,34,0,xgb,demographic,0.49226054549217224
45,3,35,0,xgb,demographic,0.20311269164085388
45,3,39,0,xgb,demographic,0.30551084876060486
45,3,45,1,xgb,demographic,0.49226054549217224
45,3,54,1,xgb,demographic,0.3101741671562195
45,3,6,0,xgb,demographic,0.2323479801416397
45,3,66,1,xgb,demographic,0.5985559821128845
45,3,78,0,xgb,demographic,0.2619233727455139
45,3,88,1,xgb,demographic,0.5985559821128845
45,3,93,1,xgb,demographic,0.5270771980285645
45,3,10,0,xgb,time,0.20322087407112122
45,3,12,1,xgb,time,0.946476936340332
45,3,20,1,xgb,time,0.9165950417518616
45,3,26,0,xgb,time,0.7106101512908936
45,3,3,1,xgb,time,0.9392370581626892
45,3,34,0,xgb,time,0.2580162286758423
45,3,35,0,xgb,time,0.09561517089605331
45,3,39,0,xgb,time,0.26367706060409546
45,3,45,1,xgb,time,0.4315589368343353
45,3,54,1,xgb,time,0.7273232936859131
45,3,6,0,xgb,time,0.28872761130332947
45,3,66,1,xgb,time,0.9672996401786804
45,3,78,0,xgb,time,0.23089486360549927
45,3,88,1,xgb,time,0.89931720495224
45,3,93,1,xgb,time,0.2672974467277527
45,3,10,0,xgb,combined,0.24541009962558746
45,3,12,1,xgb,combined,0.8581230044364929
45,3,20,1,xgb,combined,0.6526556611061096
45,3,26,0,xgb,combined,0.4793366491794586
45,3,3,1,xgb,combined,0.5646756887435913
45,3,34,0,xgb,combined,0.47551199793815613
45,3,35,0,xgb,combined,0.24541009962558746
45,3,39,0,xgb,combined,0.3361394703388214
45,3,45,1,xgb,combined,0.47551199793815613
45,3,54,1,xgb,combined,0.25311797857284546
45,3,6,0,xgb,combined,0.21765261888504028
45,3,66,1,xgb,combined,0.6012394428253174
45,3,78,0,xgb,combined,0.32194456458091736
45,3,88,1,xgb,combined,0.600143313407898
45,3,93,1,xgb,combined,0.5350898504257202
45,3,10,0,xgb,mouse_time,0.2316625565290451
45,3,12,1,xgb,mouse_time,0.9498902559280396
45,3,20,1,xgb,mouse_time,0.9203205108642578
45,3,26,0,xgb,mouse_time,0.7313785552978516
45,3,3,1,xgb,mouse_time,0.9396300315856934
45,3,34,0,xgb,mouse_time,0.283338338136673
45,3,35,0,xgb,mouse_time,0.0953996554017067
45,3,39,0,xgb,mouse_time,0.2625243067741394
45,3,45,1,xgb,mouse_time,0.3842918872833252
45,3,54,1,xgb,mouse_time,0.7605398297309875
45,3,6,0,xgb,mouse_time,0.31001442670822144
45,3,66,1,xgb,mouse_time,0.9654030203819275
45,3,78,0,xgb,mouse_time,0.22905190289020538
45,3,88,1,xgb,mouse_time,0.8933452367782593
45,3,93,1,xgb,mouse_time,0.28313031792640686
45,3,10,0,xgb,demographic_time,0.2995252013206482
45,3,12,1,xgb,demographic_time,0.962367594242096
45,3,20,1,xgb,demographic_time,0.9247517585754395
45,3,26,0,xgb,demographic_time,0.6880900859832764
45,3,3,1,xgb,demographic_time,0.9253833889961243
45,3,34,0,xgb,demographic_time,0.2747460603713989
45,3,35,0,xgb,demographic_time,0.09218697994947433
45,3,39,0,xgb,demographic_time,0.29456639289855957
45,3,45,1,xgb,demographic_time,0.4110462963581085
45,3,54,1,xgb,demographic_time,0.7237561345100403
45,3,6,0,xgb,demographic_time,0.2669849991798401
45,3,66,1,xgb,demographic_time,0.963151216506958
45,3,78,0,xgb,demographic_time,0.23051072657108307
45,3,88,1,xgb,demographic_time,0.9058716893196106
45,3,93,1,xgb,demographic_time,0.23554520308971405
45,3,10,0,xgb,all,0.26833388209342957
45,3,12,1,xgb,all,0.9526196718215942
45,3,20,1,xgb,all,0.9119249582290649
45,3,26,0,xgb,all,0.6737251877784729
45,3,3,1,xgb,all,0.9257519841194153
45,3,34,0,xgb,all,0.28893256187438965
45,3,35,0,xgb,all,0.10516857355833054
45,3,39,0,xgb,all,0.32257887721061707
45,3,45,1,xgb,all,0.39096713066101074
45,3,54,1,xgb,all,0.7222614884376526
45,3,6,0,xgb,all,0.21729321777820587
45,3,66,1,xgb,all,0.9560579061508179
45,3,78,0,xgb,all,0.24585537612438202
45,3,88,1,xgb,all,0.8901445269584656
45,3,93,1,xgb,all,0.2513607442378998
45,4,101,0,rf,mouse,0.4879728249108556
45,4,11,1,rf,mouse,0.49419516941333874
45,4,15,1,rf,mouse,0.4883500630975554
45,4,28,0,rf,mouse,0.4920138544446477
45,4,30,0,rf,mouse,0.48882027912515846
45,4,31,0,rf,mouse,0.48987258409187096
45,4,42,1,rf,mouse,0.49015761357285764
45,4,51,1,rf,mouse,0.4893834255695998
45,4,62,1,rf,mouse,0.4905803866614086
45,4,68,1,rf,mouse,0.486676026196757
45,4,79,0,rf,mouse,0.48672303588691657
45,4,82,1,rf,mouse,0.49985062666091656
45,4,85,0,rf,mouse,0.49280098241645776
45,4,9,1,rf,mouse,0.48908526332359037
45,4,92,1,rf,mouse,0.4949441548120662
45,4,101,0,rf,demographic,0.796160807417653
45,4,11,1,rf,demographic,0.8196894701193639
45,4,15,1,rf,demographic,0.33435280397071965
45,4,28,0,rf,demographic,0.3625452537242895
45,4,30,0,rf,demographic,0.796160807417653
45,4,31,0,rf,demographic,0.3279896003911501
45,4,42,1,rf,demographic,0.48923595379401286
45,4,51,1,rf,demographic,0.9377138794895743
45,4,62,1,rf,demographic,0.48923595379401286
45,4,68,1,rf,demographic,0.33435280397071965
45,4,79,0,rf,demographic,0.7440776887100687
45,4,82,1,rf,demographic,0.9355380335288832
45,4,85,0,rf,demographic,0.7531246112847274
45,4,9,1,rf,demographic,0.20195452615957482
45,4,92,1,rf,demographic,0.9355380335288832
45,4,101,0,rf,time,0.22363776335483077
45,4,11,1,rf,time,0.8986597593817987
45,4,15,1,rf,time,0.6123045313153967
45,4,28,0,rf,time,0.16487728065426646
45,4,30,0,rf,time,0.22221695178148146
45,4,31,0,rf,time,0.733340015984091
45,4,42,1,rf,time,0.5546562820798691
45,4,51,1,rf,time,0.22047134568328897
45,4,62,1,rf,time,0.8650721517209131
45,4,68,1,rf,time,0.5663390316585211
45,4,79,0,rf,time,0.3040454251169499
45,4,82,1,rf,time,0.3296585713896634
45,4,85,0,rf,time,0.498394988396248
45,4,9,1,rf,time,0.46161949819869763
45,4,92,1,rf,time,0.6494413530099867
45,4,101,0,rf,combined,0.7675307331742394
45,4,11,1,rf,combined,0.7313349729402308
45,4,15,1,rf,combined,0.40634117143175813
45,4,28,0,rf,combined,0.2902626088041548
45,4,30,0,rf,combined,0.7672757064749673
45,4,31,0,rf,combined,0.40409256235843116
45,4,42,1,rf,combined,0.4475564453669028
45,4,51,1,rf,combined,0.9183385918312224
45,4,62,1,rf,combined,0.44746212236261584
45,4,68,1,rf,combined,0.4063041987717788
45,4,79,0,rf,combined,0.5738704444506603
45,4,82,1,rf,combined,0.8890231289901058
45,4,85,0,rf,combined,0.7462299003082128
45,4,9,1,rf,combined,0.18968746125754452
45,4,92,1,rf,combined,0.8895390268096792
45,4,101,0,rf,mouse_time,0.25753059773395576
45,4,11,1,rf,mouse_time,0.872728884703536
45,4,15,1,rf,mouse_time,0.6555806996833395
45,4,28,0,rf,mouse_time,0.2347088918365871
45,4,30,0,rf,mouse_time,0.28286511905582024
45,4,31,0,rf,mouse_time,0.7051726168054206
45,4,42,1,rf,mouse_time,0.5516087650028338
45,4,51,1,rf,mouse_time,0.23999910043282507
45,4,62,1,rf,mouse_time,0.9150621293949335
45,4,68,1,rf,mouse_time,0.589234463591818
45,4,79,0,rf,mouse_time,0.3089936902688252
45,4,82,1,rf,mouse_time,0.3281746431160918
45,4,85,0,rf,mouse_time,0.48551850674008235
45,4,9,1,rf,mouse_time,0.49572550103827673
45,4,92,1,rf,mouse_time,0.6119161422014563
45,4,101,0,rf,demographic_time,0.2509809107492209
45,4,11,1,rf,demographic_time,0.8479410138579784
45,4,15,1,rf,demographic_time,0.6263117316246419
45,4,28,0,rf,demographic_time,0.19186722076711032
45,4,30,0,rf,demographic_time,0.3290873298770657
45,4,31,0,rf,demographic_time,0.7110177140063191
45,4,42,1,rf,demographic_time,0.6239786685504223
45,4,51,1,rf,demographic_time,0.2660886405156976
45,4,62,1,rf,demographic_time,0.8428024046447732
45,4,68,1,rf,demographic_time,0.565734738532373
45,4,79,0,rf,demographic_time,0.36713918919503746
45,4,82,1,rf,demographic_time,0.40855781013193215
45,4,85,0,rf,demographic_time,0.5009719182380653
45,4,9,1,rf,demographic_time,0.4536882663511337
45,4,92,1,rf,demographic_time,0.6838502374044444
45,4,101,0,rf,all,0.25224494046742907
45,4,11,1,rf,all,0.8747433345134971
45,4,15,1,rf,all,0.6219543537042143
45,4,28,0,rf,all,0.15590001522471647
45,4,30,0,rf,all,0.25934732799254945
45,4,31,0,rf,all,0.7767102828274358
45,4,42,1,rf,all,0.601871557461359
45,4,51,1,rf,all,0.2667162392003301
45,4,62,1,rf,all,0.8632273747054013
45,4,68,1,rf,all,0.5852683417242475
45,4,79,0,rf,all,0.31856156777090433
45,4,82,1,rf,all,0.3610184482840795
45,4,85,0,rf,all,0.5301157581378002
45,4,9,1,rf,all,0.45577399542646946
45,4,92,1,rf,all,0.5957480351609016
45,4,101,0,xgb,mouse,0.4886697232723236
45,4,11,1,xgb,mouse,0.49603021144866943
45,4,15,1,xgb,mouse,0.4916311502456665
45,4,28,0,xgb,mouse,0.4945127069950104
45,4,30,0,xgb,mouse,0.4900127053260803
45,4,31,0,xgb,mouse,0.4922119081020355
45,4,42,1,xgb,mouse,0.4936618506908417
45,4,51,1,xgb,mouse,0.4903784394264221
45,4,62,1,xgb,mouse,0.4922119081020355
45,4,68,1,xgb,mouse,0.4886697232723236
45,4,79,0,xgb,mouse,0.4880632162094116
45,4,82,1,xgb,mouse,0.4983299970626831
45,4,85,0,xgb,mouse,0.49603021144866943
45,4,9,1,xgb,mouse,0.4900127053260803
45,4,92,1,xgb,mouse,0.4967334568500519
45,4,101,0,xgb,demographic,0.819918692111969
45,4,11,1,xgb,demographic,0.7116073369979858
45,4,15,1,xgb,demographic,0.5018324255943298
45,4,28,0,xgb,demographic,0.24051888287067413
45,4,30,0,xgb,demographic,0.819918692111969
45,4,31,0,xgb,demographic,0.5018324255943298
45,4,42,1,xgb,demographic,0.6315984129905701
45,4,51,1,xgb,demographic,0.921159565448761
45,4,62,1,xgb,demographic,0.535768985748291
45,4,68,1,xgb,demographic,0.5018324255943298
45,4,79,0,xgb,demographic,0.5066271424293518
45,4,82,1,xgb,demographic,0.8377730250358582
45,4,85,0,xgb,demographic,0.5155197381973267
45,4,9,1,xgb,demographic,0.08372284471988678
45,4,92,1,xgb,demographic,0.8377730250358582
45,4,101,0,xgb,time,0.1231500655412674
45,4,11,1,xgb,time,0.6178162693977356
45,4,15,1,xgb,time,0.19253799319267273
45,4,28,0,xgb,time,0.1548181027173996
45,4,30,0,xgb,time,0.2946389615535736
45,4,31,0,xgb,time,0.5831433534622192
45,4,42,1,xgb,time,0.6882414221763611
45,4,51,1,xgb,time,0.2719835638999939
45,4,62,1,xgb,time,0.9643085598945618
45,4,68,1,xgb,time,0.7050082087516785
45,4,79,0,xgb,time,0.10991279780864716
45,4,82,1,xgb,time,0.427289754152298
45,4,85,0,xgb,time,0.45492926239967346
45,4,9,1,xgb,time,0.6231977343559265
45,4,92,1,xgb,time,0.6510021090507507
45,4,101,0,xgb,combined,0.8226069808006287
45,4,11,1,xgb,combined,0.7420839667320251
45,4,15,1,xgb,combined,0.4543677866458893
45,4,28,0,xgb,combined,0.2291136384010315
45,4,30,0,xgb,combined,0.8226069808006287
45,4,31,0,xgb,combined,0.4543677866458893
45,4,42,1,xgb,combined,0.5876613855361938
45,4,51,1,xgb,combined,0.9452404379844666
45,4,62,1,xgb,combined,0.5207734107971191
45,4,68,1,xgb,combined,0.4543677866458893
45,4,79,0,xgb,combined,0.4543677866458893
45,4,82,1,xgb,combined,0.8704718947410583
45,4,85,0,xgb,combined,0.6585654616355896
45,4,9,1,xgb,combined,0.10653246939182281
45,4,92,1,xgb,combined,0.8704718947410583
45,4,101,0,xgb,mouse_time,0.1392158716917038
45,4,11,1,xgb,mouse_time,0.6182034611701965
45,4,15,1,xgb,mouse_time,0.19916333258152008
45,4,28,0,xgb,mouse_time,0.16971652209758759
45,4,30,0,xgb,mouse_time,0.2898835837841034
45,4,31,0,xgb,mouse_time,0.5878753066062927
45,4,42,1,xgb,mouse_time,0.6859421730041504
45,4,51,1,xgb,mouse_time,0.2170804738998413
45,4,62,1,xgb,mouse_time,0.961395263671875
45,4,68,1,xgb,mouse_time,0.7126822471618652
45,4,79,0,xgb,mouse_time,0.12878751754760742
45,4,82,1,xgb,mouse_time,0.44694772362709045
45,4,85,0,xgb,mouse_time,0.46256759762763977
45,4,9,1,xgb,mouse_time,0.6131534576416016
45,4,92,1,xgb,mouse_time,0.6538939476013184
45,4,101,0,xgb,demographic_time,0.15454307198524475
45,4,11,1,xgb,demographic_time,0.6474529504776001
45,4,15,1,xgb,demographic_time,0.18191646039485931
45,4,28,0,xgb,demographic_time,0.12319585680961609
45,4,30,0,xgb,demographic_time,0.3313990831375122
45,4,31,0,xgb,demographic_time,0.5922408103942871
45,4,42,1,xgb,demographic_time,0.6813228726387024
45,4,51,1,xgb,demographic_time,0.2671731114387512
45,4,62,1,xgb,demographic_time,0.9682776927947998
45,4,68,1,xgb,demographic_time,0.7689548134803772
45,4,79,0,xgb,demographic_time,0.11640787124633789
45,4,82,1,xgb,demographic_time,0.41838493943214417
45,4,85,0,xgb,demographic_time,0.42781925201416016
45,4,9,1,xgb,demographic_time,0.5316077470779419
45,4,92,1,xgb,demographic_time,0.6366890668869019
45,4,101,0,xgb,all,0.1677820384502411
45,4,11,1,xgb,all,0.6468057036399841
45,4,15,1,xgb,all,0.19785653054714203
45,4,28,0,xgb,all,0.13007129728794098
45,4,30,0,xgb,all,0.3353911340236664
45,4,31,0,xgb,all,0.6070793867111206
45,4,42,1,xgb,all,0.6528317928314209
45,4,51,1,xgb,all,0.2685217559337616
45,4,62,1,xgb,all,0.9642849564552307
45,4,68,1,xgb,all,0.7492315769195557
45,4,79,0,xgb,all,0.12213094532489777
45,4,82,1,xgb,all,0.40111470222473145
45,4,85,0,xgb,all,0.4036913514137268
45,4,9,1,xgb,all,0.5226622223854065
45,4,92,1,xgb,all,0.6002750396728516
45,5,100,0,rf,mouse,0.48124834261225646
45,5,16,1,rf,mouse,0.4829674762290498
45,5,21,0,rf,mouse,0.4838905794866134
45,5,40,0,rf,mouse,0.49203803751920094
45,5,50,1,rf,mouse,0.48424477096008767
45,5,53,1,rf,mouse,0.48305024960418874
45,5,58,1,rf,mouse,0.4854922745739286
45,5,60,1,rf,mouse,0.48172467535050767
45,5,69,1,rf,mouse,0.4848474916158567
45,5,77,1,rf,mouse,0.48170035913799136
45,5,84,0,rf,mouse,0.48550646801309777
45,5,87,0,rf,mouse,0.4780231440551841
45,5,91,0,rf,mouse,0.4913729775868553
45,5,94,1,rf,mouse,0.487571098990201
45,5,100,0,rf,demographic,0.8700693697595892
45,5,16,1,rf,demographic,0.4973513380789763
45,5,21,0,rf,demographic,0.4319132152167211
45,5,40,0,rf,demographic,0.5486677636112115
45,5,50,1,rf,demographic,0.7468224121565008
45,5,53,1,rf,demographic,0.943903986892364
45,5,58,1,rf,demographic,0.4297464551048053
45,5,60,1,rf,demographic,0.39198642019152513
45,5,69,1,rf,demographic,0.7055032100070928
45,5,77,1,rf,demographic,0.8477701933206786
45,5,84,0,rf,demographic,0.2672387198350118
45,5,87,0,rf,demographic,0.2025724813250954
45,5,91,0,rf,demographic,0.9825270710728485
45,5,94,1,rf,demographic,0.43728625446325226
45,5,100,0,rf,time,0.280738044230454
45,5,16,1,rf,time,0.11813575649461946
45,5,21,0,rf,time,0.6433455816707373
45,5,40,0,rf,time,0.29103283123857393
45,5,50,1,rf,time,0.8736308518783209
45,5,53,1,rf,time,0.3177162342578092
45,5,58,1,rf,time,0.7555655489206722
45,5,60,1,rf,time,0.5127354477877104
45,5,69,1,rf,time,0.6654729752115514
45,5,77,1,rf,time,0.7511401576125978
45,5,84,0,rf,time,0.5026401031162545
45,5,87,0,rf,time,0.5965072321947709
45,5,91,0,rf,time,0.5205121132435162
45,5,94,1,rf,time,0.7829733634217619
45,5,100,0,rf,combined,0.6519443096635957
45,5,16,1,rf,combined,0.41868320825693195
45,5,21,0,rf,combined,0.2956151263375789
45,5,40,0,rf,combined,0.4261666078266514
45,5,50,1,rf,combined,0.7556594722157282
45,5,53,1,rf,combined,0.9277863955518861
45,5,58,1,rf,combined,0.41947924093539524
45,5,60,1,rf,combined,0.3897568327148412
45,5,69,1,rf,combined,0.8818612385108177
45,5,77,1,rf,combined,0.8058447987504886
45,5,84,0,rf,combined,0.35911829991699784
45,5,87,0,rf,combined,0.3107051074602515
45,5,91,0,rf,combined,0.9083566038693599
45,5,94,1,rf,combined,0.5099850400884736
45,5,100,0,rf,mouse_time,0.29525496089584846
45,5,16,1,rf,mouse_time,0.09401844313354293
45,5,21,0,rf,mouse_time,0.6096433974833559
45,5,40,0,rf,mouse_time,0.3639150894863973
45,5,50,1,rf,mouse_time,0.8312040441723967
45,5,53,1,rf,mouse_time,0.2684241599665946
45,5,58,1,rf,mouse_time,0.81793861102846
45,5,60,1,rf,mouse_time,0.4492116533757563
45,5,69,1,rf,mouse_time,0.6792899257994723
45,5,77,1,rf,mouse_time,0.6732029343324537
45,5,84,0,rf,mouse_time,0.5243774028460866
45,5,87,0,rf,mouse_time,0.5745582462531834
45,5,91,0,rf,mouse_time,0.5531277897117639
45,5,94,1,rf,mouse_time,0.7743475549969248
45,5,100,0,rf,demographic_time,0.32319293900938595
45,5,16,1,rf,demographic_time,0.10900411189364936
45,5,21,0,rf,demographic_time,0.5528911946336859
45,5,40,0,rf,demographic_time,0.37506941748409955
45,5,50,1,rf,demographic_time,0.8136572763781975
45,5,53,1,rf,demographic_time,0.379479452195905
45,5,58,1,rf,demographic_time,0.8043396669572026
45,5,60,1,rf,demographic_time,0.558632061753004
45,5,69,1,rf,demographic_time,0.661747838589504
45,5,77,1,rf,demographic_time,0.7145203798635145
45,5,84,0,rf,demographic_time,0.5331240819578544
45,5,87,0,rf,demographic_time,0.6049576978363599
45,5,91,0,rf,demographic_time,0.5933794464937387
45,5,94,1,rf,demographic_time,0.7319579930897104
45,5,100,0,rf,all,0.29187306236864674
45,5,16,1,rf,all,0.11238633771843631
45,5,21,0,rf,all,0.6126238848827582
45,5,40,0,rf,all,0.31894320059898806
45,5,50,1,rf,all,0.8442977904603127
45,5,53,1,rf,all,0.3551944096848988
45,5,58,1,rf,all,0.786115861249269
45,5,60,1,rf,all,0.5003440867021106
45,5,69,1,rf,all,0.6649093464807414
45,5,77,1,rf,all,0.7057914904609185
45,5,84,0,rf,all,0.5232716630191363
45,5,87,0,rf,all,0.6320236595413369
45,5,91,0,rf,all,0.5870790529217642
45,5,94,1,rf,all,0.752272634876989
45,5,100,0,xgb,mouse,0.48829299211502075
45,5,16,1,xgb,mouse,0.4889916181564331
45,5,21,0,xgb,mouse,0.4920964539051056
45,5,40,0,xgb,mouse,0.49581682682037354
45,5,50,1,xgb,mouse,0.49277108907699585
45,5,53,1,xgb,mouse,0.48903143405914307
45,5,58,1,xgb,mouse,0.49462246894836426
45,5,60,1,xgb,mouse,0.48793792724609375
45,5,69,1,xgb,mouse,0.49462246894836426
45,5,77,1,xgb,mouse,0.4889916181564331
45,5,84,0,xgb,mouse,0.490833580493927
45,5,87,0,xgb,mouse,0.4840873181819916
45,5,91,0,xgb,mouse,0.49581682682037354
45,5,94,1,xgb,mouse,0.49462246894836426
45,5,100,0,xgb,demographic,0.6418315172195435
45,5,16,1,xgb,demographic,0.489912211894989
45,5,21,0,xgb,demographic,0.3206489384174347
45,5,40,0,xgb,demographic,0.489912211894989
45,5,50,1,xgb,demographic,0.7384935617446899
45,5,53,1,xgb,demographic,0.879192054271698
45,5,58,1,xgb,demographic,0.4009738564491272
45,5,60,1,xgb,demographic,0.43429258465766907
45,5,69,1,xgb,demographic,0.8976947069168091
45,5,77,1,xgb,demographic,0.7602606415748596
45,5,84,0,xgb,demographic,0.266212522983551
45,5,87,0,xgb,demographic,0.19394080340862274
45,5,91,0,xgb,demographic,0.903140664100647
45,5,94,1,xgb,demographic,0.5937473773956299
45,5,100,0,xgb,time,0.19347237050533295
45,5,16,1,xgb,time,0.0999007374048233
45,5,21,0,xgb,time,0.6897626519203186
45,5,40,0,xgb,time,0.15966549515724182
45,5,50,1,xgb,time,0.8361218571662903
45,5,53,1,xgb,time,0.16354785859584808
45,5,58,1,xgb,time,0.8715378642082214
45,5,60,1,xgb,time,0.6020087003707886
45,5,69,1,xgb,time,0.7594583034515381
45,5,77,1,xgb,time,0.8684272766113281
45,5,84,0,xgb,time,0.3621870279312134
45,5,87,0,xgb,time,0.49430495500564575
45,5,91,0,xgb,time,0.518245279788971
45,5,94,1,xgb,time,0.8115286827087402
45,5,100,0,xgb,combined,0.6551689505577087
45,5,16,1,xgb,combined,0.4732602536678314
45,5,21,0,xgb,combined,0.2802387475967407
45,5,40,0,xgb,combined,0.4732602536678314
45,5,50,1,xgb,combined,0.6774201989173889
45,5,53,1,xgb,combined,0.8941940665245056
45,5,58,1,xgb,combined,0.43689611554145813
45,5,60,1,xgb,combined,0.4306361675262451
45,5,69,1,xgb,combined,0.9137933850288391
45,5,77,1,xgb,combined,0.8053364753723145
45,5,84,0,xgb,combined,0.3067532777786255
45,5,87,0,xgb,combined,0.21508611738681793
45,5,91,0,xgb,combined,0.8981478810310364
45,5,94,1,xgb,combined,0.5941913723945618
45,5,100,0,xgb,mouse_time,0.21128010749816895
45,5,16,1,xgb,mouse_time,0.09109508991241455
45,5,21,0,xgb,mouse_time,0.667725682258606
45,5,40,0,xgb,mouse_time,0.1589786559343338
45,5,50,1,xgb,mouse_time,0.842842698097229
45,5,53,1,xgb,mouse_time,0.20410160720348358
45,5,58,1,xgb,mouse_time,0.8855931162834167
45,5,60,1,xgb,mouse_time,0.6038116812705994
45,5,69,1,xgb,mouse_time,0.7316585183143616
45,5,77,1,xgb,mouse_time,0.8718412518501282
45,5,84,0,xgb,mouse_time,0.42383867502212524
45,5,87,0,xgb,mouse_time,0.5107512474060059
45,5,91,0,xgb,mouse_time,0.5115718841552734
45,5,94,1,xgb,mouse_time,0.8285833597183228
45,5,100,0,xgb,demographic_time,0.25846919417381287
45,5,16,1,xgb,demographic_time,0.08596394211053848
45,5,21,0,xgb,demographic_time,0.6542076468467712
45,5,40,0,xgb,demographic_time,0.16671042144298553
45,5,50,1,xgb,demographic_time,0.8320542573928833
45,5,53,1,xgb,demographic_time,0.2788807451725006
45,5,58,1,xgb,demographic_time,0.8674858212471008
45,5,60,1,xgb,demographic_time,0.5430477261543274
45,5,69,1,xgb,demographic_time,0.7203425765037537
45,5,77,1,xgb,demographic_time,0.885047435760498
45,5,84,0,xgb,demographic_time,0.4263843894004822
45,5,87,0,xgb,demographic_time,0.487436980009079
45,5,91,0,xgb,demographic_time,0.49884775280952454
45,5,94,1,xgb,demographic_time,0.8640686273574829
45,5,100,0,xgb,all,0.2631784677505493
45,5,16,1,xgb,all,0.07674571126699448
45,5,21,0,xgb,all,0.6547296047210693
45,5,40,0,xgb,all,0.1619763821363449
45,5,50,1,xgb,all,0.8412903547286987
45,5,53,1,xgb,all,0.2790965735912323
45,5,58,1,xgb,all,0.8722888231277466
45,5,60,1,xgb,all,0.5153635144233704
45,5,69,1,xgb,all,0.7072803378105164
45,5,77,1,xgb,all,0.8885303735733032
45,5,84,0,xgb,all,0.4478255808353424
45,5,87,0,xgb,all,0.4984765648841858
45,5,91,0,xgb,all,0.5115527510643005
45,5,94,1,xgb,all,0.8816236853599548
46,1,101,0,rf,mouse,0.4966479006214656
46,1,21,0,rf,mouse,0.49877585919470724
46,1,28,0,rf,mouse,0.5007411602045165
46,1,3,1,rf,mouse,0.498681388456626
46,1,34,0,rf,mouse,0.4999509456661754
46,1,45,1,rf,mouse,0.4970972904112123
46,1,53,1,rf,mouse,0.4981511602302541
46,1,54,1,rf,mouse,0.5003748655461504
46,1,6,0,rf,mouse,0.4950627153675533
46,1,62,1,rf,mouse,0.5005865567834371
46,1,66,1,rf,mouse,0.504061706884381
46,1,68,1,rf,mouse,0.49653789365947987
46,1,78,0,rf,mouse,0.5012777817848988
46,1,94,1,rf,mouse,0.5013269896077184
46,1,95,0,rf,mouse,0.494466376901597
46,1,101,0,rf,demographic,0.5032536436373405
46,1,21,0,rf,demographic,0.49745898687401324
46,1,28,0,rf,demographic,0.49540502395745517
46,1,3,1,rf,demographic,0.49862311847209895
46,1,34,0,rf,demographic,0.458242825252649
46,1,45,1,rf,demographic,0.458242825252649
46,1,53,1,rf,demographic,0.974372989008174
46,1,54,1,rf,demographic,0.28334560024262334
46,1,6,0,rf,demographic,0.26440415914125187
46,1,62,1,rf,demographic,0.500031534662698
46,1,66,1,rf,demographic,0.7096788943311112
46,1,68,1,rf,demographic,0.458242825252649
46,1,78,0,rf,demographic,0.40596269546237346
46,1,94,1,rf,demographic,0.49182245066534114
46,1,95,0,rf,demographic,0.27104570751512724
46,1,101,0,rf,time,0.1721382531992292
46,1,21,0,rf,time,0.5131476904392757
46,1,28,0,rf,time,0.2351518663401903
46,1,3,1,rf,time,0.9326833333879285
46,1,34,0,rf,time,0.22226414873659617
46,1,45,1,rf,time,0.48559538717377004
46,1,53,1,rf,time,0.33396177362377366
46,1,54,1,rf,time,0.42265994715007915
46,1,6,0,rf,time,0.1920410342399192
46,1,62,1,rf,time,0.8435896735937105
46,1,66,1,rf,time,0.9042298441565004
46,1,68,1,rf,time,0.4540135058471062
46,1,78,0,rf,time,0.6921345495283142
46,1,94,1,rf,time,0.8342332384945657
46,1,95,0,rf,time,0.6598097228830639
46,1,101,0,rf,combined,0.5051999350884491
46,1,21,0,rf,combined,0.4751261900269669
46,1,28,0,rf,combined,0.47121028536179843
46,1,3,1,rf,combined,0.47592933792300085
46,1,34,0,rf,combined,0.4241248759535338
46,1,45,1,rf,combined,0.42446501312259244
46,1,53,1,rf,combined,0.9323467761084543
46,1,54,1,rf,combined,0.33936430949355406
46,1,6,0,rf,combined,0.38122037596517083
46,1,62,1,rf,combined,0.4807673092446729
46,1,66,1,rf,combined,0.5761849158586229
46,1,68,1,rf,combined,0.4230938020559505
46,1,78,0,rf,combined,0.34215720743946665
46,1,94,1,rf,combined,0.4933162059926833
46,1,95,0,rf,combined,0.27996544610894347
46,1,101,0,rf,mouse_time,0.13318687453274108
46,1,21,0,rf,mouse_time,0.5364189018381376
46,1,28,0,rf,mouse_time,0.2573773802114858
46,1,3,1,rf,mouse_time,0.8988179340982999
46,1,34,0,rf,mouse_time,0.1653666533111257
46,1,45,1,rf,mouse_time,0.4720849621564761
46,1,53,1,rf,mouse_time,0.3175807992637878
46,1,54,1,rf,mouse_time,0.4384046739923253
46,1,6,0,rf,mouse_time,0.2103112803640325
46,1,62,1,rf,mouse_time,0.7959052914876359
46,1,66,1,rf,mouse_time,0.8858859148323355
46,1,68,1,rf,mouse_time,0.4365015425584814
46,1,78,0,rf,mouse_time,0.7184050166775613
46,1,94,1,rf,mouse_time,0.8436323448842984
46,1,95,0,rf,mouse_time,0.6650228832017271
46,1,101,0,rf,demographic_time,0.16798437342717154
46,1,21,0,rf,demographic_time,0.5973577893985611
46,1,28,0,rf,demographic_time,0.2754025127211568
46,1,3,1,rf,demographic_time,0.8920631684806078
46,1,34,0,rf,demographic_time,0.19691744008470524
46,1,45,1,rf,demographic_time,0.49781439630919905
46,1,53,1,rf,demographic_time,0.3669098296418469
46,1,54,1,rf,demographic_time,0.4504112550140091
46,1,6,0,rf,demographic_time,0.2296999174438215
46,1,62,1,rf,demographic_time,0.7941807020046087
46,1,66,1,rf,demographic_time,0.8621834714509294
46,1,68,1,rf,demographic_time,0.4750915180190328
46,1,78,0,rf,demographic_time,0.7220835366741937
46,1,94,1,rf,demographic_time,0.8052781675887491
46,1,95,0,rf,demographic_time,0.6462510138638102
46,1,101,0,rf,all,0.1663692102199095
46,1,21,0,rf,all,0.5793847652385554
46,1,28,0,rf,all,0.25663204782396576
46,1,3,1,rf,all,0.8630042461990343
46,1,34,0,rf,all,0.14049038008179843
46,1,45,1,rf,all,0.5161803947153072
46,1,53,1,rf,all,0.3667373257910581
46,1,54,1,rf,all,0.4797393871240483
46,1,6,0,rf,all,0.19641257131684275
46,1,62,1,rf,all,0.7787818614079012
46,1,66,1,rf,all,0.8582413382537528
46,1,68,1,rf,all,0.437795561730611
46,1,78,0,rf,all,0.746333957622481
46,1,94,1,rf,all,0.8207242651872676
46,1,95,0,rf,all,0.7155080516441035
46,1,101,0,xgb,mouse,0.49814698100090027
46,1,21,0,xgb,mouse,0.49814698100090027
46,1,28,0,xgb,mouse,0.5018423795700073
46,1,3,1,xgb,mouse,0.4995099902153015
46,1,34,0,xgb,mouse,0.5017591714859009
46,1,45,1,xgb,mouse,0.49627581238746643
46,1,53,1,xgb,mouse,0.49814698100090027
46,1,54,1,xgb,mouse,0.49964258074760437
46,1,6,0,xgb,mouse,0.4953984022140503
46,1,62,1,xgb,mouse,0.5017591714859009
46,1,66,1,xgb,mouse,0.5059136152267456
46,1,68,1,xgb,mouse,0.49627581238746643
46,1,78,0,xgb,mouse,0.5037407875061035
46,1,94,1,xgb,mouse,0.503254771232605
46,1,95,0,xgb,mouse,0.49489039182662964
46,1,101,0,xgb,demographic,0.6388892531394958
46,1,21,0,xgb,demographic,0.48988863825798035
46,1,28,0,xgb,demographic,0.4376043379306793
46,1,3,1,xgb,demographic,0.5951749086380005
46,1,34,0,xgb,demographic,0.45416995882987976
46,1,45,1,xgb,demographic,0.45416995882987976
46,1,53,1,xgb,demographic,0.8569731712341309
46,1,54,1,xgb,demographic,0.24133679270744324
46,1,6,0,xgb,demographic,0.31642070412635803
46,1,62,1,xgb,demographic,0.5649818778038025
46,1,66,1,xgb,demographic,0.621272087097168
46,1,68,1,xgb,demographic,0.45416995882987976
46,1,78,0,xgb,demographic,0.34851133823394775
46,1,94,1,xgb,demographic,0.5399935245513916
46,1,95,0,xgb,demographic,0.26195746660232544
46,1,101,0,xgb,time,0.12276092916727066
46,1,21,0,xgb,time,0.5923542380332947
46,1,28,0,xgb,time,0.23367950320243835
46,1,3,1,xgb,time,0.9259888529777527
46,1,34,0,xgb,time,0.10884477943181992
46,1,45,1,xgb,time,0.3039781451225281
46,1,53,1,xgb,time,0.2635112702846527
46,1,54,1,xgb,time,0.43981271982192993
46,1,6,0,xgb,time,0.1081741452217102
46,1,62,1,xgb,time,0.8981277346611023
46,1,66,1,xgb,time,0.949123203754425
46,1,68,1,xgb,time,0.25612178444862366
46,1,78,0,xgb,time,0.6836063861846924
46,1,94,1,xgb,time,0.9093872308731079
46,1,95,0,xgb,time,0.7188100218772888
46,1,101,0,xgb,combined,0.6378465294837952
46,1,21,0,xgb,combined,0.5017069578170776
46,1,28,0,xgb,combined,0.4687003791332245
46,1,3,1,xgb,combined,0.5670340061187744
46,1,34,0,xgb,combined,0.4286367893218994
46,1,45,1,xgb,combined,0.4286367893218994
46,1,53,1,xgb,combined,0.864854097366333
46,1,54,1,xgb,combined,0.2076673060655594
46,1,6,0,xgb,combined,0.33852556347846985
46,1,62,1,xgb,combined,0.5619771480560303
46,1,66,1,xgb,combined,0.6391026377677917
46,1,68,1,xgb,combined,0.4286367893218994
46,1,78,0,xgb,combined,0.35346612334251404
46,1,94,1,xgb,combined,0.5367868542671204
46,1,95,0,xgb,combined,0.26454973220825195
46,1,101,0,xgb,mouse_time,0.1406206637620926
46,1,21,0,xgb,mouse_time,0.6366109251976013
46,1,28,0,xgb,mouse_time,0.2528350055217743
46,1,3,1,xgb,mouse_time,0.9216167330741882
46,1,34,0,xgb,mouse_time,0.11500293016433716
46,1,45,1,xgb,mouse_time,0.2764337658882141
46,1,53,1,xgb,mouse_time,0.2682263255119324
46,1,54,1,xgb,mouse_time,0.49859246611595154
46,1,6,0,xgb,mouse_time,0.10833811014890671
46,1,62,1,xgb,mouse_time,0.8882341980934143
46,1,66,1,xgb,mouse_time,0.9369744658470154
46,1,68,1,xgb,mouse_time,0.3100211024284363
46,1,78,0,xgb,mouse_time,0.6945632696151733
46,1,94,1,xgb,mouse_time,0.9025737643241882
46,1,95,0,xgb,mouse_time,0.718683123588562
46,1,101,0,xgb,demographic_time,0.12760299444198608
46,1,21,0,xgb,demographic_time,0.5979299545288086
46,1,28,0,xgb,demographic_time,0.21360255777835846
46,1,3,1,xgb,demographic_time,0.9238842725753784
46,1,34,0,xgb,demographic_time,0.10699938237667084
46,1,45,1,xgb,demographic_time,0.2800999581813812
46,1,53,1,xgb,demographic_time,0.3394204080104828
46,1,54,1,xgb,demographic_time,0.3906540870666504
46,1,6,0,xgb,demographic_time,0.10956212878227234
46,1,62,1,xgb,demographic_time,0.8923957347869873
46,1,66,1,xgb,demographic_time,0.9408880472183228
46,1,68,1,xgb,demographic_time,0.2807047963142395
46,1,78,0,xgb,demographic_time,0.6661243438720703
46,1,94,1,xgb,demographic_time,0.9068456292152405
46,1,95,0,xgb,demographic_time,0.7119981050491333
46,1,101,0,xgb,all,0.12268190830945969
46,1,21,0,xgb,all,0.6035824418067932
46,1,28,0,xgb,all,0.2209644615650177
46,1,3,1,xgb,all,0.9224663972854614
46,1,34,0,xgb,all,0.11682699620723724
46,1,45,1,xgb,all,0.25680193305015564
46,1,53,1,xgb,all,0.375836044549942
46,1,54,1,xgb,all,0.3810622990131378
46,1,6,0,xgb,all,0.10965872555971146
46,1,62,1,xgb,all,0.8974255323410034
46,1,66,1,xgb,all,0.9331507086753845
46,1,68,1,xgb,all,0.2689066529273987
46,1,78,0,xgb,all,0.6429882645606995
46,1,94,1,xgb,all,0.9047452807426453
46,1,95,0,xgb,all,0.7094131708145142
46,2,13,1,rf,mouse,0.4908723230078129
46,2,14,0,rf,mouse,0.4854359693681517
46,2,15,1,rf,mouse,0.48648758708793227
46,2,19,1,rf,mouse,0.48808572881214557
46,2,2,0,rf,mouse,0.49954934177971
46,2,22,0,rf,mouse,0.4924128613465449
46,2,23,0,rf,mouse,0.4919681806719848
46,2,24,1,rf,mouse,0.4946290288956752
46,2,31,0,rf,mouse,0.493405515404597
46,2,50,1,rf,mouse,0.4913496111963749
46,2,58,1,rf,mouse,0.4947667817244844
46,2,60,1,rf,mouse,0.48708785738063165
46,2,82,1,rf,mouse,0.5162695810561435
46,2,84,0,rf,mouse,0.49326428046936777
46,2,91,0,rf,mouse,0.5038484729403976
46,2,13,1,rf,demographic,0.4967421774401249
46,2,14,0,rf,demographic,0.41478647704257077
46,2,15,1,rf,demographic,0.6277858653702771
46,2,19,1,rf,demographic,0.5827641537127548
46,2,2,0,rf,demographic,0.6063879604977658
46,2,22,0,rf,demographic,0.6493843892810692
46,2,23,0,rf,demographic,0.6341128117513334
46,2,24,1,rf,demographic,0.7680325582660317
46,2,31,0,rf,demographic,0.5539007451980573
46,2,50,1,rf,demographic,0.5865123928177787
46,2,58,1,rf,demographic,0.6341128117513334
46,2,60,1,rf,demographic,0.4271217833616035
46,2,82,1,rf,demographic,0.916598208363286
46,2,84,0,rf,demographic,0.19805899336644006
46,2,91,0,rf,demographic,0.8572813566759757
46,2,13,1,rf,time,0.6687443161291199
46,2,14,0,rf,time,0.3216633398192286
46,2,15,1,rf,time,0.6053410431552868
46,2,19,1,rf,time,0.6711051153464174
46,2,2,0,rf,time,0.6226501056677356
46,2,22,0,rf,time,0.36718004236524326
46,2,23,0,rf,time,0.5674422398662573
46,2,24,1,rf,time,0.347957803246487
46,2,31,0,rf,time,0.7586670522476198
46,2,50,1,rf,time,0.9127587975092935
46,2,58,1,rf,time,0.8942588274885697
46,2,60,1,rf,time,0.46778533428584074
46,2,82,1,rf,time,0.3354561676713549
46,2,84,0,rf,time,0.5686439666553426
46,2,91,0,rf,time,0.34697729307995895
46,2,13,1,rf,combined,0.5224005133240838
46,2,14,0,rf,combined,0.32347960452669355
46,2,15,1,rf,combined,0.5490459084876773
46,2,19,1,rf,combined,0.6443686451134485
46,2,2,0,rf,combined,0.5526674384864816
46,2,22,0,rf,combined,0.5895871725790408
46,2,23,0,rf,combined,0.5398279706717355
46,2,24,1,rf,combined,0.6329214611527406
46,2,31,0,rf,combined,0.47516995705959103
46,2,50,1,rf,combined,0.6351828429526792
46,2,58,1,rf,combined,0.5395648340260761
46,2,60,1,rf,combined,0.45311863375709177
46,2,82,1,rf,combined,0.9258055866383093
46,2,84,0,rf,combined,0.22242192253007217
46,2,91,0,rf,combined,0.9294565564528161
46,2,13,1,rf,mouse_time,0.6825326659082913
46,2,14,0,rf,mouse_time,0.27274275608063026
46,2,15,1,rf,mouse_time,0.6333341278337803
46,2,19,1,rf,mouse_time,0.6749319399836764
46,2,2,0,rf,mouse_time,0.5842080756443198
46,2,22,0,rf,mouse_time,0.34169378881204243
46,2,23,0,rf,mouse_time,0.5734083838610761
46,2,24,1,rf,mouse_time,0.3813452395401609
46,2,31,0,rf,mouse_time,0.7402393368836984
46,2,50,1,rf,mouse_time,0.8978089080771763
46,2,58,1,rf,mouse_time,0.8575345108681371
46,2,60,1,rf,mouse_time,0.5328175072277032
46,2,82,1,rf,mouse_time,0.36695829243566985
46,2,84,0,rf,mouse_time,0.627660302149394
46,2,91,0,rf,mouse_time,0.39366004560161394
46,2,13,1,rf,demographic_time,0.7305900733581788
46,2,14,0,rf,demographic_time,0.24943593136932907
46,2,15,1,rf,demographic_time,0.6407650750216358
46,2,19,1,rf,demographic_time,0.6237255535338231
46,2,2,0,rf,demographic_time,0.587568054095114
46,2,22,0,rf,demographic_time,0.3687284796633384
46,2,23,0,rf,demographic_time,0.5898257078108688
46,2,24,1,rf,demographic_time,0.3662400831788391
46,2,31,0,rf,demographic_time,0.7869605076580443
46,2,50,1,rf,demographic_time,0.8691849476199481
46,2,58,1,rf,demographic_time,0.8521376397878859
46,2,60,1,rf,demographic_time,0.47161670008999035
46,2,82,1,rf,demographic_time,0.5169860977921512
46,2,84,0,rf,demographic_time,0.6180615174668888
46,2,91,0,rf,demographic_time,0.48282294524647823
46,2,13,1,rf,all,0.718817621639959
46,2,14,0,rf,all,0.30439724921153716
46,2,15,1,rf,all,0.6509355204691035
46,2,19,1,rf,all,0.6663585990561406
46,2,2,0,rf,all,0.6168449795672196
46,2,22,0,rf,all,0.3864511275265118
46,2,23,0,rf,all,0.5296464562418366
46,2,24,1,rf,all,0.38870663449497284
46,2,31,0,rf,all,0.7494454565626507
46,2,50,1,rf,all,0.8924339870069098
46,2,58,1,rf,all,0.8817372631952394
46,2,60,1,rf,all,0.4674130086171638
46,2,82,1,rf,all,0.4897478840136218
46,2,84,0,rf,all,0.6759866393516198
46,2,91,0,rf,all,0.46360085813427004
46,2,13,1,xgb,mouse,0.4933609366416931
46,2,14,0,xgb,mouse,0.49215126037597656
46,2,15,1,xgb,mouse,0.4923187792301178
46,2,19,1,xgb,mouse,0.4933609366416931
46,2,2,0,xgb,mouse,0.5002533197402954
46,2,22,0,xgb,mouse,0.4933609366416931
46,2,23,0,xgb,mouse,0.49597853422164917
46,2,24,1,xgb,mouse,0.497543603181839
46,2,31,0,xgb,mouse,0.4934074878692627
46,2,50,1,xgb,mouse,0.4933609366416931
46,2,58,1,xgb,mouse,0.49976980686187744
46,2,60,1,xgb,mouse,0.4923187792301178
46,2,82,1,xgb,mouse,0.512645959854126
46,2,84,0,xgb,mouse,0.49597853422164917
46,2,91,0,xgb,mouse,0.505280613899231
46,2,13,1,xgb,demographic,0.5499074459075928
46,2,14,0,xgb,demographic,0.22318421304225922
46,2,15,1,xgb,demographic,0.5140873789787292
46,2,19,1,xgb,demographic,0.7141404151916504
46,2,2,0,xgb,demographic,0.5519930720329285
46,2,22,0,xgb,demographic,0.5140873789787292
46,2,23,0,xgb,demographic,0.5963854193687439
46,2,24,1,xgb,demographic,0.6195865869522095
46,2,31,0,xgb,demographic,0.5140873789787292
46,2,50,1,xgb,demographic,0.5283080339431763
46,2,58,1,xgb,demographic,0.5963854193687439
46,2,60,1,xgb,demographic,0.360118567943573
46,2,82,1,xgb,demographic,0.9236997365951538
46,2,84,0,xgb,demographic,0.22991019487380981
46,2,91,0,xgb,demographic,0.8483994603157043
46,2,13,1,xgb,time,0.4421639144420624
46,2,14,0,xgb,time,0.23439764976501465
46,2,15,1,xgb,time,0.42595094442367554
46,2,19,1,xgb,time,0.7242715954780579
46,2,2,0,xgb,time,0.6856269836425781
46,2,22,0,xgb,time,0.323351114988327
46,2,23,0,xgb,time,0.6975035071372986
46,2,24,1,xgb,time,0.14294493198394775
46,2,31,0,xgb,time,0.6488357782363892
46,2,50,1,xgb,time,0.8949172496795654
46,2,58,1,xgb,time,0.9640633463859558
46,2,60,1,xgb,time,0.6107432842254639
46,2,82,1,xgb,time,0.24015767872333527
46,2,84,0,xgb,time,0.6577193737030029
46,2,91,0,xgb,time,0.1825290471315384
46,2,13,1,xgb,combined,0.5777907967567444
46,2,14,0,xgb,combined,0.1785665601491928
46,2,15,1,xgb,combined,0.5054519176483154
46,2,19,1,xgb,combined,0.6774604320526123
46,2,2,0,xgb,combined,0.5351145267486572
46,2,22,0,xgb,combined,0.5054519176483154
46,2,23,0,xgb,combined,0.5886079668998718
46,2,24,1,xgb,combined,0.6187809705734253
46,2,31,0,xgb,combined,0.5054519176483154
46,2,50,1,xgb,combined,0.504737377166748
46,2,58,1,xgb,combined,0.5886079668998718
46,2,60,1,xgb,combined,0.3835015892982483
46,2,82,1,xgb,combined,0.9299794435501099
46,2,84,0,xgb,combined,0.2534199655056
46,2,91,0,xgb,combined,0.852433443069458
46,2,13,1,xgb,mouse_time,0.5150551199913025
46,2,14,0,xgb,mouse_time,0.20304033160209656
46,2,15,1,xgb,mouse_time,0.36369165778160095
46,2,19,1,xgb,mouse_time,0.75197434425354
46,2,2,0,xgb,mouse_time,0.6447635293006897
46,2,22,0,xgb,mouse_time,0.3555215895175934
46,2,23,0,xgb,mouse_time,0.7180512547492981
46,2,24,1,xgb,mouse_time,0.14971205592155457
46,2,31,0,xgb,mouse_time,0.6044021248817444
46,2,50,1,xgb,mouse_time,0.9164636135101318
46,2,58,1,xgb,mouse_time,0.9657324552536011
46,2,60,1,xgb,mouse_time,0.6178389191627502
46,2,82,1,xgb,mouse_time,0.21210230886936188
46,2,84,0,xgb,mouse_time,0.6194702386856079
46,2,91,0,xgb,mouse_time,0.16769784688949585
46,2,13,1,xgb,demographic_time,0.4514896869659424
46,2,14,0,xgb,demographic_time,0.2195422351360321
46,2,15,1,xgb,demographic_time,0.38165614008903503
46,2,19,1,xgb,demographic_time,0.7531948089599609
46,2,2,0,xgb,demographic_time,0.6451854109764099
46,2,22,0,xgb,demographic_time,0.33177995681762695
46,2,23,0,xgb,demographic_time,0.6957099437713623
46,2,24,1,xgb,demographic_time,0.15003803372383118
46,2,31,0,xgb,demographic_time,0.6256976127624512
46,2,50,1,xgb,demographic_time,0.9044888615608215
46,2,58,1,xgb,demographic_time,0.9662373661994934
46,2,60,1,xgb,demographic_time,0.5611352324485779
46,2,82,1,xgb,demographic_time,0.26550883054733276
46,2,84,0,xgb,demographic_time,0.6271304488182068
46,2,91,0,xgb,demographic_time,0.2087915688753128
46,2,13,1,xgb,all,0.46213728189468384
46,2,14,0,xgb,all,0.2265024334192276
46,2,15,1,xgb,all,0.4226382374763489
46,2,19,1,xgb,all,0.7404065728187561
46,2,2,0,xgb,all,0.6579343676567078
46,2,22,0,xgb,all,0.3428485095500946
46,2,23,0,xgb,all,0.668624222278595
46,2,24,1,xgb,all,0.14983072876930237
46,2,31,0,xgb,all,0.654731035232544
46,2,50,1,xgb,all,0.90142422914505
46,2,58,1,xgb,all,0.964328408241272
46,2,60,1,xgb,all,0.5731168985366821
46,2,82,1,xgb,all,0.262196809053421
46,2,84,0,xgb,all,0.6067278981208801
46,2,91,0,xgb,all,0.20248928666114807
46,3,16,1,rf,mouse,0.486418536686379
46,3,18,0,rf,mouse,0.48759326546663595
46,3,29,0,rf,mouse,0.486957740896628
46,3,40,0,rf,mouse,0.488968461459518
46,3,48,1,rf,mouse,0.4854118068628046
46,3,49,1,rf,mouse,0.4890111761254694
46,3,64,1,rf,mouse,0.4863177599537288
46,3,83,0,rf,mouse,0.484390313050992
46,3,85,0,rf,mouse,0.4890956968717646
46,3,86,0,rf,mouse,0.48616206147890006
46,3,89,0,rf,mouse,0.48162360570634055
46,3,9,1,rf,mouse,0.4848404793995201
46,3,97,1,rf,mouse,0.4884571206539295
46,3,98,1,rf,mouse,0.48623838876473213
46,3,99,1,rf,mouse,0.4842075531622798
46,3,16,1,rf,demographic,0.5632270661429829
46,3,18,0,rf,demographic,0.471532244785321
46,3,29,0,rf,demographic,0.36948550940107283
46,3,40,0,rf,demographic,0.5845343570435785
46,3,48,1,rf,demographic,0.36943684113443764
46,3,49,1,rf,demographic,0.623618001723797
46,3,64,1,rf,demographic,0.8274204494445663
46,3,83,0,rf,demographic,0.5545488268741755
46,3,85,0,rf,demographic,0.7227450371542125
46,3,86,0,rf,demographic,0.20958582077760185
46,3,89,0,rf,demographic,0.3609757796636827
46,3,9,1,rf,demographic,0.12033506616478293
46,3,97,1,rf,demographic,0.5667006995346892
46,3,98,1,rf,demographic,0.15140287980018707
46,3,99,1,rf,demographic,0.3841917658650874
46,3,16,1,rf,time,0.1804343562205896
46,3,18,0,rf,time,0.4603121492723982
46,3,29,0,rf,time,0.31957637879399137
46,3,40,0,rf,time,0.251838608774686
46,3,48,1,rf,time,0.5751964929929303
46,3,49,1,rf,time,0.9673769474379552
46,3,64,1,rf,time,0.21409339508037734
46,3,83,0,rf,time,0.44351603643730864
46,3,85,0,rf,time,0.47354744116438746
46,3,86,0,rf,time,0.6986633746024365
46,3,89,0,rf,time,0.16113338282357131
46,3,9,1,rf,time,0.5261429171541532
46,3,97,1,rf,time,0.6846097230252082
46,3,98,1,rf,time,0.5799148158212821
46,3,99,1,rf,time,0.4513390525170733
46,3,16,1,rf,combined,0.5079988547116605
46,3,18,0,rf,combined,0.5075494732511269
46,3,29,0,rf,combined,0.37125933473010364
46,3,40,0,rf,combined,0.5088393881156701
46,3,48,1,rf,combined,0.3689937538503876
46,3,49,1,rf,combined,0.6074699716931796
46,3,64,1,rf,combined,0.8122905237832427
46,3,83,0,rf,combined,0.5105871809467329
46,3,85,0,rf,combined,0.7320010055021453
46,3,86,0,rf,combined,0.2167303952597642
46,3,89,0,rf,combined,0.3747805536084453
46,3,9,1,rf,combined,0.12788533217740594
46,3,97,1,rf,combined,0.5161782692176324
46,3,98,1,rf,combined,0.21234272978829952
46,3,99,1,rf,combined,0.44609964172791594
46,3,16,1,rf,mouse_time,0.15116509004007703
46,3,18,0,rf,mouse_time,0.5307911762354423
46,3,29,0,rf,mouse_time,0.33955577424887623
46,3,40,0,rf,mouse_time,0.21345598830222418
46,3,48,1,rf,mouse_time,0.6476470656389359
46,3,49,1,rf,mouse_time,0.941956131501143
46,3,64,1,rf,mouse_time,0.19532020402433942
46,3,83,0,rf,mouse_time,0.5150074089838478
46,3,85,0,rf,mouse_time,0.5157444883522099
46,3,86,0,rf,mouse_time,0.644939244468706
46,3,89,0,rf,mouse_time,0.16034372826238985
46,3,9,1,rf,mouse_time,0.46528528272349884
46,3,97,1,rf,mouse_time,0.6948628639437728
46,3,98,1,rf,mouse_time,0.539994964279893
46,3,99,1,rf,mouse_time,0.3862574910263305
46,3,16,1,rf,demographic_time,0.15098318496285051
46,3,18,0,rf,demographic_time,0.5252066717747318
46,3,29,0,rf,demographic_time,0.3388227460211914
46,3,40,0,rf,demographic_time,0.28777973235032606
46,3,48,1,rf,demographic_time,0.5626245172658544
46,3,49,1,rf,demographic_time,0.9636679780907567
46,3,64,1,rf,demographic_time,0.31107233720476274
46,3,83,0,rf,demographic_time,0.5070359968151932
46,3,85,0,rf,demographic_time,0.5400361538973832
46,3,86,0,rf,demographic_time,0.6874331231770563
46,3,89,0,rf,demographic_time,0.13715783421501793
46,3,9,1,rf,demographic_time,0.4703149220924461
46,3,97,1,rf,demographic_time,0.6632738680315564
46,3,98,1,rf,demographic_time,0.49172891927349377
46,3,99,1,rf,demographic_time,0.39700402128450485
46,3,16,1,rf,all,0.1272423468945318
46,3,18,0,rf,all,0.5218153897975892
46,3,29,0,rf,all,0.29105912245065824
46,3,40,0,rf,all,0.2479633793697717
46,3,48,1,rf,all,0.6137130873627488
46,3,49,1,rf,all,0.9637299813328699
46,3,64,1,rf,all,0.3083539128098141
46,3,83,0,rf,all,0.47037326236280064
46,3,85,0,rf,all,0.5004334758698983
46,3,86,0,rf,all,0.6292575579152473
46,3,89,0,rf,all,0.1583375234660061
46,3,9,1,rf,all,0.4698299189932989
46,3,97,1,rf,all,0.6297243564099666
46,3,98,1,rf,all,0.568113587833082
46,3,99,1,rf,all,0.43339735931258405
46,3,16,1,xgb,mouse,0.49006417393684387
46,3,18,0,xgb,mouse,0.4907078146934509
46,3,29,0,xgb,mouse,0.4915350377559662
46,3,40,0,xgb,mouse,0.49521246552467346
46,3,48,1,xgb,mouse,0.49006417393684387
46,3,49,1,xgb,mouse,0.49438440799713135
46,3,64,1,xgb,mouse,0.49006417393684387
46,3,83,0,xgb,mouse,0.48929542303085327
46,3,85,0,xgb,mouse,0.49505022168159485
46,3,86,0,xgb,mouse,0.49006417393684387
46,3,89,0,xgb,mouse,0.4883320927619934
46,3,9,1,xgb,mouse,0.48929542303085327
46,3,97,1,xgb,mouse,0.4940826892852783
46,3,98,1,xgb,mouse,0.4937809705734253
46,3,99,1,xgb,mouse,0.48929542303085327
46,3,16,1,xgb,demographic,0.5206481218338013
46,3,18,0,xgb,demographic,0.6003968119621277
46,3,29,0,xgb,demographic,0.2293577939271927
46,3,40,0,xgb,demographic,0.5206481218338013
46,3,48,1,xgb,demographic,0.2293577939271927
46,3,49,1,xgb,demographic,0.6411834359169006
46,3,64,1,xgb,demographic,0.9026540517807007
46,3,83,0,xgb,demographic,0.7626221776008606
46,3,85,0,xgb,demographic,0.6157849431037903
46,3,86,0,xgb,demographic,0.14578092098236084
46,3,89,0,xgb,demographic,0.2614288330078125
46,3,9,1,xgb,demographic,0.05070082098245621
46,3,97,1,xgb,demographic,0.5995773077011108
46,3,98,1,xgb,demographic,0.1680043339729309
46,3,99,1,xgb,demographic,0.5813664197921753
46,3,16,1,xgb,time,0.1098184883594513
46,3,18,0,xgb,time,0.8546322584152222
46,3,29,0,xgb,time,0.3384860157966614
46,3,40,0,xgb,time,0.05384138226509094
46,3,48,1,xgb,time,0.7865822911262512
46,3,49,1,xgb,time,0.9570534825325012
46,3,64,1,xgb,time,0.12738925218582153
46,3,83,0,xgb,time,0.38242775201797485
46,3,85,0,xgb,time,0.21806694567203522
46,3,86,0,xgb,time,0.7311676740646362
46,3,89,0,xgb,time,0.14850401878356934
46,3,9,1,xgb,time,0.6578632593154907
46,3,97,1,xgb,time,0.7772129774093628
46,3,98,1,xgb,time,0.5098493695259094
46,3,99,1,xgb,time,0.5453928709030151
46,3,16,1,xgb,combined,0.5137649774551392
46,3,18,0,xgb,combined,0.5959847569465637
46,3,29,0,xgb,combined,0.2701074182987213
46,3,40,0,xgb,combined,0.5137649774551392
46,3,48,1,xgb,combined,0.2701074182987213
46,3,49,1,xgb,combined,0.6223750114440918
46,3,64,1,xgb,combined,0.8978868722915649
46,3,83,0,xgb,combined,0.7899854779243469
46,3,85,0,xgb,combined,0.66986083984375
46,3,86,0,xgb,combined,0.1588536947965622
46,3,89,0,xgb,combined,0.292515367269516
46,3,9,1,xgb,combined,0.079506516456604
46,3,97,1,xgb,combined,0.5936585664749146
46,3,98,1,xgb,combined,0.1856107860803604
46,3,99,1,xgb,combined,0.5750506520271301
46,3,16,1,xgb,mouse_time,0.1349523365497589
46,3,18,0,xgb,mouse_time,0.8266277313232422
46,3,29,0,xgb,mouse_time,0.3460385799407959
46,3,40,0,xgb,mouse_time,0.060858674347400665
46,3,48,1,xgb,mouse_time,0.7441009283065796
46,3,49,1,xgb,mouse_time,0.9675307869911194
46,3,64,1,xgb,mouse_time,0.11459480971097946
46,3,83,0,xgb,mouse_time,0.2856833338737488
46,3,85,0,xgb,mouse_time,0.23255203664302826
46,3,86,0,xgb,mouse_time,0.7394378185272217
46,3,89,0,xgb,mouse_time,0.18189875781536102
46,3,9,1,xgb,mouse_time,0.6127800345420837
46,3,97,1,xgb,mouse_time,0.7924512028694153
46,3,98,1,xgb,mouse_time,0.4419298470020294
46,3,99,1,xgb,mouse_time,0.5239538550376892
46,3,16,1,xgb,demographic_time,0.1164529100060463
46,3,18,0,xgb,demographic_time,0.8194093108177185
46,3,29,0,xgb,demographic_time,0.3497413992881775
46,3,40,0,xgb,demographic_time,0.08609167486429214
46,3,48,1,xgb,demographic_time,0.7466045022010803
46,3,49,1,xgb,demographic_time,0.963532567024231
46,3,64,1,xgb,demographic_time,0.20859459042549133
46,3,83,0,xgb,demographic_time,0.3167703449726105
46,3,85,0,xgb,demographic_time,0.35677745938301086
46,3,86,0,xgb,demographic_time,0.7153440117835999
46,3,89,0,xgb,demographic_time,0.1337207853794098
46,3,9,1,xgb,demographic_time,0.45434126257896423
46,3,97,1,xgb,demographic_time,0.7139791250228882
46,3,98,1,xgb,demographic_time,0.3947748839855194
46,3,99,1,xgb,demographic_time,0.37253209948539734
46,3,16,1,xgb,all,0.11018314957618713
46,3,18,0,xgb,all,0.8208422660827637
46,3,29,0,xgb,all,0.3930043578147888
46,3,40,0,xgb,all,0.10008375346660614
46,3,48,1,xgb,all,0.6661798357963562
46,3,49,1,xgb,all,0.9595885276794434
46,3,64,1,xgb,all,0.202667698264122
46,3,83,0,xgb,all,0.33162665367126465
46,3,85,0,xgb,all,0.3779892325401306
46,3,86,0,xgb,all,0.783348798751831
46,3,89,0,xgb,all,0.11232255399227142
46,3,9,1,xgb,all,0.38863885402679443
46,3,97,1,xgb,all,0.6632310152053833
46,3,98,1,xgb,all,0.34325841069221497
46,3,99,1,xgb,all,0.37193214893341064
46,4,100,0,rf,mouse,0.4855704668903715
46,4,12,1,rf,mouse,0.5085973532307196
46,4,20,1,rf,mouse,0.48591918568416786
46,4,30,0,rf,mouse,0.488865885102594
46,4,35,0,rf,mouse,0.4855038956195613
46,4,36,0,rf,mouse,0.48692648211529416
46,4,41,0,rf,mouse,0.4857395772427091
46,4,42,1,rf,mouse,0.4972914925117369
46,4,46,1,rf,mouse,0.480617686850428
46,4,47,1,rf,mouse,0.4859716309252147
46,4,57,1,rf,mouse,0.4860606066332245
46,4,77,1,rf,mouse,0.49013277777951436
46,4,87,0,rf,mouse,0.5040982531711211
46,4,88,1,rf,mouse,0.48438698123250046
46,4,93,1,rf,mouse,0.48626047516496773
46,4,100,0,rf,demographic,0.9084917095829887
46,4,12,1,rf,demographic,0.8207137215200258
46,4,20,1,rf,demographic,0.236215248983215
46,4,30,0,rf,demographic,0.6001457670265654
46,4,35,0,rf,demographic,0.1974552320918224
46,4,36,0,rf,demographic,0.7155738726792102
46,4,41,0,rf,demographic,0.29950347651007686
46,4,42,1,rf,demographic,0.4942612987725548
46,4,46,1,rf,demographic,0.5135872471350892
46,4,47,1,rf,demographic,0.30119220733880436
46,4,57,1,rf,demographic,0.6899776914366297
46,4,77,1,rf,demographic,0.5154453172074684
46,4,87,0,rf,demographic,0.196669738377768
46,4,88,1,rf,demographic,0.585782809406983
46,4,93,1,rf,demographic,0.1438621383385636
46,4,100,0,rf,time,0.34217866034908095
46,4,12,1,rf,time,0.8758266062096078
46,4,20,1,rf,time,0.8614293288626147
46,4,30,0,rf,time,0.26321807709407563
46,4,35,0,rf,time,0.29970016556695916
46,4,36,0,rf,time,0.2855465840832967
46,4,41,0,rf,time,0.2715490833648045
46,4,42,1,rf,time,0.5784188769521095
46,4,46,1,rf,time,0.8212898840523778
46,4,47,1,rf,time,0.30022153663672524
46,4,57,1,rf,time,0.8283845229858418
46,4,77,1,rf,time,0.6252104147240034
46,4,87,0,rf,time,0.714800880021022
46,4,88,1,rf,time,0.7545555712676584
46,4,93,1,rf,time,0.42233470622819036
46,4,100,0,rf,combined,0.8447025837811445
46,4,12,1,rf,combined,0.7890889716419851
46,4,20,1,rf,combined,0.4974162057104432
46,4,30,0,rf,combined,0.5864147229654334
46,4,35,0,rf,combined,0.2508628285925638
46,4,36,0,rf,combined,0.7000799052142165
46,4,41,0,rf,combined,0.25832465794689885
46,4,42,1,rf,combined,0.47004863045974377
46,4,46,1,rf,combined,0.5399540249016647
46,4,47,1,rf,combined,0.34226753596395404
46,4,57,1,rf,combined,0.6898717500920014
46,4,77,1,rf,combined,0.5548958765492457
46,4,87,0,rf,combined,0.2503368880268278
46,4,88,1,rf,combined,0.49479843492826875
46,4,93,1,rf,combined,0.31428101727232993
46,4,100,0,rf,mouse_time,0.4255279523666883
46,4,12,1,rf,mouse_time,0.818689760888415
46,4,20,1,rf,mouse_time,0.8278498962614631
46,4,30,0,rf,mouse_time,0.3080091891359685
46,4,35,0,rf,mouse_time,0.3808776823661303
46,4,36,0,rf,mouse_time,0.21303743566931854
46,4,41,0,rf,mouse_time,0.2863683162455734
46,4,42,1,rf,mouse_time,0.5726172832654577
46,4,46,1,rf,mouse_time,0.7780005584238782
46,4,47,1,rf,mouse_time,0.31564953887302116
46,4,57,1,rf,mouse_time,0.7856201792084951
46,4,77,1,rf,mouse_time,0.6056171081905677
46,4,87,0,rf,mouse_time,0.6947269965122991
46,4,88,1,rf,mouse_time,0.7560970685610572
46,4,93,1,rf,mouse_time,0.3994423786132623
46,4,100,0,rf,demographic_time,0.4826598965177464
46,4,12,1,rf,demographic_time,0.8020276300144553
46,4,20,1,rf,demographic_time,0.8343543745176326
46,4,30,0,rf,demographic_time,0.2989872270317343
46,4,35,0,rf,demographic_time,0.3769876425425368
46,4,36,0,rf,demographic_time,0.2703695449762329
46,4,41,0,rf,demographic_time,0.2800422455131173
46,4,42,1,rf,demographic_time,0.5300067751060251
46,4,46,1,rf,demographic_time,0.7733541908812454
46,4,47,1,rf,demographic_time,0.3484619677435722
46,4,57,1,rf,demographic_time,0.7429426903950775
46,4,77,1,rf,demographic_time,0.5363784405180073
46,4,87,0,rf,demographic_time,0.6365195478916376
46,4,88,1,rf,demographic_time,0.7820904496447353
46,4,93,1,rf,demographic_time,0.39161266360404684
46,4,100,0,rf,all,0.42132144945152195
46,4,12,1,rf,all,0.8698915605342966
46,4,20,1,rf,all,0.8227655338825162
46,4,30,0,rf,all,0.31132693962662583
46,4,35,0,rf,all,0.3604534464015531
46,4,36,0,rf,all,0.24948178118520686
46,4,41,0,rf,all,0.22761153682033308
46,4,42,1,rf,all,0.5534641450723639
46,4,46,1,rf,all,0.8285633449516905
46,4,47,1,rf,all,0.3135436459030055
46,4,57,1,rf,all,0.7923186987595668
46,4,77,1,rf,all,0.6691268352772657
46,4,87,0,rf,all,0.6368631144269076
46,4,88,1,rf,all,0.7327270467714674
46,4,93,1,rf,all,0.39028218771964446
46,4,100,0,xgb,mouse,0.48713940382003784
46,4,12,1,xgb,mouse,0.5094072818756104
46,4,20,1,xgb,mouse,0.487133264541626
46,4,30,0,xgb,mouse,0.49421238899230957
46,4,35,0,xgb,mouse,0.4875032305717468
46,4,36,0,xgb,mouse,0.4898768365383148
46,4,41,0,xgb,mouse,0.48786088824272156
46,4,42,1,xgb,mouse,0.5029032826423645
46,4,46,1,xgb,mouse,0.4809217154979706
46,4,47,1,xgb,mouse,0.487133264541626
46,4,57,1,xgb,mouse,0.48786088824272156
46,4,77,1,xgb,mouse,0.4944034218788147
46,4,87,0,xgb,mouse,0.5054184198379517
46,4,88,1,xgb,mouse,0.4854043126106262
46,4,93,1,xgb,mouse,0.4870215654373169
46,4,100,0,xgb,demographic,0.7490060925483704
46,4,12,1,xgb,demographic,0.8113449811935425
46,4,20,1,xgb,demographic,0.583869457244873
46,4,30,0,xgb,demographic,0.6523421406745911
46,4,35,0,xgb,demographic,0.17574603855609894
46,4,36,0,xgb,demographic,0.6070895791053772
46,4,41,0,xgb,demographic,0.1337272971868515
46,4,42,1,xgb,demographic,0.48762425780296326
46,4,46,1,xgb,demographic,0.4407079517841339
46,4,47,1,xgb,demographic,0.7264240384101868
46,4,57,1,xgb,demographic,0.8113449811935425
46,4,77,1,xgb,demographic,0.4407079517841339
46,4,87,0,xgb,demographic,0.17574603855609894
46,4,88,1,xgb,demographic,0.5808476209640503
46,4,93,1,xgb,demographic,0.46689358353614807
46,4,100,0,xgb,time,0.24051138758659363
46,4,12,1,xgb,time,0.9201374650001526
46,4,20,1,xgb,time,0.852609395980835
46,4,30,0,xgb,time,0.19787272810935974
46,4,35,0,xgb,time,0.17962640523910522
46,4,36,0,xgb,time,0.22276504337787628
46,4,41,0,xgb,time,0.31641316413879395
46,4,42,1,xgb,time,0.6664977669715881
46,4,46,1,xgb,time,0.8921505808830261
46,4,47,1,xgb,time,0.20593437552452087
46,4,57,1,xgb,time,0.908322274684906
46,4,77,1,xgb,time,0.8124905824661255
46,4,87,0,xgb,time,0.3538918197154999
46,4,88,1,xgb,time,0.7543314695358276
46,4,93,1,xgb,time,0.44265908002853394
46,4,100,0,xgb,combined,0.7773985862731934
46,4,12,1,xgb,combined,0.8446221947669983
46,4,20,1,xgb,combined,0.6791602373123169
46,4,30,0,xgb,combined,0.6651536822319031
46,4,35,0,xgb,combined,0.21542353928089142
46,4,36,0,xgb,combined,0.5935040712356567
46,4,41,0,xgb,combined,0.15450504422187805
46,4,42,1,xgb,combined,0.4662865996360779
46,4,46,1,xgb,combined,0.41592225432395935
46,4,47,1,xgb,combined,0.6092902421951294
46,4,57,1,xgb,combined,0.8446221947669983
46,4,77,1,xgb,combined,0.41592225432395935
46,4,87,0,xgb,combined,0.21542353928089142
46,4,88,1,xgb,combined,0.4959754943847656
46,4,93,1,xgb,combined,0.34300509095191956
46,4,100,0,xgb,mouse_time,0.257556289434433
46,4,12,1,xgb,mouse_time,0.9317964911460876
46,4,20,1,xgb,mouse_time,0.8584282398223877
46,4,30,0,xgb,mouse_time,0.19275818765163422
46,4,35,0,xgb,mouse_time,0.16998228430747986
46,4,36,0,xgb,mouse_time,0.21786656975746155
46,4,41,0,xgb,mouse_time,0.3052840828895569
46,4,42,1,xgb,mouse_time,0.6439700722694397
46,4,46,1,xgb,mouse_time,0.9059565663337708
46,4,47,1,xgb,mouse_time,0.22049365937709808
46,4,57,1,xgb,mouse_time,0.9066139459609985
46,4,77,1,xgb,mouse_time,0.8183767199516296
46,4,87,0,xgb,mouse_time,0.34359943866729736
46,4,88,1,xgb,mouse_time,0.7534388899803162
46,4,93,1,xgb,mouse_time,0.4313100576400757
46,4,100,0,xgb,demographic_time,0.20286069810390472
46,4,12,1,xgb,demographic_time,0.9316193461418152
46,4,20,1,xgb,demographic_time,0.7873418927192688
46,4,30,0,xgb,demographic_time,0.16117624938488007
46,4,35,0,xgb,demographic_time,0.1948486715555191
46,4,36,0,xgb,demographic_time,0.14992785453796387
46,4,41,0,xgb,demographic_time,0.38475731015205383
46,4,42,1,xgb,demographic_time,0.6571989059448242
46,4,46,1,xgb,demographic_time,0.9073089361190796
46,4,47,1,xgb,demographic_time,0.16919894516468048
46,4,57,1,xgb,demographic_time,0.8568515181541443
46,4,77,1,xgb,demographic_time,0.8597645163536072
46,4,87,0,xgb,demographic_time,0.3959447741508484
46,4,88,1,xgb,demographic_time,0.8109208345413208
46,4,93,1,xgb,demographic_time,0.4112889766693115
46,4,100,0,xgb,all,0.22585232555866241
46,4,12,1,xgb,all,0.9184793829917908
46,4,20,1,xgb,all,0.815549910068512
46,4,30,0,xgb,all,0.1731349378824234
46,4,35,0,xgb,all,0.17933222651481628
46,4,36,0,xgb,all,0.17290079593658447
46,4,41,0,xgb,all,0.31817418336868286
46,4,42,1,xgb,all,0.6421418786048889
46,4,46,1,xgb,all,0.8999133706092834
46,4,47,1,xgb,all,0.20282939076423645
46,4,57,1,xgb,all,0.8379130959510803
46,4,77,1,xgb,all,0.8423855900764465
46,4,87,0,xgb,all,0.3771522343158722
46,4,88,1,xgb,all,0.8104801177978516
46,4,93,1,xgb,all,0.37382468581199646
46,5,10,0,rf,mouse,0.49416326534439736
46,5,11,1,rf,mouse,0.4937211676655101
46,5,17,1,rf,mouse,0.49357119868022875
46,5,26,0,rf,mouse,0.4940838873665117
46,5,27,1,rf,mouse,0.4940179829734433
46,5,38,0,rf,mouse,0.4934673832595232
46,5,39,0,rf,mouse,0.4938684878385562
46,5,5,1,rf,mouse,0.4966369356317517
46,5,51,1,rf,mouse,0.49480044078373614
46,5,69,1,rf,mouse,0.49661227286599424
46,5,70,0,rf,mouse,0.4956498650569855
46,5,79,0,rf,mouse,0.4934594448195783
46,5,8,1,rf,mouse,0.4971844137011893
46,5,92,1,rf,mouse,0.49702760926042266
46,5,10,0,rf,demographic,0.05950147469107382
46,5,11,1,rf,demographic,0.7929879398055037
46,5,17,1,rf,demographic,0.5862797361781893
46,5,26,0,rf,demographic,0.3185827070214385
46,5,27,1,rf,demographic,0.2922732572152219
46,5,38,0,rf,demographic,0.3132098052723608
46,5,39,0,rf,demographic,0.5869540547159208
46,5,5,1,rf,demographic,0.648199300338624
46,5,51,1,rf,demographic,0.56008132594886
46,5,69,1,rf,demographic,0.7654277520280662
46,5,70,0,rf,demographic,0.6476628352253646
46,5,79,0,rf,demographic,0.5825364597876705
46,5,8,1,rf,demographic,0.3963556051086724
46,5,92,1,rf,demographic,0.7988052289840536
46,5,10,0,rf,time,0.3796325888167128
46,5,11,1,rf,time,0.4164652624762274
46,5,17,1,rf,time,0.6152073851047795
46,5,26,0,rf,time,0.5507667688150027
46,5,27,1,rf,time,0.6308264430491276
46,5,38,0,rf,time,0.44453910831539856
46,5,39,0,rf,time,0.2995751682606037
46,5,5,1,rf,time,0.6903813795830124
46,5,51,1,rf,time,0.2811070157726937
46,5,69,1,rf,time,0.6481201262946119
46,5,70,0,rf,time,0.46442281393269697
46,5,79,0,rf,time,0.41256551196552865
46,5,8,1,rf,time,0.4985154997822784
46,5,92,1,rf,time,0.6738914374781355
46,5,10,0,rf,combined,0.1115470063418356
46,5,11,1,rf,combined,0.688720146657632
46,5,17,1,rf,combined,0.5667311775395238
46,5,26,0,rf,combined,0.39669451991142374
46,5,27,1,rf,combined,0.32907727204042203
46,5,38,0,rf,combined,0.317344742115378
46,5,39,0,rf,combined,0.5235565417222926
46,5,5,1,rf,combined,0.6072014800630205
46,5,51,1,rf,combined,0.5266096162986357
46,5,69,1,rf,combined,0.8205816093828956
46,5,70,0,rf,combined,0.6173430548572585
46,5,79,0,rf,combined,0.49523097763563123
46,5,8,1,rf,combined,0.30371287809243763
46,5,92,1,rf,combined,0.8196522947925262
46,5,10,0,rf,mouse_time,0.3186949113343986
46,5,11,1,rf,mouse_time,0.42773188234758647
46,5,17,1,rf,mouse_time,0.6103578956094434
46,5,26,0,rf,mouse_time,0.4993373860794391
46,5,27,1,rf,mouse_time,0.6433542527704914
46,5,38,0,rf,mouse_time,0.5592093823768134
46,5,39,0,rf,mouse_time,0.31830138485232634
46,5,5,1,rf,mouse_time,0.7431106686320202
46,5,51,1,rf,mouse_time,0.29108037612227805
46,5,69,1,rf,mouse_time,0.655485155910958
46,5,70,0,rf,mouse_time,0.3801015283193417
46,5,79,0,rf,mouse_time,0.4321974923261557
46,5,8,1,rf,mouse_time,0.4914122336836078
46,5,92,1,rf,mouse_time,0.7024569788236519
46,5,10,0,rf,demographic_time,0.34083718474450053
46,5,11,1,rf,demographic_time,0.5187149720530169
46,5,17,1,rf,demographic_time,0.6074970107914889
46,5,26,0,rf,demographic_time,0.5110254751585599
46,5,27,1,rf,demographic_time,0.6082512217143408
46,5,38,0,rf,demographic_time,0.4845287685017067
46,5,39,0,rf,demographic_time,0.3020738379244285
46,5,5,1,rf,demographic_time,0.7722755857035335
46,5,51,1,rf,demographic_time,0.302897563532021
46,5,69,1,rf,demographic_time,0.6831575472117162
46,5,70,0,rf,demographic_time,0.3774501724286024
46,5,79,0,rf,demographic_time,0.38269255491972165
46,5,8,1,rf,demographic_time,0.5197710451930879
46,5,92,1,rf,demographic_time,0.6509074234708843
46,5,10,0,rf,all,0.3048350066565122
46,5,11,1,rf,all,0.4138046036696548
46,5,17,1,rf,all,0.6393474746318578
46,5,26,0,rf,all,0.5718663970772393
46,5,27,1,rf,all,0.630199118537271
46,5,38,0,rf,all,0.5425759649570706
46,5,39,0,rf,all,0.31637905994583215
46,5,5,1,rf,all,0.7254700164074065
46,5,51,1,rf,all,0.3617628266510128
46,5,69,1,rf,all,0.6262572054589346
46,5,70,0,rf,all,0.39490235743554736
46,5,79,0,rf,all,0.47289012617216314
46,5,8,1,rf,all,0.5471234067059191
46,5,92,1,rf,all,0.6570264367033607
46,5,10,0,xgb,mouse,0.5012267827987671
46,5,11,1,xgb,mouse,0.5009521245956421
46,5,17,1,xgb,mouse,0.5011761784553528
46,5,26,0,xgb,mouse,0.5012823343276978
46,5,27,1,xgb,mouse,0.5005846619606018
46,5,38,0,xgb,mouse,0.5002383589744568
46,5,39,0,xgb,mouse,0.5009303689002991
46,5,5,1,xgb,mouse,0.5025634169578552
46,5,51,1,xgb,mouse,0.5009303689002991
46,5,69,1,xgb,mouse,0.5009303689002991
46,5,70,0,xgb,mouse,0.5031659603118896
46,5,79,0,xgb,mouse,0.5009303689002991
46,5,8,1,xgb,mouse,0.5031699538230896
46,5,92,1,xgb,mouse,0.5039948225021362
46,5,10,0,xgb,demographic,0.09346360713243484
46,5,11,1,xgb,demographic,0.6161667108535767
46,5,17,1,xgb,demographic,0.6508787274360657
46,5,26,0,xgb,demographic,0.3675246834754944
46,5,27,1,xgb,demographic,0.21562989056110382
46,5,38,0,xgb,demographic,0.13250654935836792
46,5,39,0,xgb,demographic,0.4574377238750458
46,5,5,1,xgb,demographic,0.5496271848678589
46,5,51,1,xgb,demographic,0.8017839193344116
46,5,69,1,xgb,demographic,0.882649838924408
46,5,70,0,xgb,demographic,0.7210273146629333
46,5,79,0,xgb,demographic,0.3382658064365387
46,5,8,1,xgb,demographic,0.1455688327550888
46,5,92,1,xgb,demographic,0.8577117323875427
46,5,10,0,xgb,time,0.23803098499774933
46,5,11,1,xgb,time,0.34785735607147217
46,5,17,1,xgb,time,0.6792382001876831
46,5,26,0,xgb,time,0.6256779432296753
46,5,27,1,xgb,time,0.5743618011474609
46,5,38,0,xgb,time,0.49316173791885376
46,5,39,0,xgb,time,0.2444387525320053
46,5,5,1,xgb,time,0.6848049759864807
46,5,51,1,xgb,time,0.2160932868719101
46,5,69,1,xgb,time,0.6527847647666931
46,5,70,0,xgb,time,0.32890158891677856
46,5,79,0,xgb,time,0.4005351662635803
46,5,8,1,xgb,time,0.460246741771698
46,5,92,1,xgb,time,0.687065064907074
46,5,10,0,xgb,combined,0.09954274445772171
46,5,11,1,xgb,combined,0.6179071664810181
46,5,17,1,xgb,combined,0.6626805067062378
46,5,26,0,xgb,combined,0.5090009570121765
46,5,27,1,xgb,combined,0.19953089952468872
46,5,38,0,xgb,combined,0.1002572625875473
46,5,39,0,xgb,combined,0.4794371426105499
46,5,5,1,xgb,combined,0.5626316666603088
46,5,51,1,xgb,combined,0.806821882724762
46,5,69,1,xgb,combined,0.8980239629745483
46,5,70,0,xgb,combined,0.7090166807174683
46,5,79,0,xgb,combined,0.34451010823249817
46,5,8,1,xgb,combined,0.1368362158536911
46,5,92,1,xgb,combined,0.8698652982711792
46,5,10,0,xgb,mouse_time,0.25878649950027466
46,5,11,1,xgb,mouse_time,0.32441216707229614
46,5,17,1,xgb,mouse_time,0.699777364730835
46,5,26,0,xgb,mouse_time,0.6512967944145203
46,5,27,1,xgb,mouse_time,0.5588782429695129
46,5,38,0,xgb,mouse_time,0.5181820392608643
46,5,39,0,xgb,mouse_time,0.27291473746299744
46,5,5,1,xgb,mouse_time,0.6899771094322205
46,5,51,1,xgb,mouse_time,0.21305319666862488
46,5,69,1,xgb,mouse_time,0.6676063537597656
46,5,70,0,xgb,mouse_time,0.3854016065597534
46,5,79,0,xgb,mouse_time,0.4142461121082306
46,5,8,1,xgb,mouse_time,0.4789772927761078
46,5,92,1,xgb,mouse_time,0.6655418276786804
46,5,10,0,xgb,demographic_time,0.24134792387485504
46,5,11,1,xgb,demographic_time,0.3300122022628784
46,5,17,1,xgb,demographic_time,0.6650989651679993
46,5,26,0,xgb,demographic_time,0.6453394889831543
46,5,27,1,xgb,demographic_time,0.5652462840080261
46,5,38,0,xgb,demographic_time,0.5378541350364685
46,5,39,0,xgb,demographic_time,0.2695690095424652
46,5,5,1,xgb,demographic_time,0.6811993718147278
46,5,51,1,xgb,demographic_time,0.21114672720432281
46,5,69,1,xgb,demographic_time,0.6270461678504944
46,5,70,0,xgb,demographic_time,0.3041282296180725
46,5,79,0,xgb,demographic_time,0.4257628619670868
46,5,8,1,xgb,demographic_time,0.4841203987598419
46,5,92,1,xgb,demographic_time,0.6908988356590271
46,5,10,0,xgb,all,0.22868812084197998
46,5,11,1,xgb,all,0.38772639632225037
46,5,17,1,xgb,all,0.7124283909797668
46,5,26,0,xgb,all,0.6975793838500977
46,5,27,1,xgb,all,0.5604935884475708
46,5,38,0,xgb,all,0.46284329891204834
46,5,39,0,xgb,all,0.23803606629371643
46,5,5,1,xgb,all,0.6882532238960266
46,5,51,1,xgb,all,0.21138063073158264
46,5,69,1,xgb,all,0.6462869644165039
46,5,70,0,xgb,all,0.36843350529670715
46,5,79,0,xgb,all,0.419848769903183
46,5,8,1,xgb,all,0.47431230545043945
46,5,92,1,xgb,all,0.6799256205558777
47,1,100,0,rf,mouse,0.4937449846828429
47,1,13,1,rf,mouse,0.4991287076401606
47,1,19,1,rf,mouse,0.494622325691887
47,1,21,0,rf,mouse,0.5000137514130666
47,1,22,0,rf,mouse,0.49709677642098676
47,1,24,1,rf,mouse,0.49835937845056427
47,1,28,0,rf,mouse,0.49761933227589206
47,1,3,1,rf,mouse,0.5000427657802239
47,1,31,0,rf,mouse,0.49856304156691095
47,1,36,0,rf,mouse,0.4919528102427703
47,1,49,1,rf,mouse,0.49993505786046244
47,1,51,1,rf,mouse,0.49856518760794105
47,1,91,0,rf,mouse,0.5027559651507589
47,1,92,1,rf,mouse,0.5029536347995551
47,1,97,1,rf,mouse,0.500112142294252
47,1,100,0,rf,demographic,0.7925891261915787
47,1,13,1,rf,demographic,0.5660709531632906
47,1,19,1,rf,demographic,0.7235824913278922
47,1,21,0,rf,demographic,0.5273681955615842
47,1,22,0,rf,demographic,0.5890927643008735
47,1,24,1,rf,demographic,0.8098349726212005
47,1,28,0,rf,demographic,0.5144204857028069
47,1,3,1,rf,demographic,0.5273681955615842
47,1,31,0,rf,demographic,0.47376988024177286
47,1,36,0,rf,demographic,0.5639511870758145
47,1,49,1,rf,demographic,0.7925891261915787
47,1,51,1,rf,demographic,0.6805632513066631
47,1,91,0,rf,demographic,0.9953290228541309
47,1,92,1,rf,demographic,0.9625059472328553
47,1,97,1,rf,demographic,0.5832904549702054
47,1,100,0,rf,time,0.4628135899931801
47,1,13,1,rf,time,0.783132121724514
47,1,19,1,rf,time,0.5915967356937697
47,1,21,0,rf,time,0.4384794305617052
47,1,22,0,rf,time,0.41867358367552204
47,1,24,1,rf,time,0.47169747741094004
47,1,28,0,rf,time,0.24824073896637783
47,1,3,1,rf,time,0.9515266428920126
47,1,31,0,rf,time,0.6516516727293762
47,1,36,0,rf,time,0.36054829452221193
47,1,49,1,rf,time,0.9447013932334658
47,1,51,1,rf,time,0.36727459060978396
47,1,91,0,rf,time,0.4356558373162918
47,1,92,1,rf,time,0.48423447322607005
47,1,97,1,rf,time,0.5977938236955656
47,1,100,0,rf,combined,0.5964098462837161
47,1,13,1,rf,combined,0.6884346270455706
47,1,19,1,rf,combined,0.6657217446608943
47,1,21,0,rf,combined,0.48247022234948644
47,1,22,0,rf,combined,0.42738216701204157
47,1,24,1,rf,combined,0.6215086650585265
47,1,28,0,rf,combined,0.4486297028071208
47,1,3,1,rf,combined,0.48300164161710823
47,1,31,0,rf,combined,0.4018193158736555
47,1,36,0,rf,combined,0.5037168696613914
47,1,49,1,rf,combined,0.6000970064576866
47,1,51,1,rf,combined,0.6756363447791817
47,1,91,0,rf,combined,0.9388177678981411
47,1,92,1,rf,combined,0.9456822070946158
47,1,97,1,rf,combined,0.5088547559421037
47,1,100,0,rf,mouse_time,0.3915518598492735
47,1,13,1,rf,mouse_time,0.8079364668172259
47,1,19,1,rf,mouse_time,0.606640827279198
47,1,21,0,rf,mouse_time,0.41608456010266864
47,1,22,0,rf,mouse_time,0.4469786116249881
47,1,24,1,rf,mouse_time,0.40639285446565426
47,1,28,0,rf,mouse_time,0.25428029142476216
47,1,3,1,rf,mouse_time,0.9526842396847165
47,1,31,0,rf,mouse_time,0.6962874674130815
47,1,36,0,rf,mouse_time,0.36743059347263657
47,1,49,1,rf,mouse_time,0.9345296621707473
47,1,51,1,rf,mouse_time,0.3083576634176562
47,1,91,0,rf,mouse_time,0.44879755389807885
47,1,92,1,rf,mouse_time,0.4951694131787859
47,1,97,1,rf,mouse_time,0.6184687591481158
47,1,100,0,rf,demographic_time,0.395821559079324
47,1,13,1,rf,demographic_time,0.8142361188286328
47,1,19,1,rf,demographic_time,0.6797296087487931
47,1,21,0,rf,demographic_time,0.5311719321009274
47,1,22,0,rf,demographic_time,0.4922873569212635
47,1,24,1,rf,demographic_time,0.3951469639743045
47,1,28,0,rf,demographic_time,0.27482027544057663
47,1,3,1,rf,demographic_time,0.9281033598088315
47,1,31,0,rf,demographic_time,0.6965394629216022
47,1,36,0,rf,demographic_time,0.31253553822192537
47,1,49,1,rf,demographic_time,0.9025758722476483
47,1,51,1,rf,demographic_time,0.3646563557779123
47,1,91,0,rf,demographic_time,0.4739406797273261
47,1,92,1,rf,demographic_time,0.5715717280358472
47,1,97,1,rf,demographic_time,0.6236902073905408
47,1,100,0,rf,all,0.4039128964676252
47,1,13,1,rf,all,0.8626417474452722
47,1,19,1,rf,all,0.6742013660526308
47,1,21,0,rf,all,0.5158423433828906
47,1,22,0,rf,all,0.5398936403257888
47,1,24,1,rf,all,0.394377070790957
47,1,28,0,rf,all,0.2643968935456291
47,1,3,1,rf,all,0.9413693641222546
47,1,31,0,rf,all,0.67662895982713
47,1,36,0,rf,all,0.3413986501286084
47,1,49,1,rf,all,0.9124430217766175
47,1,51,1,rf,all,0.39522989879987697
47,1,91,0,rf,all,0.4731718063808669
47,1,92,1,rf,all,0.551923843587309
47,1,97,1,rf,all,0.6224329337239012
47,1,100,0,xgb,mouse,0.49005234241485596
47,1,13,1,xgb,mouse,0.4993196427822113
47,1,19,1,xgb,mouse,0.4938294589519501
47,1,21,0,xgb,mouse,0.4993196427822113
47,1,22,0,xgb,mouse,0.4974990487098694
47,1,24,1,xgb,mouse,0.4993196427822113
47,1,28,0,xgb,mouse,0.4984198808670044
47,1,3,1,xgb,mouse,0.5012112259864807
47,1,31,0,xgb,mouse,0.49848470091819763
47,1,36,0,xgb,mouse,0.49005234241485596
47,1,49,1,xgb,mouse,0.49945297837257385
47,1,51,1,xgb,mouse,0.49775782227516174
47,1,91,0,xgb,mouse,0.5028915405273438
47,1,92,1,xgb,mouse,0.5049440860748291
47,1,97,1,xgb,mouse,0.4993196427822113
47,1,100,0,xgb,demographic,0.6327251195907593
47,1,13,1,xgb,demographic,0.4514124393463135
47,1,19,1,xgb,demographic,0.7433906197547913
47,1,21,0,xgb,demographic,0.44248780608177185
47,1,22,0,xgb,demographic,0.5629765391349792
47,1,24,1,xgb,demographic,0.6327251195907593
47,1,28,0,xgb,demographic,0.39179810881614685
47,1,3,1,xgb,demographic,0.4795268177986145
47,1,31,0,xgb,demographic,0.5059226751327515
47,1,36,0,xgb,demographic,0.5419461727142334
47,1,49,1,xgb,demographic,0.6327251195907593
47,1,51,1,xgb,demographic,0.8268924355506897
47,1,91,0,xgb,demographic,0.9294207692146301
47,1,92,1,xgb,demographic,0.9265071749687195
47,1,97,1,xgb,demographic,0.5600391030311584
47,1,100,0,xgb,time,0.400052011013031
47,1,13,1,xgb,time,0.772935152053833
47,1,19,1,xgb,time,0.8178889155387878
47,1,21,0,xgb,time,0.7139837741851807
47,1,22,0,xgb,time,0.5985139608383179
47,1,24,1,xgb,time,0.2733605206012726
47,1,28,0,xgb,time,0.20055274665355682
47,1,3,1,xgb,time,0.9755396842956543
47,1,31,0,xgb,time,0.5935637354850769
47,1,36,0,xgb,time,0.2667222321033478
47,1,49,1,xgb,time,0.9536205530166626
47,1,51,1,xgb,time,0.2648727297782898
47,1,91,0,xgb,time,0.23025162518024445
47,1,92,1,xgb,time,0.5711001753807068
47,1,97,1,xgb,time,0.5772852897644043
47,1,100,0,xgb,combined,0.6326165199279785
47,1,13,1,xgb,combined,0.37115365266799927
47,1,19,1,xgb,combined,0.7120737433433533
47,1,21,0,xgb,combined,0.42145201563835144
47,1,22,0,xgb,combined,0.6057223677635193
47,1,24,1,xgb,combined,0.6377131938934326
47,1,28,0,xgb,combined,0.37347811460494995
47,1,3,1,xgb,combined,0.4328940212726593
47,1,31,0,xgb,combined,0.5102312564849854
47,1,36,0,xgb,combined,0.5663361549377441
47,1,49,1,xgb,combined,0.6326165199279785
47,1,51,1,xgb,combined,0.7690893411636353
47,1,91,0,xgb,combined,0.9269850850105286
47,1,92,1,xgb,combined,0.9261033535003662
47,1,97,1,xgb,combined,0.5606149435043335
47,1,100,0,xgb,mouse_time,0.3463596701622009
47,1,13,1,xgb,mouse_time,0.7377108931541443
47,1,19,1,xgb,mouse_time,0.8306490778923035
47,1,21,0,xgb,mouse_time,0.7127683758735657
47,1,22,0,xgb,mouse_time,0.5525856018066406
47,1,24,1,xgb,mouse_time,0.26470887660980225
47,1,28,0,xgb,mouse_time,0.1907353550195694
47,1,3,1,xgb,mouse_time,0.9741110801696777
47,1,31,0,xgb,mouse_time,0.5896995067596436
47,1,36,0,xgb,mouse_time,0.28074952960014343
47,1,49,1,xgb,mouse_time,0.9512521028518677
47,1,51,1,xgb,mouse_time,0.24792635440826416
47,1,91,0,xgb,mouse_time,0.20991598069667816
47,1,92,1,xgb,mouse_time,0.6344580054283142
47,1,97,1,xgb,mouse_time,0.6344580054283142
47,1,100,0,xgb,demographic_time,0.4056764245033264
47,1,13,1,xgb,demographic_time,0.610837996006012
47,1,19,1,xgb,demographic_time,0.8996180295944214
47,1,21,0,xgb,demographic_time,0.8353005647659302
47,1,22,0,xgb,demographic_time,0.7832239866256714
47,1,24,1,xgb,demographic_time,0.29120880365371704
47,1,28,0,xgb,demographic_time,0.17231498658657074
47,1,3,1,xgb,demographic_time,0.9794307351112366
47,1,31,0,xgb,demographic_time,0.6680607199668884
47,1,36,0,xgb,demographic_time,0.2318752110004425
47,1,49,1,xgb,demographic_time,0.9429739713668823
47,1,51,1,xgb,demographic_time,0.37455397844314575
47,1,91,0,xgb,demographic_time,0.3909785747528076
47,1,92,1,xgb,demographic_time,0.7260359525680542
47,1,97,1,xgb,demographic_time,0.762137770652771
47,1,100,0,xgb,all,0.4083935618400574
47,1,13,1,xgb,all,0.58832848072052
47,1,19,1,xgb,all,0.8959711790084839
47,1,21,0,xgb,all,0.8375625610351562
47,1,22,0,xgb,all,0.7823241949081421
47,1,24,1,xgb,all,0.28676241636276245
47,1,28,0,xgb,all,0.17235788702964783
47,1,3,1,xgb,all,0.9789039492607117
47,1,31,0,xgb,all,0.7137842178344727
47,1,36,0,xgb,all,0.24339419603347778
47,1,49,1,xgb,all,0.9388517141342163
47,1,51,1,xgb,all,0.38825803995132446
47,1,91,0,xgb,all,0.4246061444282532
47,1,92,1,xgb,all,0.756477415561676
47,1,97,1,xgb,all,0.78436678647995
47,2,14,0,rf,mouse,0.48986203246679316
47,2,15,1,rf,mouse,0.4957471718816466
47,2,2,0,rf,mouse,0.4906256846297965
47,2,29,0,rf,mouse,0.49251215920016045
47,2,38,0,rf,mouse,0.48963008682813475
47,2,46,1,rf,mouse,0.4799349297198166
47,2,5,1,rf,mouse,0.49136665097236126
47,2,54,1,rf,mouse,0.49391890721733633
47,2,6,0,rf,mouse,0.48944209648966963
47,2,66,1,rf,mouse,0.4896452419213777
47,2,68,1,rf,mouse,0.48901222489947627
47,2,87,0,rf,mouse,0.4978410419439882
47,2,88,1,rf,mouse,0.4879138095109199
47,2,93,1,rf,mouse,0.4874749475594671
47,2,95,0,rf,mouse,0.4947506041786182
47,2,14,0,rf,demographic,0.4236455024107274
47,2,15,1,rf,demographic,0.31979328594554735
47,2,2,0,rf,demographic,0.5986248641206873
47,2,29,0,rf,demographic,0.5465096129962632
47,2,38,0,rf,demographic,0.24605616840518402
47,2,46,1,rf,demographic,0.6239595095546883
47,2,5,1,rf,demographic,0.5965272370004271
47,2,54,1,rf,demographic,0.3841365932081859
47,2,6,0,rf,demographic,0.23301871506701693
47,2,66,1,rf,demographic,0.6466294988261934
47,2,68,1,rf,demographic,0.31979328594554735
47,2,87,0,rf,demographic,0.15054829421536603
47,2,88,1,rf,demographic,0.6359260994010109
47,2,93,1,rf,demographic,0.42660222478082116
47,2,95,0,rf,demographic,0.3200165042739203
47,2,14,0,rf,time,0.18924642789205862
47,2,15,1,rf,time,0.6988253937933143
47,2,2,0,rf,time,0.6798301234326167
47,2,29,0,rf,time,0.6133056252264757
47,2,38,0,rf,time,0.5153371746546862
47,2,46,1,rf,time,0.8919358224555858
47,2,5,1,rf,time,0.8400699134729201
47,2,54,1,rf,time,0.38143788339312096
47,2,6,0,rf,time,0.19570173842331726
47,2,66,1,rf,time,0.9028672506325577
47,2,68,1,rf,time,0.494197219952738
47,2,87,0,rf,time,0.5531601191649663
47,2,88,1,rf,time,0.7134491477891285
47,2,93,1,rf,time,0.5418010538158092
47,2,95,0,rf,time,0.7383779582611707
47,2,14,0,rf,combined,0.4428371364853868
47,2,15,1,rf,combined,0.3308249621935787
47,2,2,0,rf,combined,0.4833433597933648
47,2,29,0,rf,combined,0.4980253752118111
47,2,38,0,rf,combined,0.2785638843499294
47,2,46,1,rf,combined,0.5753329687580905
47,2,5,1,rf,combined,0.5957351753165254
47,2,54,1,rf,combined,0.37915521640097916
47,2,6,0,rf,combined,0.3093050504929669
47,2,66,1,rf,combined,0.5360130567244539
47,2,68,1,rf,combined,0.32785535964708756
47,2,87,0,rf,combined,0.19903654359936618
47,2,88,1,rf,combined,0.53398511644904
47,2,93,1,rf,combined,0.4445061197600989
47,2,95,0,rf,combined,0.36846786028649453
47,2,14,0,rf,mouse_time,0.2438142064860293
47,2,15,1,rf,mouse_time,0.7192063825015882
47,2,2,0,rf,mouse_time,0.6570247285333031
47,2,29,0,rf,mouse_time,0.6033541190373651
47,2,38,0,rf,mouse_time,0.5107430172970304
47,2,46,1,rf,mouse_time,0.9000487492022735
47,2,5,1,rf,mouse_time,0.8122858139304403
47,2,54,1,rf,mouse_time,0.4149545312514401
47,2,6,0,rf,mouse_time,0.2721446771619547
47,2,66,1,rf,mouse_time,0.90178630421472
47,2,68,1,rf,mouse_time,0.46153516111374254
47,2,87,0,rf,mouse_time,0.5718232011177968
47,2,88,1,rf,mouse_time,0.7080247696919932
47,2,93,1,rf,mouse_time,0.4928539292965287
47,2,95,0,rf,mouse_time,0.7829187835005
47,2,14,0,rf,demographic_time,0.2035754961556321
47,2,15,1,rf,demographic_time,0.7239593943987328
47,2,2,0,rf,demographic_time,0.7110602944086429
47,2,29,0,rf,demographic_time,0.6282857741851915
47,2,38,0,rf,demographic_time,0.44211856951934764
47,2,46,1,rf,demographic_time,0.8863923711072648
47,2,5,1,rf,demographic_time,0.8443347938830488
47,2,54,1,rf,demographic_time,0.4356913304814206
47,2,6,0,rf,demographic_time,0.2239798198484837
47,2,66,1,rf,demographic_time,0.9129995596307723
47,2,68,1,rf,demographic_time,0.45185163569667175
47,2,87,0,rf,demographic_time,0.5831814795787761
47,2,88,1,rf,demographic_time,0.7490310592148912
47,2,93,1,rf,demographic_time,0.431655376959352
47,2,95,0,rf,demographic_time,0.7493322033796347
47,2,14,0,rf,all,0.21065738692170669
47,2,15,1,rf,all,0.7308684009857274
47,2,2,0,rf,all,0.6921167160761064
47,2,29,0,rf,all,0.6061680326197184
47,2,38,0,rf,all,0.440159973200711
47,2,46,1,rf,all,0.8651760028516196
47,2,5,1,rf,all,0.8060076620104566
47,2,54,1,rf,all,0.4973739294007028
47,2,6,0,rf,all,0.21041817215379285
47,2,66,1,rf,all,0.9344109963839842
47,2,68,1,rf,all,0.49749043610965815
47,2,87,0,rf,all,0.571540273989741
47,2,88,1,rf,all,0.7619136124587234
47,2,93,1,rf,all,0.509135581169119
47,2,95,0,rf,all,0.7073750499400047
47,2,14,0,xgb,mouse,0.492464154958725
47,2,15,1,xgb,mouse,0.5010938048362732
47,2,2,0,xgb,mouse,0.4871910810470581
47,2,29,0,xgb,mouse,0.49734780192375183
47,2,38,0,xgb,mouse,0.4871910810470581
47,2,46,1,xgb,mouse,0.48005375266075134
47,2,5,1,xgb,mouse,0.4944058060646057
47,2,54,1,xgb,mouse,0.5002973675727844
47,2,6,0,xgb,mouse,0.4871910810470581
47,2,66,1,xgb,mouse,0.4871910810470581
47,2,68,1,xgb,mouse,0.4871910810470581
47,2,87,0,xgb,mouse,0.5030121803283691
47,2,88,1,xgb,mouse,0.4871910810470581
47,2,93,1,xgb,mouse,0.4871910810470581
47,2,95,0,xgb,mouse,0.5002973675727844
47,2,14,0,xgb,demographic,0.35806843638420105
47,2,15,1,xgb,demographic,0.4404023289680481
47,2,2,0,xgb,demographic,0.5215622782707214
47,2,29,0,xgb,demographic,0.5478867888450623
47,2,38,0,xgb,demographic,0.09619211405515671
47,2,46,1,xgb,demographic,0.47534632682800293
47,2,5,1,xgb,demographic,0.46580469608306885
47,2,54,1,xgb,demographic,0.3092491030693054
47,2,6,0,xgb,demographic,0.26159989833831787
47,2,66,1,xgb,demographic,0.5772817134857178
47,2,68,1,xgb,demographic,0.4404023289680481
47,2,87,0,xgb,demographic,0.18842464685440063
47,2,88,1,xgb,demographic,0.5772817134857178
47,2,93,1,xgb,demographic,0.4898298680782318
47,2,95,0,xgb,demographic,0.24497424066066742
47,2,14,0,xgb,time,0.12607216835021973
47,2,15,1,xgb,time,0.321676105260849
47,2,2,0,xgb,time,0.6076064109802246
47,2,29,0,xgb,time,0.6359785795211792
47,2,38,0,xgb,time,0.7077186703681946
47,2,46,1,xgb,time,0.910995602607727
47,2,5,1,xgb,time,0.9297003149986267
47,2,54,1,xgb,time,0.5779958367347717
47,2,6,0,xgb,time,0.28171175718307495
47,2,66,1,xgb,time,0.9456586837768555
47,2,68,1,xgb,time,0.5672177076339722
47,2,87,0,xgb,time,0.33443453907966614
47,2,88,1,xgb,time,0.6582444310188293
47,2,93,1,xgb,time,0.688107430934906
47,2,95,0,xgb,time,0.7862568497657776
47,2,14,0,xgb,combined,0.34620457887649536
47,2,15,1,xgb,combined,0.40403303503990173
47,2,2,0,xgb,combined,0.48989972472190857
47,2,29,0,xgb,combined,0.5421238541603088
47,2,38,0,xgb,combined,0.11618182063102722
47,2,46,1,xgb,combined,0.42723405361175537
47,2,5,1,xgb,combined,0.4151592552661896
47,2,54,1,xgb,combined,0.26817014813423157
47,2,6,0,xgb,combined,0.2607916593551636
47,2,66,1,xgb,combined,0.60264652967453
47,2,68,1,xgb,combined,0.40403303503990173
47,2,87,0,xgb,combined,0.22457058727741241
47,2,88,1,xgb,combined,0.5625439882278442
47,2,93,1,xgb,combined,0.4520033001899719
47,2,95,0,xgb,combined,0.3010210692882538
47,2,14,0,xgb,mouse_time,0.1376163214445114
47,2,15,1,xgb,mouse_time,0.2757546007633209
47,2,2,0,xgb,mouse_time,0.6547370553016663
47,2,29,0,xgb,mouse_time,0.5848913788795471
47,2,38,0,xgb,mouse_time,0.6195448040962219
47,2,46,1,xgb,mouse_time,0.9042236804962158
47,2,5,1,xgb,mouse_time,0.9188482761383057
47,2,54,1,xgb,mouse_time,0.599719762802124
47,2,6,0,xgb,mouse_time,0.26032373309135437
47,2,66,1,xgb,mouse_time,0.9516136050224304
47,2,68,1,xgb,mouse_time,0.660797655582428
47,2,87,0,xgb,mouse_time,0.32090529799461365
47,2,88,1,xgb,mouse_time,0.68941730260849
47,2,93,1,xgb,mouse_time,0.6989395618438721
47,2,95,0,xgb,mouse_time,0.7818710207939148
47,2,14,0,xgb,demographic_time,0.13135331869125366
47,2,15,1,xgb,demographic_time,0.3069208264350891
47,2,2,0,xgb,demographic_time,0.695360004901886
47,2,29,0,xgb,demographic_time,0.564066469669342
47,2,38,0,xgb,demographic_time,0.5997539758682251
47,2,46,1,xgb,demographic_time,0.9124303460121155
47,2,5,1,xgb,demographic_time,0.912501871585846
47,2,54,1,xgb,demographic_time,0.5903770327568054
47,2,6,0,xgb,demographic_time,0.2320030927658081
47,2,66,1,xgb,demographic_time,0.9615535736083984
47,2,68,1,xgb,demographic_time,0.6558310389518738
47,2,87,0,xgb,demographic_time,0.3277227282524109
47,2,88,1,xgb,demographic_time,0.7077432870864868
47,2,93,1,xgb,demographic_time,0.6273531913757324
47,2,95,0,xgb,demographic_time,0.7315763235092163
47,2,14,0,xgb,all,0.13880369067192078
47,2,15,1,xgb,all,0.2837764322757721
47,2,2,0,xgb,all,0.7022405862808228
47,2,29,0,xgb,all,0.5867237448692322
47,2,38,0,xgb,all,0.5951668620109558
47,2,46,1,xgb,all,0.9289901256561279
47,2,5,1,xgb,all,0.9055514931678772
47,2,54,1,xgb,all,0.597009003162384
47,2,6,0,xgb,all,0.21242071688175201
47,2,66,1,xgb,all,0.9613587856292725
47,2,68,1,xgb,all,0.644812285900116
47,2,87,0,xgb,all,0.29888150095939636
47,2,88,1,xgb,all,0.7219494581222534
47,2,93,1,xgb,all,0.6142323613166809
47,2,95,0,xgb,all,0.7433741688728333
47,3,10,0,rf,mouse,0.4994313164005172
47,3,17,1,rf,mouse,0.5012386815155342
47,3,26,0,rf,mouse,0.5058314808654429
47,3,34,0,rf,mouse,0.5036300485658134
47,3,40,0,rf,mouse,0.5056115548145332
47,3,41,0,rf,mouse,0.4913536856723344
47,3,42,1,rf,mouse,0.49866857487558613
47,3,47,1,rf,mouse,0.4973948523220827
47,3,50,1,rf,mouse,0.4928357539305509
47,3,77,1,rf,mouse,0.49490072441138777
47,3,8,1,rf,mouse,0.508005486769152
47,3,84,0,rf,mouse,0.4970030334017578
47,3,85,0,rf,mouse,0.507030664760934
47,3,9,1,rf,mouse,0.4945243800067208
47,3,98,1,rf,mouse,0.4950659404250515
47,3,10,0,rf,demographic,0.11875684682055901
47,3,17,1,rf,demographic,0.5201329477607012
47,3,26,0,rf,demographic,0.38117898199312605
47,3,34,0,rf,demographic,0.6195801002861522
47,3,40,0,rf,demographic,0.6195801002861522
47,3,41,0,rf,demographic,0.15354170855157936
47,3,42,1,rf,demographic,0.49534211941422307
47,3,47,1,rf,demographic,0.39422272965984473
47,3,50,1,rf,demographic,0.6260724109400886
47,3,77,1,rf,demographic,0.7259701411093762
47,3,8,1,rf,demographic,0.18895376609947284
47,3,84,0,rf,demographic,0.21152217544503263
47,3,85,0,rf,demographic,0.7445236475240065
47,3,9,1,rf,demographic,0.1518022237460473
47,3,98,1,rf,demographic,0.16424290760270832
47,3,10,0,rf,time,0.46300288727033223
47,3,17,1,rf,time,0.4548948177970938
47,3,26,0,rf,time,0.4361948594639869
47,3,34,0,rf,time,0.23271671207649886
47,3,40,0,rf,time,0.24204078904742446
47,3,41,0,rf,time,0.3415427135960144
47,3,42,1,rf,time,0.6346199818299425
47,3,47,1,rf,time,0.18422439842156133
47,3,50,1,rf,time,0.8997427407562949
47,3,77,1,rf,time,0.6289505775400241
47,3,8,1,rf,time,0.5357681332029407
47,3,84,0,rf,time,0.6447594665034846
47,3,85,0,rf,time,0.5689074197731826
47,3,9,1,rf,time,0.4424539378995619
47,3,98,1,rf,time,0.7619958685639945
47,3,10,0,rf,combined,0.1673786274555882
47,3,17,1,rf,combined,0.5270931653312368
47,3,26,0,rf,combined,0.45651975705116576
47,3,34,0,rf,combined,0.5328186541835243
47,3,40,0,rf,combined,0.5333213505632652
47,3,41,0,rf,combined,0.223702972612792
47,3,42,1,rf,combined,0.49981634445795226
47,3,47,1,rf,combined,0.47360106629383736
47,3,50,1,rf,combined,0.5885917336745761
47,3,77,1,rf,combined,0.6950922235793708
47,3,8,1,rf,combined,0.18411554606961875
47,3,84,0,rf,combined,0.27405333951536626
47,3,85,0,rf,combined,0.773866683802926
47,3,9,1,rf,combined,0.2220891489726536
47,3,98,1,rf,combined,0.24761093455458857
47,3,10,0,rf,mouse_time,0.44393415197441277
47,3,17,1,rf,mouse_time,0.5192687616354112
47,3,26,0,rf,mouse_time,0.5117145058066199
47,3,34,0,rf,mouse_time,0.26596429409835753
47,3,40,0,rf,mouse_time,0.29785375531899144
47,3,41,0,rf,mouse_time,0.36992301801441096
47,3,42,1,rf,mouse_time,0.5485613494024533
47,3,47,1,rf,mouse_time,0.2091824267021921
47,3,50,1,rf,mouse_time,0.9120738520548928
47,3,77,1,rf,mouse_time,0.6631805120935584
47,3,8,1,rf,mouse_time,0.5766225143730159
47,3,84,0,rf,mouse_time,0.6404637965640052
47,3,85,0,rf,mouse_time,0.512830097512275
47,3,9,1,rf,mouse_time,0.516597041290883
47,3,98,1,rf,mouse_time,0.7517542428905155
47,3,10,0,rf,demographic_time,0.4339296917604262
47,3,17,1,rf,demographic_time,0.48192680535610793
47,3,26,0,rf,demographic_time,0.37460660808593965
47,3,34,0,rf,demographic_time,0.25505807773486383
47,3,40,0,rf,demographic_time,0.29191775514665935
47,3,41,0,rf,demographic_time,0.2600680066442616
47,3,42,1,rf,demographic_time,0.5691758444413552
47,3,47,1,rf,demographic_time,0.193444529327715
47,3,50,1,rf,demographic_time,0.8877386102363815
47,3,77,1,rf,demographic_time,0.7018083514538712
47,3,8,1,rf,demographic_time,0.5098130544061739
47,3,84,0,rf,demographic_time,0.643980546839379
47,3,85,0,rf,demographic_time,0.5966741483719222
47,3,9,1,rf,demographic_time,0.5019724102503675
47,3,98,1,rf,demographic_time,0.730281638229196
47,3,10,0,rf,all,0.47397536444276556
47,3,17,1,rf,all,0.4643775809997849
47,3,26,0,rf,all,0.45810739127227046
47,3,34,0,rf,all,0.20023660509135727
47,3,40,0,rf,all,0.2672304974838678
47,3,41,0,rf,all,0.3412483453081285
47,3,42,1,rf,all,0.5531800462339552
47,3,47,1,rf,all,0.1557990184939958
47,3,50,1,rf,all,0.8637719263052356
47,3,77,1,rf,all,0.6844434368876271
47,3,8,1,rf,all,0.508792014513283
47,3,84,0,rf,all,0.6632324268306603
47,3,85,0,rf,all,0.6162851133831564
47,3,9,1,rf,all,0.45447519912065354
47,3,98,1,rf,all,0.7308550923865089
47,3,10,0,xgb,mouse,0.4963900148868561
47,3,17,1,xgb,mouse,0.49828672409057617
47,3,26,0,xgb,mouse,0.5064401030540466
47,3,34,0,xgb,mouse,0.49949732422828674
47,3,40,0,xgb,mouse,0.5035101175308228
47,3,41,0,xgb,mouse,0.49324145913124084
47,3,42,1,xgb,mouse,0.4962429404258728
47,3,47,1,xgb,mouse,0.4962429404258728
47,3,50,1,xgb,mouse,0.4943457841873169
47,3,77,1,xgb,mouse,0.4953611493110657
47,3,8,1,xgb,mouse,0.5058383941650391
47,3,84,0,xgb,mouse,0.4962429404258728
47,3,85,0,xgb,mouse,0.50631183385849
47,3,9,1,xgb,mouse,0.4948369264602661
47,3,98,1,xgb,mouse,0.4962429404258728
47,3,10,0,xgb,demographic,0.10814707726240158
47,3,17,1,xgb,demographic,0.5941688418388367
47,3,26,0,xgb,demographic,0.31261101365089417
47,3,34,0,xgb,demographic,0.576650083065033
47,3,40,0,xgb,demographic,0.576650083065033
47,3,41,0,xgb,demographic,0.09098996222019196
47,3,42,1,xgb,demographic,0.4912433624267578
47,3,47,1,xgb,demographic,0.6451501250267029
47,3,50,1,xgb,demographic,0.6220706701278687
47,3,77,1,xgb,demographic,0.7364119291305542
47,3,8,1,xgb,demographic,0.10814707726240158
47,3,84,0,xgb,demographic,0.20809753239154816
47,3,85,0,xgb,demographic,0.5774941444396973
47,3,9,1,xgb,demographic,0.08166801184415817
47,3,98,1,xgb,demographic,0.15702952444553375
47,3,10,0,xgb,time,0.46178239583969116
47,3,17,1,xgb,time,0.42203226685523987
47,3,26,0,xgb,time,0.3432106673717499
47,3,34,0,xgb,time,0.11511091887950897
47,3,40,0,xgb,time,0.3827861547470093
47,3,41,0,xgb,time,0.38502347469329834
47,3,42,1,xgb,time,0.7840960621833801
47,3,47,1,xgb,time,0.12467454373836517
47,3,50,1,xgb,time,0.8432644009590149
47,3,77,1,xgb,time,0.6253749132156372
47,3,8,1,xgb,time,0.70778888463974
47,3,84,0,xgb,time,0.41146785020828247
47,3,85,0,xgb,time,0.5365356206893921
47,3,9,1,xgb,time,0.5822393894195557
47,3,98,1,xgb,time,0.8095611333847046
47,3,10,0,xgb,combined,0.12763939797878265
47,3,17,1,xgb,combined,0.5790196657180786
47,3,26,0,xgb,combined,0.3053242862224579
47,3,34,0,xgb,combined,0.5574748516082764
47,3,40,0,xgb,combined,0.5574748516082764
47,3,41,0,xgb,combined,0.11372017860412598
47,3,42,1,xgb,combined,0.49601858854293823
47,3,47,1,xgb,combined,0.5935749411582947
47,3,50,1,xgb,combined,0.6053329110145569
47,3,77,1,xgb,combined,0.7279107570648193
47,3,8,1,xgb,combined,0.12763939797878265
47,3,84,0,xgb,combined,0.2511022090911865
47,3,85,0,xgb,combined,0.6901168823242188
47,3,9,1,xgb,combined,0.12302716076374054
47,3,98,1,xgb,combined,0.20757776498794556
47,3,10,0,xgb,mouse_time,0.41952013969421387
47,3,17,1,xgb,mouse_time,0.405018150806427
47,3,26,0,xgb,mouse_time,0.3152129352092743
47,3,34,0,xgb,mouse_time,0.10832024365663528
47,3,40,0,xgb,mouse_time,0.4280846416950226
47,3,41,0,xgb,mouse_time,0.35792872309684753
47,3,42,1,xgb,mouse_time,0.7830754518508911
47,3,47,1,xgb,mouse_time,0.1193881630897522
47,3,50,1,xgb,mouse_time,0.8606588840484619
47,3,77,1,xgb,mouse_time,0.610579252243042
47,3,8,1,xgb,mouse_time,0.7026589512825012
47,3,84,0,xgb,mouse_time,0.38685712218284607
47,3,85,0,xgb,mouse_time,0.5242115259170532
47,3,9,1,xgb,mouse_time,0.6005533337593079
47,3,98,1,xgb,mouse_time,0.8330340385437012
47,3,10,0,xgb,demographic_time,0.37750276923179626
47,3,17,1,xgb,demographic_time,0.4067339301109314
47,3,26,0,xgb,demographic_time,0.3773365318775177
47,3,34,0,xgb,demographic_time,0.09649419039487839
47,3,40,0,xgb,demographic_time,0.3162412941455841
47,3,41,0,xgb,demographic_time,0.30402588844299316
47,3,42,1,xgb,demographic_time,0.6223246455192566
47,3,47,1,xgb,demographic_time,0.09708207100629807
47,3,50,1,xgb,demographic_time,0.9084052443504333
47,3,77,1,xgb,demographic_time,0.7843232154846191
47,3,8,1,xgb,demographic_time,0.6272090077400208
47,3,84,0,xgb,demographic_time,0.5325689315795898
47,3,85,0,xgb,demographic_time,0.7375004887580872
47,3,9,1,xgb,demographic_time,0.42559030652046204
47,3,98,1,xgb,demographic_time,0.7033323645591736
47,3,10,0,xgb,all,0.3596680462360382
47,3,17,1,xgb,all,0.45513495802879333
47,3,26,0,xgb,all,0.3936448395252228
47,3,34,0,xgb,all,0.09390457719564438
47,3,40,0,xgb,all,0.3749815821647644
47,3,41,0,xgb,all,0.29110610485076904
47,3,42,1,xgb,all,0.5973883867263794
47,3,47,1,xgb,all,0.11233831197023392
47,3,50,1,xgb,all,0.918458878993988
47,3,77,1,xgb,all,0.7877021431922913
47,3,8,1,xgb,all,0.5248011946678162
47,3,84,0,xgb,all,0.5223532915115356
47,3,85,0,xgb,all,0.7279633283615112
47,3,9,1,xgb,all,0.3885888159275055
47,3,98,1,xgb,all,0.6850419640541077
47,4,18,0,rf,mouse,0.4971809784355462
47,4,20,1,rf,mouse,0.49772356576282073
47,4,23,0,rf,mouse,0.4974259232410808
47,4,35,0,rf,mouse,0.4959328214015331
47,4,48,1,rf,mouse,0.4958145305069196
47,4,58,1,rf,mouse,0.4975960709005117
47,4,60,1,rf,mouse,0.4965196431080374
47,4,62,1,rf,mouse,0.4976240464861558
47,4,64,1,rf,mouse,0.4961530674047645
47,4,69,1,rf,mouse,0.49881498184350737
47,4,70,0,rf,mouse,0.4979341332691338
47,4,79,0,rf,mouse,0.4946464177119889
47,4,82,1,rf,mouse,0.504851473245405
47,4,83,0,rf,mouse,0.4963641230405903
47,4,99,1,rf,mouse,0.4931109259604726
47,4,18,0,rf,demographic,0.5037019018619973
47,4,20,1,rf,demographic,0.6957451531072004
47,4,23,0,rf,demographic,0.8248355809413571
47,4,35,0,rf,demographic,0.15869537056188185
47,4,48,1,rf,demographic,0.31153628508504366
47,4,58,1,rf,demographic,0.8248355809413571
47,4,60,1,rf,demographic,0.37379325984504547
47,4,62,1,rf,demographic,0.7718048510665876
47,4,64,1,rf,demographic,0.6435203921608155
47,4,69,1,rf,demographic,0.7211959128202249
47,4,70,0,rf,demographic,0.7642069873525021
47,4,79,0,rf,demographic,0.6493634342972014
47,4,82,1,rf,demographic,0.8105613739731975
47,4,83,0,rf,demographic,0.8822456736642479
47,4,99,1,rf,demographic,0.42791920031480046
47,4,18,0,rf,time,0.5700834060407957
47,4,20,1,rf,time,0.9248163908146912
47,4,23,0,rf,time,0.5576709129460863
47,4,35,0,rf,time,0.21699339150151578
47,4,48,1,rf,time,0.6093956111235594
47,4,58,1,rf,time,0.7838437667935353
47,4,60,1,rf,time,0.7072721827586883
47,4,62,1,rf,time,0.8446477022808772
47,4,64,1,rf,time,0.36375907507125727
47,4,69,1,rf,time,0.501543299010158
47,4,70,0,rf,time,0.4344898109421691
47,4,79,0,rf,time,0.44053444362571853
47,4,82,1,rf,time,0.60014241040116
47,4,83,0,rf,time,0.5390490452608703
47,4,99,1,rf,time,0.3834606017169422
47,4,18,0,rf,combined,0.5209956786468526
47,4,20,1,rf,combined,0.6737992901917745
47,4,23,0,rf,combined,0.755179092803101
47,4,35,0,rf,combined,0.23513160978569922
47,4,48,1,rf,combined,0.29530731014757916
47,4,58,1,rf,combined,0.7546625622235792
47,4,60,1,rf,combined,0.32795162287042845
47,4,62,1,rf,combined,0.7534751706609275
47,4,64,1,rf,combined,0.6323877898124649
47,4,69,1,rf,combined,0.7638332486919901
47,4,70,0,rf,combined,0.7457618232569077
47,4,79,0,rf,combined,0.6234849123304509
47,4,82,1,rf,combined,0.7668605440717251
47,4,83,0,rf,combined,0.7843810484055685
47,4,99,1,rf,combined,0.44594634404222744
47,4,18,0,rf,mouse_time,0.5862674476140238
47,4,20,1,rf,mouse_time,0.9365440148586062
47,4,23,0,rf,mouse_time,0.5827386873175734
47,4,35,0,rf,mouse_time,0.22571498060158746
47,4,48,1,rf,mouse_time,0.5869158153656064
47,4,58,1,rf,mouse_time,0.7835746697518531
47,4,60,1,rf,mouse_time,0.6992341289803479
47,4,62,1,rf,mouse_time,0.846960344456218
47,4,64,1,rf,mouse_time,0.4443801511937272
47,4,69,1,rf,mouse_time,0.49362317066001554
47,4,70,0,rf,mouse_time,0.39176982284762624
47,4,79,0,rf,mouse_time,0.43982632392486887
47,4,82,1,rf,mouse_time,0.5796157437952882
47,4,83,0,rf,mouse_time,0.5947503762402951
47,4,99,1,rf,mouse_time,0.41510539543418973
47,4,18,0,rf,demographic_time,0.6264754096021481
47,4,20,1,rf,demographic_time,0.9588959283528243
47,4,23,0,rf,demographic_time,0.5786880639525214
47,4,35,0,rf,demographic_time,0.24279398792777304
47,4,48,1,rf,demographic_time,0.553326400332621
47,4,58,1,rf,demographic_time,0.7692615431639187
47,4,60,1,rf,demographic_time,0.6859933549905834
47,4,62,1,rf,demographic_time,0.8302744757365051
47,4,64,1,rf,demographic_time,0.4344062356702552
47,4,69,1,rf,demographic_time,0.5280339418148051
47,4,70,0,rf,demographic_time,0.44967453689980214
47,4,79,0,rf,demographic_time,0.4612812305564488
47,4,82,1,rf,demographic_time,0.6362996147558915
47,4,83,0,rf,demographic_time,0.5369560372827943
47,4,99,1,rf,demographic_time,0.42714578475788595
47,4,18,0,rf,all,0.6391642639373448
47,4,20,1,rf,all,0.9433770911160915
47,4,23,0,rf,all,0.5519463140050044
47,4,35,0,rf,all,0.2303926109144693
47,4,48,1,rf,all,0.5594513593474607
47,4,58,1,rf,all,0.8327304790081527
47,4,60,1,rf,all,0.6437438773658112
47,4,62,1,rf,all,0.8531050196408809
47,4,64,1,rf,all,0.3953544237663143
47,4,69,1,rf,all,0.5544816185938852
47,4,70,0,rf,all,0.4383128385689452
47,4,79,0,rf,all,0.4849651561446661
47,4,82,1,rf,all,0.6229046400114875
47,4,83,0,rf,all,0.4995536807773508
47,4,99,1,rf,all,0.3869806775705196
47,4,18,0,xgb,mouse,0.494534969329834
47,4,20,1,xgb,mouse,0.4945450723171234
47,4,23,0,xgb,mouse,0.4945450723171234
47,4,35,0,xgb,mouse,0.4940030574798584
47,4,48,1,xgb,mouse,0.49405980110168457
47,4,58,1,xgb,mouse,0.4945450723171234
47,4,60,1,xgb,mouse,0.49394628405570984
47,4,62,1,xgb,mouse,0.4945450723171234
47,4,64,1,xgb,mouse,0.49405980110168457
47,4,69,1,xgb,mouse,0.4945450723171234
47,4,70,0,xgb,mouse,0.4945450723171234
47,4,79,0,xgb,mouse,0.49405980110168457
47,4,82,1,xgb,mouse,0.5056691765785217
47,4,83,0,xgb,mouse,0.49394628405570984
47,4,99,1,xgb,mouse,0.4930744171142578
47,4,18,0,xgb,demographic,0.5863891839981079
47,4,20,1,xgb,demographic,0.5873197317123413
47,4,23,0,xgb,demographic,0.6778943538665771
47,4,35,0,xgb,demographic,0.1673220843076706
47,4,48,1,xgb,demographic,0.26265138387680054
47,4,58,1,xgb,demographic,0.6778943538665771
47,4,60,1,xgb,demographic,0.26265138387680054
47,4,62,1,xgb,demographic,0.7330104112625122
47,4,64,1,xgb,demographic,0.7568597197532654
47,4,69,1,xgb,demographic,0.8051820397377014
47,4,70,0,xgb,demographic,0.7330104112625122
47,4,79,0,xgb,demographic,0.5635635852813721
47,4,82,1,xgb,demographic,0.8099653124809265
47,4,83,0,xgb,demographic,0.7516083717346191
47,4,99,1,xgb,demographic,0.6672348380088806
47,4,18,0,xgb,time,0.8789900541305542
47,4,20,1,xgb,time,0.9334644079208374
47,4,23,0,xgb,time,0.651305079460144
47,4,35,0,xgb,time,0.1448216289281845
47,4,48,1,xgb,time,0.6681603789329529
47,4,58,1,xgb,time,0.8233937621116638
47,4,60,1,xgb,time,0.9449775218963623
47,4,62,1,xgb,time,0.9538905620574951
47,4,64,1,xgb,time,0.17612135410308838
47,4,69,1,xgb,time,0.5102920532226562
47,4,70,0,xgb,time,0.5158801674842834
47,4,79,0,xgb,time,0.14936062693595886
47,4,82,1,xgb,time,0.3256765305995941
47,4,83,0,xgb,time,0.5137031674385071
47,4,99,1,xgb,time,0.4225281774997711
47,4,18,0,xgb,combined,0.5803719162940979
47,4,20,1,xgb,combined,0.6032370924949646
47,4,23,0,xgb,combined,0.6723429560661316
47,4,35,0,xgb,combined,0.18199683725833893
47,4,48,1,xgb,combined,0.2624959945678711
47,4,58,1,xgb,combined,0.6723429560661316
47,4,60,1,xgb,combined,0.2778402864933014
47,4,62,1,xgb,combined,0.7318153381347656
47,4,64,1,xgb,combined,0.7738747596740723
47,4,69,1,xgb,combined,0.8377836346626282
47,4,70,0,xgb,combined,0.7326647639274597
47,4,79,0,xgb,combined,0.5666425228118896
47,4,82,1,xgb,combined,0.8349563479423523
47,4,83,0,xgb,combined,0.7567512392997742
47,4,99,1,xgb,combined,0.6596252918243408
47,4,18,0,xgb,mouse_time,0.8826781511306763
47,4,20,1,xgb,mouse_time,0.9336799383163452
47,4,23,0,xgb,mouse_time,0.6771228313446045
47,4,35,0,xgb,mouse_time,0.14573070406913757
47,4,48,1,xgb,mouse_time,0.6564762592315674
47,4,58,1,xgb,mouse_time,0.8290378451347351
47,4,60,1,xgb,mouse_time,0.9403886198997498
47,4,62,1,xgb,mouse_time,0.9531674981117249
47,4,64,1,xgb,mouse_time,0.22313764691352844
47,4,69,1,xgb,mouse_time,0.5147770643234253
47,4,70,0,xgb,mouse_time,0.5657150149345398
47,4,79,0,xgb,mouse_time,0.1433209478855133
47,4,82,1,xgb,mouse_time,0.3258936405181885
47,4,83,0,xgb,mouse_time,0.6065062880516052
47,4,99,1,xgb,mouse_time,0.4063207805156708
47,4,18,0,xgb,demographic_time,0.8264942765235901
47,4,20,1,xgb,demographic_time,0.9172367453575134
47,4,23,0,xgb,demographic_time,0.6164429783821106
47,4,35,0,xgb,demographic_time,0.18007703125476837
47,4,48,1,xgb,demographic_time,0.7195295691490173
47,4,58,1,xgb,demographic_time,0.8512953519821167
47,4,60,1,xgb,demographic_time,0.8778009414672852
47,4,62,1,xgb,demographic_time,0.9357199668884277
47,4,64,1,xgb,demographic_time,0.3008560538291931
47,4,69,1,xgb,demographic_time,0.48461079597473145
47,4,70,0,xgb,demographic_time,0.5696223378181458
47,4,79,0,xgb,demographic_time,0.22704708576202393
47,4,82,1,xgb,demographic_time,0.2817889451980591
47,4,83,0,xgb,demographic_time,0.5674862861633301
47,4,99,1,xgb,demographic_time,0.456403911113739
47,4,18,0,xgb,all,0.7909160852432251
47,4,20,1,xgb,all,0.914739727973938
47,4,23,0,xgb,all,0.5674459934234619
47,4,35,0,xgb,all,0.1644202470779419
47,4,48,1,xgb,all,0.6708661913871765
47,4,58,1,xgb,all,0.8587343096733093
47,4,60,1,xgb,all,0.833121657371521
47,4,62,1,xgb,all,0.9287387728691101
47,4,64,1,xgb,all,0.2835474908351898
47,4,69,1,xgb,all,0.5351296663284302
47,4,70,0,xgb,all,0.6402082443237305
47,4,79,0,xgb,all,0.25171470642089844
47,4,82,1,xgb,all,0.3084069490432739
47,4,83,0,xgb,all,0.4973853528499603
47,4,99,1,xgb,all,0.5006568431854248
47,5,101,0,rf,mouse,0.4949822471434147
47,5,11,1,rf,mouse,0.4975427401748042
47,5,12,1,rf,mouse,0.49447096532214047
47,5,16,1,rf,mouse,0.4964921108671769
47,5,27,1,rf,mouse,0.4921647775529358
47,5,30,0,rf,mouse,0.49486454504927824
47,5,39,0,rf,mouse,0.49357261291540616
47,5,45,1,rf,mouse,0.49493585904950554
47,5,53,1,rf,mouse,0.4954335984084043
47,5,57,1,rf,mouse,0.4987925874581993
47,5,78,0,rf,mouse,0.49676520422731835
47,5,86,0,rf,mouse,0.493358620818923
47,5,89,0,rf,mouse,0.4914521554409296
47,5,94,1,rf,mouse,0.4998616243663135
47,5,101,0,rf,demographic,0.7191993296928259
47,5,11,1,rf,demographic,0.8260677743238689
47,5,12,1,rf,demographic,0.8176420573420243
47,5,16,1,rf,demographic,0.43072657918159046
47,5,27,1,rf,demographic,0.5627936735155298
47,5,30,0,rf,demographic,0.7191993296928259
47,5,39,0,rf,demographic,0.4625190404164484
47,5,45,1,rf,demographic,0.43072657918159046
47,5,53,1,rf,demographic,0.8176420573420243
47,5,57,1,rf,demographic,0.6998092323201468
47,5,78,0,rf,demographic,0.4254047224052685
47,5,86,0,rf,demographic,0.1650553800168469
47,5,89,0,rf,demographic,0.42626840961962537
47,5,94,1,rf,demographic,0.6359897723842675
47,5,101,0,rf,time,0.14933530833820483
47,5,11,1,rf,time,0.5995362564734326
47,5,12,1,rf,time,0.881657749925783
47,5,16,1,rf,time,0.08344125721848077
47,5,27,1,rf,time,0.5886368292248749
47,5,30,0,rf,time,0.27783750383802397
47,5,39,0,rf,time,0.3528361365693114
47,5,45,1,rf,time,0.6761743585811631
47,5,53,1,rf,time,0.29515257421010255
47,5,57,1,rf,time,0.7618384247993516
47,5,78,0,rf,time,0.6466707938759108
47,5,86,0,rf,time,0.6127377365498261
47,5,89,0,rf,time,0.3191586385573181
47,5,94,1,rf,time,0.7574040763054836
47,5,101,0,rf,combined,0.6934856366621391
47,5,11,1,rf,combined,0.7677809420961471
47,5,12,1,rf,combined,0.8308407970458023
47,5,16,1,rf,combined,0.43401437705646184
47,5,27,1,rf,combined,0.45257084933223435
47,5,30,0,rf,combined,0.6934227177135114
47,5,39,0,rf,combined,0.5589347474914923
47,5,45,1,rf,combined,0.4341200774926957
47,5,53,1,rf,combined,0.8318145944276247
47,5,57,1,rf,combined,0.7034797112396072
47,5,78,0,rf,combined,0.46064720354755384
47,5,86,0,rf,combined,0.16502894770738136
47,5,89,0,rf,combined,0.4044363166624483
47,5,94,1,rf,combined,0.5759193351137082
47,5,101,0,rf,mouse_time,0.17062769420295082
47,5,11,1,rf,mouse_time,0.6280988570257557
47,5,12,1,rf,mouse_time,0.9195707555397048
47,5,16,1,rf,mouse_time,0.13800083844782646
47,5,27,1,rf,mouse_time,0.570932849924468
47,5,30,0,rf,mouse_time,0.28340679867611496
47,5,39,0,rf,mouse_time,0.3393530321332658
47,5,45,1,rf,mouse_time,0.6226458524393964
47,5,53,1,rf,mouse_time,0.29588738701385886
47,5,57,1,rf,mouse_time,0.7753532858196963
47,5,78,0,rf,mouse_time,0.6415057187619906
47,5,86,0,rf,mouse_time,0.6246627618842854
47,5,89,0,rf,mouse_time,0.3525109827286642
47,5,94,1,rf,mouse_time,0.7994694201300035
47,5,101,0,rf,demographic_time,0.24292355975551344
47,5,11,1,rf,demographic_time,0.6726860733872627
47,5,12,1,rf,demographic_time,0.9141520815735861
47,5,16,1,rf,demographic_time,0.12461157511840804
47,5,27,1,rf,demographic_time,0.5186562631496594
47,5,30,0,rf,demographic_time,0.31096808977358303
47,5,39,0,rf,demographic_time,0.36853742808637846
47,5,45,1,rf,demographic_time,0.7124485826909589
47,5,53,1,rf,demographic_time,0.33480854406137917
47,5,57,1,rf,demographic_time,0.709526377375114
47,5,78,0,rf,demographic_time,0.6013142892136251
47,5,86,0,rf,demographic_time,0.6360959157430859
47,5,89,0,rf,demographic_time,0.3466257899114693
47,5,94,1,rf,demographic_time,0.7620497704981839
47,5,101,0,rf,all,0.16414900209366687
47,5,11,1,rf,all,0.7157311885692824
47,5,12,1,rf,all,0.890553010625475
47,5,16,1,rf,all,0.1272733831471709
47,5,27,1,rf,all,0.5460114501800557
47,5,30,0,rf,all,0.30706925179498057
47,5,39,0,rf,all,0.2994477951408308
47,5,45,1,rf,all,0.6177644540601384
47,5,53,1,rf,all,0.27018957705334057
47,5,57,1,rf,all,0.7546737390661299
47,5,78,0,rf,all,0.6810378825629374
47,5,86,0,rf,all,0.5503920398444065
47,5,89,0,rf,all,0.31936067846639904
47,5,94,1,rf,all,0.7783399320239898
47,5,101,0,xgb,mouse,0.49405258893966675
47,5,11,1,xgb,mouse,0.4976114332675934
47,5,12,1,xgb,mouse,0.49405258893966675
47,5,16,1,xgb,mouse,0.49747413396835327
47,5,27,1,xgb,mouse,0.4934471845626831
47,5,30,0,xgb,mouse,0.49405258893966675
47,5,39,0,xgb,mouse,0.493173211812973
47,5,45,1,xgb,mouse,0.49405258893966675
47,5,53,1,xgb,mouse,0.49445483088493347
47,5,57,1,xgb,mouse,0.5007466673851013
47,5,78,0,xgb,mouse,0.4955132305622101
47,5,86,0,xgb,mouse,0.49405258893966675
47,5,89,0,xgb,mouse,0.493173211812973
47,5,94,1,xgb,mouse,0.5007466673851013
47,5,101,0,xgb,demographic,0.8061013221740723
47,5,11,1,xgb,demographic,0.7157390713691711
47,5,12,1,xgb,demographic,0.8221718072891235
47,5,16,1,xgb,demographic,0.4175286293029785
47,5,27,1,xgb,demographic,0.4002411663532257
47,5,30,0,xgb,demographic,0.8061013221740723
47,5,39,0,xgb,demographic,0.5025601387023926
47,5,45,1,xgb,demographic,0.4175286293029785
47,5,53,1,xgb,demographic,0.8221718072891235
47,5,57,1,xgb,demographic,0.7912653684616089
47,5,78,0,xgb,demographic,0.5025601387023926
47,5,86,0,xgb,demographic,0.13954274356365204
47,5,89,0,xgb,demographic,0.40588638186454773
47,5,94,1,xgb,demographic,0.508050799369812
47,5,101,0,xgb,time,0.09683726727962494
47,5,11,1,xgb,time,0.32106003165245056
47,5,12,1,xgb,time,0.9046528339385986
47,5,16,1,xgb,time,0.07283048331737518
47,5,27,1,xgb,time,0.5345009565353394
47,5,30,0,xgb,time,0.1626911610364914
47,5,39,0,xgb,time,0.18534788489341736
47,5,45,1,xgb,time,0.4994722306728363
47,5,53,1,xgb,time,0.36029261350631714
47,5,57,1,xgb,time,0.8019412755966187
47,5,78,0,xgb,time,0.8119189143180847
47,5,86,0,xgb,time,0.45747533440589905
47,5,89,0,xgb,time,0.1551339030265808
47,5,94,1,xgb,time,0.7934969067573547
47,5,101,0,xgb,combined,0.7910302877426147
47,5,11,1,xgb,combined,0.7119917869567871
47,5,12,1,xgb,combined,0.8442335724830627
47,5,16,1,xgb,combined,0.39543962478637695
47,5,27,1,xgb,combined,0.4149448871612549
47,5,30,0,xgb,combined,0.7910302877426147
47,5,39,0,xgb,combined,0.5660799741744995
47,5,45,1,xgb,combined,0.39543962478637695
47,5,53,1,xgb,combined,0.8442335724830627
47,5,57,1,xgb,combined,0.8266122341156006
47,5,78,0,xgb,combined,0.5660799741744995
47,5,86,0,xgb,combined,0.16695278882980347
47,5,89,0,xgb,combined,0.4113086462020874
47,5,94,1,xgb,combined,0.4712991416454315
47,5,101,0,xgb,mouse_time,0.09773318469524384
47,5,11,1,xgb,mouse_time,0.33508992195129395
47,5,12,1,xgb,mouse_time,0.9041624069213867
47,5,16,1,xgb,mouse_time,0.07450548559427261
47,5,27,1,xgb,mouse_time,0.547676146030426
47,5,30,0,xgb,mouse_time,0.16363465785980225
47,5,39,0,xgb,mouse_time,0.18991291522979736
47,5,45,1,xgb,mouse_time,0.5090607404708862
47,5,53,1,xgb,mouse_time,0.36711278557777405
47,5,57,1,xgb,mouse_time,0.784497082233429
47,5,78,0,xgb,mouse_time,0.805243730545044
47,5,86,0,xgb,mouse_time,0.45909079909324646
47,5,89,0,xgb,mouse_time,0.17127032577991486
47,5,94,1,xgb,mouse_time,0.7782830595970154
47,5,101,0,xgb,demographic_time,0.10939405113458633
47,5,11,1,xgb,demographic_time,0.35631999373435974
47,5,12,1,xgb,demographic_time,0.8957093954086304
47,5,16,1,xgb,demographic_time,0.08635798841714859
47,5,27,1,xgb,demographic_time,0.5303338766098022
47,5,30,0,xgb,demographic_time,0.17707771062850952
47,5,39,0,xgb,demographic_time,0.18697956204414368
47,5,45,1,xgb,demographic_time,0.5054743885993958
47,5,53,1,xgb,demographic_time,0.3798810541629791
47,5,57,1,xgb,demographic_time,0.7676993012428284
47,5,78,0,xgb,demographic_time,0.8202310800552368
47,5,86,0,xgb,demographic_time,0.44423699378967285
47,5,89,0,xgb,demographic_time,0.16261443495750427
47,5,94,1,xgb,demographic_time,0.7806447148323059
47,5,101,0,xgb,all,0.10019728541374207
47,5,11,1,xgb,all,0.33507391810417175
47,5,12,1,xgb,all,0.9053460359573364
47,5,16,1,xgb,all,0.0806145891547203
47,5,27,1,xgb,all,0.5153297185897827
47,5,30,0,xgb,all,0.15290816128253937
47,5,39,0,xgb,all,0.1704004853963852
47,5,45,1,xgb,all,0.5133756995201111
47,5,53,1,xgb,all,0.45973554253578186
47,5,57,1,xgb,all,0.7881608009338379
47,5,78,0,xgb,all,0.8128589987754822
47,5,86,0,xgb,all,0.44567352533340454
47,5,89,0,xgb,all,0.16676591336727142
47,5,94,1,xgb,all,0.789880096912384
48,1,14,0,rf,mouse,0.4857697281310901
48,1,20,1,rf,mouse,0.48957031016277835
48,1,21,0,rf,mouse,0.48989767745234963
48,1,29,0,rf,mouse,0.48825987132011894
48,1,42,1,rf,mouse,0.4885101019429179
48,1,54,1,rf,mouse,0.48792049781043373
48,1,58,1,rf,mouse,0.4891031835930913
48,1,60,1,rf,mouse,0.48721866192920776
48,1,62,1,rf,mouse,0.4886997017840497
48,1,69,1,rf,mouse,0.49118869126014486
48,1,78,0,rf,mouse,0.48785589523793726
48,1,83,0,rf,mouse,0.4869104082823589
48,1,87,0,rf,mouse,0.48856937375553483
48,1,95,0,rf,mouse,0.4878600245395577
48,1,98,1,rf,mouse,0.4868383018054108
48,1,14,0,rf,demographic,0.416918480407179
48,1,20,1,rf,demographic,0.5456886029346165
48,1,21,0,rf,demographic,0.48356148173892793
48,1,29,0,rf,demographic,0.5589779062442058
48,1,42,1,rf,demographic,0.47192165254354845
48,1,54,1,rf,demographic,0.21493722667586054
48,1,58,1,rf,demographic,0.4360219573009513
48,1,60,1,rf,demographic,0.5589779062442058
48,1,62,1,rf,demographic,0.48526316481791126
48,1,69,1,rf,demographic,0.6800298757182635
48,1,78,0,rf,demographic,0.2803388203360605
48,1,83,0,rf,demographic,0.4693846964789925
48,1,87,0,rf,demographic,0.2042100130990463
48,1,95,0,rf,demographic,0.26087057990667506
48,1,98,1,rf,demographic,0.2803388203360605
48,1,14,0,rf,time,0.21082710134288032
48,1,20,1,rf,time,0.8568701626331559
48,1,21,0,rf,time,0.5774140655085901
48,1,29,0,rf,time,0.5043277111673518
48,1,42,1,rf,time,0.7156268420067761
48,1,54,1,rf,time,0.48901559224255725
48,1,58,1,rf,time,0.7678326773415665
48,1,60,1,rf,time,0.6793155261199331
48,1,62,1,rf,time,0.867621997538021
48,1,69,1,rf,time,0.5953722583381877
48,1,78,0,rf,time,0.6507636558096213
48,1,83,0,rf,time,0.5018185935595917
48,1,87,0,rf,time,0.6660720759793778
48,1,95,0,rf,time,0.8259889466589361
48,1,98,1,rf,time,0.6830730349270382
48,1,14,0,rf,combined,0.4761845216133165
48,1,20,1,rf,combined,0.6450801823289908
48,1,21,0,rf,combined,0.5102986474678718
48,1,29,0,rf,combined,0.5257379352788739
48,1,42,1,rf,combined,0.4824303931975803
48,1,54,1,rf,combined,0.2606169283925869
48,1,58,1,rf,combined,0.43495054101988356
48,1,60,1,rf,combined,0.5255160194354026
48,1,62,1,rf,combined,0.4852749411864881
48,1,69,1,rf,combined,0.869800771894617
48,1,78,0,rf,combined,0.3032365963597051
48,1,83,0,rf,combined,0.4767570523429313
48,1,87,0,rf,combined,0.2429308062953551
48,1,95,0,rf,combined,0.26589366609829107
48,1,98,1,rf,combined,0.3030774261661856
48,1,14,0,rf,mouse_time,0.26726133804973873
48,1,20,1,rf,mouse_time,0.8681059084181026
48,1,21,0,rf,mouse_time,0.5908799977578925
48,1,29,0,rf,mouse_time,0.47487869685595197
48,1,42,1,rf,mouse_time,0.6401814950203364
48,1,54,1,rf,mouse_time,0.48886667268581496
48,1,58,1,rf,mouse_time,0.804363266878833
48,1,60,1,rf,mouse_time,0.6404562782355099
48,1,62,1,rf,mouse_time,0.8778243815723764
48,1,69,1,rf,mouse_time,0.5604326698106311
48,1,78,0,rf,mouse_time,0.6984399989772354
48,1,83,0,rf,mouse_time,0.5118562586101898
48,1,87,0,rf,mouse_time,0.684438779135632
48,1,95,0,rf,mouse_time,0.7564062301653929
48,1,98,1,rf,mouse_time,0.647218547007638
48,1,14,0,rf,demographic_time,0.3243552031846007
48,1,20,1,rf,demographic_time,0.8408789524757884
48,1,21,0,rf,demographic_time,0.5842482699560667
48,1,29,0,rf,demographic_time,0.5278946131315623
48,1,42,1,rf,demographic_time,0.6664922086886639
48,1,54,1,rf,demographic_time,0.5712757446664753
48,1,58,1,rf,demographic_time,0.7796204839695804
48,1,60,1,rf,demographic_time,0.6950897445017407
48,1,62,1,rf,demographic_time,0.8553002812174968
48,1,69,1,rf,demographic_time,0.5473339946771415
48,1,78,0,rf,demographic_time,0.6427162556178869
48,1,83,0,rf,demographic_time,0.5066043252501076
48,1,87,0,rf,demographic_time,0.6552049903821324
48,1,95,0,rf,demographic_time,0.7615936053508451
48,1,98,1,rf,demographic_time,0.6319455788626035
48,1,14,0,rf,all,0.3099290960510178
48,1,20,1,rf,all,0.8222147666996553
48,1,21,0,rf,all,0.6046814159906927
48,1,29,0,rf,all,0.5597293840017203
48,1,42,1,rf,all,0.7687915870620865
48,1,54,1,rf,all,0.4285336119783285
48,1,58,1,rf,all,0.8194187103124004
48,1,60,1,rf,all,0.6940069769001165
48,1,62,1,rf,all,0.8301843491992635
48,1,69,1,rf,all,0.637264039602558
48,1,78,0,rf,all,0.7458188281763538
48,1,83,0,rf,all,0.3990696306284542
48,1,87,0,rf,all,0.6246361136828178
48,1,95,0,rf,all,0.8237545636152568
48,1,98,1,rf,all,0.650818621367064
48,1,14,0,xgb,mouse,0.4866034686565399
48,1,20,1,xgb,mouse,0.4916621446609497
48,1,21,0,xgb,mouse,0.4916735589504242
48,1,29,0,xgb,mouse,0.4896524250507355
48,1,42,1,xgb,mouse,0.4916621446609497
48,1,54,1,xgb,mouse,0.4897015690803528
48,1,58,1,xgb,mouse,0.49029672145843506
48,1,60,1,xgb,mouse,0.4896524250507355
48,1,62,1,xgb,mouse,0.4896524250507355
48,1,69,1,xgb,mouse,0.49511483311653137
48,1,78,0,xgb,mouse,0.4896524250507355
48,1,83,0,xgb,mouse,0.4896524250507355
48,1,87,0,xgb,mouse,0.4896524250507355
48,1,95,0,xgb,mouse,0.4896524250507355
48,1,98,1,xgb,mouse,0.4896524250507355
48,1,14,0,xgb,demographic,0.42829984426498413
48,1,20,1,xgb,demographic,0.5989795327186584
48,1,21,0,xgb,demographic,0.5391696691513062
48,1,29,0,xgb,demographic,0.5851491689682007
48,1,42,1,xgb,demographic,0.5705363154411316
48,1,54,1,xgb,demographic,0.3304893374443054
48,1,58,1,xgb,demographic,0.520064651966095
48,1,60,1,xgb,demographic,0.5851491689682007
48,1,62,1,xgb,demographic,0.5705363154411316
48,1,69,1,xgb,demographic,0.8474271297454834
48,1,78,0,xgb,demographic,0.18008409440517426
48,1,83,0,xgb,demographic,0.6947071552276611
48,1,87,0,xgb,demographic,0.12608690559864044
48,1,95,0,xgb,demographic,0.15193356573581696
48,1,98,1,xgb,demographic,0.18008409440517426
48,1,14,0,xgb,time,0.15837936103343964
48,1,20,1,xgb,time,0.9141897559165955
48,1,21,0,xgb,time,0.6387115716934204
48,1,29,0,xgb,time,0.6198149919509888
48,1,42,1,xgb,time,0.9048237204551697
48,1,54,1,xgb,time,0.554144024848938
48,1,58,1,xgb,time,0.9247578382492065
48,1,60,1,xgb,time,0.7106930613517761
48,1,62,1,xgb,time,0.9570313096046448
48,1,69,1,xgb,time,0.6466224193572998
48,1,78,0,xgb,time,0.5842291712760925
48,1,83,0,xgb,time,0.3270781636238098
48,1,87,0,xgb,time,0.27199041843414307
48,1,95,0,xgb,time,0.7917830944061279
48,1,98,1,xgb,time,0.7021096348762512
48,1,14,0,xgb,combined,0.40989553928375244
48,1,20,1,xgb,combined,0.6234439611434937
48,1,21,0,xgb,combined,0.5160648822784424
48,1,29,0,xgb,combined,0.5731074213981628
48,1,42,1,xgb,combined,0.5359941124916077
48,1,54,1,xgb,combined,0.2814256548881531
48,1,58,1,xgb,combined,0.47027239203453064
48,1,60,1,xgb,combined,0.5731074213981628
48,1,62,1,xgb,combined,0.5958189964294434
48,1,69,1,xgb,combined,0.8610714673995972
48,1,78,0,xgb,combined,0.25526079535484314
48,1,83,0,xgb,combined,0.753297746181488
48,1,87,0,xgb,combined,0.17436583340168
48,1,95,0,xgb,combined,0.21723563969135284
48,1,98,1,xgb,combined,0.25526079535484314
48,1,14,0,xgb,mouse_time,0.15745845437049866
48,1,20,1,xgb,mouse_time,0.924412727355957
48,1,21,0,xgb,mouse_time,0.6063552498817444
48,1,29,0,xgb,mouse_time,0.6167004108428955
48,1,42,1,xgb,mouse_time,0.9052307605743408
48,1,54,1,xgb,mouse_time,0.5719226002693176
48,1,58,1,xgb,mouse_time,0.9314417243003845
48,1,60,1,xgb,mouse_time,0.6779634952545166
48,1,62,1,xgb,mouse_time,0.961839497089386
48,1,69,1,xgb,mouse_time,0.6643524169921875
48,1,78,0,xgb,mouse_time,0.5834606289863586
48,1,83,0,xgb,mouse_time,0.3497534990310669
48,1,87,0,xgb,mouse_time,0.2668810784816742
48,1,95,0,xgb,mouse_time,0.7755475640296936
48,1,98,1,xgb,mouse_time,0.694238007068634
48,1,14,0,xgb,demographic_time,0.17797444760799408
48,1,20,1,xgb,demographic_time,0.8985899090766907
48,1,21,0,xgb,demographic_time,0.6209317445755005
48,1,29,0,xgb,demographic_time,0.6012914776802063
48,1,42,1,xgb,demographic_time,0.8911354541778564
48,1,54,1,xgb,demographic_time,0.5641717910766602
48,1,58,1,xgb,demographic_time,0.9302002191543579
48,1,60,1,xgb,demographic_time,0.6375669836997986
48,1,62,1,xgb,demographic_time,0.950401782989502
48,1,69,1,xgb,demographic_time,0.6493933796882629
48,1,78,0,xgb,demographic_time,0.5496102571487427
48,1,83,0,xgb,demographic_time,0.278585284948349
48,1,87,0,xgb,demographic_time,0.28034913539886475
48,1,95,0,xgb,demographic_time,0.7700417041778564
48,1,98,1,xgb,demographic_time,0.6998441815376282
48,1,14,0,xgb,all,0.1459866762161255
48,1,20,1,xgb,all,0.8715718388557434
48,1,21,0,xgb,all,0.651295006275177
48,1,29,0,xgb,all,0.6128789782524109
48,1,42,1,xgb,all,0.8982686996459961
48,1,54,1,xgb,all,0.551871120929718
48,1,58,1,xgb,all,0.9234147667884827
48,1,60,1,xgb,all,0.7040848731994629
48,1,62,1,xgb,all,0.9495605826377869
48,1,69,1,xgb,all,0.6403208374977112
48,1,78,0,xgb,all,0.5585885643959045
48,1,83,0,xgb,all,0.250046968460083
48,1,87,0,xgb,all,0.2884223461151123
48,1,95,0,xgb,all,0.7968493103981018
48,1,98,1,xgb,all,0.7107653617858887
48,2,101,0,rf,mouse,0.49703737839696654
48,2,12,1,rf,mouse,0.4933444857954135
48,2,16,1,rf,mouse,0.4979984569634207
48,2,23,0,rf,mouse,0.4968533140609349
48,2,26,0,rf,mouse,0.4960125147707346
48,2,27,1,rf,mouse,0.49423622796849653
48,2,30,0,rf,mouse,0.4932587611212457
48,2,36,0,rf,mouse,0.49443247998500367
48,2,38,0,rf,mouse,0.49250431889198715
48,2,47,1,rf,mouse,0.49570936063422727
48,2,5,1,rf,mouse,0.4961496271982469
48,2,50,1,rf,mouse,0.49555035901870925
48,2,6,0,rf,mouse,0.4946201716096247
48,2,88,1,rf,mouse,0.5015456676669761
48,2,93,1,rf,mouse,0.49347457831331787
48,2,101,0,rf,demographic,0.8484963434512135
48,2,12,1,rf,demographic,0.8880821975021777
48,2,16,1,rf,demographic,0.5084880021775302
48,2,23,0,rf,demographic,0.5077035888922391
48,2,26,0,rf,demographic,0.3657951293932662
48,2,27,1,rf,demographic,0.6444098100459275
48,2,30,0,rf,demographic,0.8484963434512135
48,2,36,0,rf,demographic,0.6926025493261412
48,2,38,0,rf,demographic,0.3215787986118165
48,2,47,1,rf,demographic,0.4862757147423804
48,2,5,1,rf,demographic,0.620358173334209
48,2,50,1,rf,demographic,0.5425566622864559
48,2,6,0,rf,demographic,0.1277102521354419
48,2,88,1,rf,demographic,0.7565501065058131
48,2,93,1,rf,demographic,0.1955962086534488
48,2,101,0,rf,time,0.3248509403934192
48,2,12,1,rf,time,0.9266624908265866
48,2,16,1,rf,time,0.21326523089777405
48,2,23,0,rf,time,0.5658252982287384
48,2,26,0,rf,time,0.4938684058969711
48,2,27,1,rf,time,0.6966163616780342
48,2,30,0,rf,time,0.27554721629209317
48,2,36,0,rf,time,0.3549403683420046
48,2,38,0,rf,time,0.39520145088963143
48,2,47,1,rf,time,0.3551326306966127
48,2,5,1,rf,time,0.7956702725595518
48,2,50,1,rf,time,0.886040924809968
48,2,6,0,rf,time,0.24361404891470667
48,2,88,1,rf,time,0.8107374746652012
48,2,93,1,rf,time,0.39726631696903364
48,2,101,0,rf,combined,0.7843614832197584
48,2,12,1,rf,combined,0.8658837800428628
48,2,16,1,rf,combined,0.4833773459123118
48,2,23,0,rf,combined,0.4837803864289133
48,2,26,0,rf,combined,0.46825633836837655
48,2,27,1,rf,combined,0.6059293128692872
48,2,30,0,rf,combined,0.7825141090427239
48,2,36,0,rf,combined,0.6033853374401617
48,2,38,0,rf,combined,0.31425772915149175
48,2,47,1,rf,combined,0.6277417119250109
48,2,5,1,rf,combined,0.6490992548479766
48,2,50,1,rf,combined,0.5826367195362135
48,2,6,0,rf,combined,0.313933977136642
48,2,88,1,rf,combined,0.7023120118457338
48,2,93,1,rf,combined,0.41157152498344446
48,2,101,0,rf,mouse_time,0.3017192270513708
48,2,12,1,rf,mouse_time,0.9151193194455033
48,2,16,1,rf,mouse_time,0.19440070709028812
48,2,23,0,rf,mouse_time,0.5705481940917756
48,2,26,0,rf,mouse_time,0.496851947049072
48,2,27,1,rf,mouse_time,0.7534886267806569
48,2,30,0,rf,mouse_time,0.2064250655966852
48,2,36,0,rf,mouse_time,0.3786505298383316
48,2,38,0,rf,mouse_time,0.35348126103051575
48,2,47,1,rf,mouse_time,0.3039302347167542
48,2,5,1,rf,mouse_time,0.8336058689727475
48,2,50,1,rf,mouse_time,0.8505893782343726
48,2,6,0,rf,mouse_time,0.272711705443751
48,2,88,1,rf,mouse_time,0.8393168863859881
48,2,93,1,rf,mouse_time,0.35703520007236433
48,2,101,0,rf,demographic_time,0.400182810386173
48,2,12,1,rf,demographic_time,0.9468407872988376
48,2,16,1,rf,demographic_time,0.18313997041447388
48,2,23,0,rf,demographic_time,0.5630497222698186
48,2,26,0,rf,demographic_time,0.5035922296904485
48,2,27,1,rf,demographic_time,0.6646254730037331
48,2,30,0,rf,demographic_time,0.31169074819136244
48,2,36,0,rf,demographic_time,0.44393782094694484
48,2,38,0,rf,demographic_time,0.2917872691282265
48,2,47,1,rf,demographic_time,0.33685874430535007
48,2,5,1,rf,demographic_time,0.8182156142856247
48,2,50,1,rf,demographic_time,0.889895237590741
48,2,6,0,rf,demographic_time,0.24076007379786915
48,2,88,1,rf,demographic_time,0.8030551097570531
48,2,93,1,rf,demographic_time,0.32275451732745825
48,2,101,0,rf,all,0.31621643492389306
48,2,12,1,rf,all,0.9219319440711085
48,2,16,1,rf,all,0.18083726502979455
48,2,23,0,rf,all,0.49124279787625325
48,2,26,0,rf,all,0.5379697593367548
48,2,27,1,rf,all,0.6429432828951268
48,2,30,0,rf,all,0.30456717478448236
48,2,36,0,rf,all,0.3620434235086853
48,2,38,0,rf,all,0.30407729733761474
48,2,47,1,rf,all,0.3177119568155148
48,2,5,1,rf,all,0.8545121213077334
48,2,50,1,rf,all,0.8401917601498855
48,2,6,0,rf,all,0.20932183414938263
48,2,88,1,rf,all,0.7931990477735752
48,2,93,1,rf,all,0.3357468069980266
48,2,101,0,xgb,mouse,0.4929744005203247
48,2,12,1,xgb,mouse,0.4921620488166809
48,2,16,1,xgb,mouse,0.49703449010849
48,2,23,0,xgb,mouse,0.4935641288757324
48,2,26,0,xgb,mouse,0.4936954081058502
48,2,27,1,xgb,mouse,0.4921620488166809
48,2,30,0,xgb,mouse,0.4925130307674408
48,2,36,0,xgb,mouse,0.4925130307674408
48,2,38,0,xgb,mouse,0.4929744005203247
48,2,47,1,xgb,mouse,0.4936954081058502
48,2,5,1,xgb,mouse,0.4936954081058502
48,2,50,1,xgb,mouse,0.4930371344089508
48,2,6,0,xgb,mouse,0.4929744005203247
48,2,88,1,xgb,mouse,0.5009896159172058
48,2,93,1,xgb,mouse,0.4930371344089508
48,2,101,0,xgb,demographic,0.8091937899589539
48,2,12,1,xgb,demographic,0.8476962447166443
48,2,16,1,xgb,demographic,0.495467871427536
48,2,23,0,xgb,demographic,0.495467871427536
48,2,26,0,xgb,demographic,0.44351765513420105
48,2,27,1,xgb,demographic,0.5465421080589294
48,2,30,0,xgb,demographic,0.8091937899589539
48,2,36,0,xgb,demographic,0.7421045899391174
48,2,38,0,xgb,demographic,0.15632832050323486
48,2,47,1,xgb,demographic,0.7047396302223206
48,2,5,1,xgb,demographic,0.6059536337852478
48,2,50,1,xgb,demographic,0.6401907205581665
48,2,6,0,xgb,demographic,0.41019853949546814
48,2,88,1,xgb,demographic,0.7117306590080261
48,2,93,1,xgb,demographic,0.6205503344535828
48,2,101,0,xgb,time,0.18571610748767853
48,2,12,1,xgb,time,0.9698838591575623
48,2,16,1,xgb,time,0.14213141798973083
48,2,23,0,xgb,time,0.48218095302581787
48,2,26,0,xgb,time,0.4754822552204132
48,2,27,1,xgb,time,0.7203747630119324
48,2,30,0,xgb,time,0.16253241896629333
48,2,36,0,xgb,time,0.25805148482322693
48,2,38,0,xgb,time,0.35149380564689636
48,2,47,1,xgb,time,0.2679421901702881
48,2,5,1,xgb,time,0.956927478313446
48,2,50,1,xgb,time,0.8046605587005615
48,2,6,0,xgb,time,0.2747946083545685
48,2,88,1,xgb,time,0.8645702004432678
48,2,93,1,xgb,time,0.4364606440067291
48,2,101,0,xgb,combined,0.803523600101471
48,2,12,1,xgb,combined,0.8679623007774353
48,2,16,1,xgb,combined,0.48525482416152954
48,2,23,0,xgb,combined,0.48525482416152954
48,2,26,0,xgb,combined,0.45943334698677063
48,2,27,1,xgb,combined,0.5316744446754456
48,2,30,0,xgb,combined,0.803523600101471
48,2,36,0,xgb,combined,0.6995006799697876
48,2,38,0,xgb,combined,0.15215446054935455
48,2,47,1,xgb,combined,0.6610481142997742
48,2,5,1,xgb,combined,0.6029450297355652
48,2,50,1,xgb,combined,0.6587979197502136
48,2,6,0,xgb,combined,0.3215828835964203
48,2,88,1,xgb,combined,0.7361428141593933
48,2,93,1,xgb,combined,0.5371884703636169
48,2,101,0,xgb,mouse_time,0.16325971484184265
48,2,12,1,xgb,mouse_time,0.9711052179336548
48,2,16,1,xgb,mouse_time,0.15249872207641602
48,2,23,0,xgb,mouse_time,0.49103429913520813
48,2,26,0,xgb,mouse_time,0.4607588052749634
48,2,27,1,xgb,mouse_time,0.6856082677841187
48,2,30,0,xgb,mouse_time,0.13739734888076782
48,2,36,0,xgb,mouse_time,0.27631255984306335
48,2,38,0,xgb,mouse_time,0.3914153277873993
48,2,47,1,xgb,mouse_time,0.2873297929763794
48,2,5,1,xgb,mouse_time,0.9551846385002136
48,2,50,1,xgb,mouse_time,0.8178920745849609
48,2,6,0,xgb,mouse_time,0.23871980607509613
48,2,88,1,xgb,mouse_time,0.8470291495323181
48,2,93,1,xgb,mouse_time,0.4327705204486847
48,2,101,0,xgb,demographic_time,0.25939539074897766
48,2,12,1,xgb,demographic_time,0.9700660109519958
48,2,16,1,xgb,demographic_time,0.12417001277208328
48,2,23,0,xgb,demographic_time,0.31081557273864746
48,2,26,0,xgb,demographic_time,0.6422244310379028
48,2,27,1,xgb,demographic_time,0.7599426507949829
48,2,30,0,xgb,demographic_time,0.2015489935874939
48,2,36,0,xgb,demographic_time,0.3045271933078766
48,2,38,0,xgb,demographic_time,0.22107547521591187
48,2,47,1,xgb,demographic_time,0.26344478130340576
48,2,5,1,xgb,demographic_time,0.960701048374176
48,2,50,1,xgb,demographic_time,0.7973635792732239
48,2,6,0,xgb,demographic_time,0.2015085220336914
48,2,88,1,xgb,demographic_time,0.8800021409988403
48,2,93,1,xgb,demographic_time,0.24071356654167175
48,2,101,0,xgb,all,0.22825679183006287
48,2,12,1,xgb,all,0.969379186630249
48,2,16,1,xgb,all,0.12597452104091644
48,2,23,0,xgb,all,0.3278554081916809
48,2,26,0,xgb,all,0.5892729759216309
48,2,27,1,xgb,all,0.781283438205719
48,2,30,0,xgb,all,0.18376705050468445
48,2,36,0,xgb,all,0.2777706980705261
48,2,38,0,xgb,all,0.20621490478515625
48,2,47,1,xgb,all,0.2499954104423523
48,2,5,1,xgb,all,0.9592596888542175
48,2,50,1,xgb,all,0.8229644298553467
48,2,6,0,xgb,all,0.19202488660812378
48,2,88,1,xgb,all,0.8943742513656616
48,2,93,1,xgb,all,0.22498975694179535
48,3,18,0,rf,mouse,0.4980194087280335
48,3,22,0,rf,mouse,0.4958814420330552
48,3,24,1,rf,mouse,0.5004757801672289
48,3,35,0,rf,mouse,0.4948102919437518
48,3,40,0,rf,mouse,0.5049691456538465
48,3,49,1,rf,mouse,0.5001289673384876
48,3,51,1,rf,mouse,0.49755850415790465
48,3,53,1,rf,mouse,0.4945966660933709
48,3,68,1,rf,mouse,0.49468199316024675
48,3,85,0,rf,mouse,0.5007007920759432
48,3,89,0,rf,mouse,0.4791333809173911
48,3,91,0,rf,mouse,0.507630730743448
48,3,92,1,rf,mouse,0.5069123457831035
48,3,97,1,rf,mouse,0.4987123286927705
48,3,99,1,rf,mouse,0.4933529870239764
48,3,18,0,rf,demographic,0.47834716415062306
48,3,22,0,rf,demographic,0.4558073881309359
48,3,24,1,rf,demographic,0.7237509166878806
48,3,35,0,rf,demographic,0.19279231987181927
48,3,40,0,rf,demographic,0.4727759111603498
48,3,49,1,rf,demographic,0.5867855792615754
48,3,51,1,rf,demographic,0.8661031897814709
48,3,53,1,rf,demographic,0.9429312192775516
48,3,68,1,rf,demographic,0.4727759111603498
48,3,85,0,rf,demographic,0.7340928190362928
48,3,89,0,rf,demographic,0.3040203071763828
48,3,91,0,rf,demographic,1.0
48,3,92,1,rf,demographic,0.9429312192775516
48,3,97,1,rf,demographic,0.4673414703283215
48,3,99,1,rf,demographic,0.44079774537205846
48,3,18,0,rf,time,0.38501208996958314
48,3,22,0,rf,time,0.43702329834715287
48,3,24,1,rf,time,0.5206991167504944
48,3,35,0,rf,time,0.2786959966602542
48,3,40,0,rf,time,0.37355670508261885
48,3,49,1,rf,time,0.9153662603813156
48,3,51,1,rf,time,0.17908802555899755
48,3,53,1,rf,time,0.37015989978591496
48,3,68,1,rf,time,0.5026582103733739
48,3,85,0,rf,time,0.583639876614968
48,3,89,0,rf,time,0.2886298772246655
48,3,91,0,rf,time,0.5826281783076945
48,3,92,1,rf,time,0.657787887444037
48,3,97,1,rf,time,0.7284096707048031
48,3,99,1,rf,time,0.4021946147514955
48,3,18,0,rf,combined,0.46659201236313375
48,3,22,0,rf,combined,0.4296513407358752
48,3,24,1,rf,combined,0.5107842042955284
48,3,35,0,rf,combined,0.344907778921378
48,3,40,0,rf,combined,0.42906605567970085
48,3,49,1,rf,combined,0.5075912384572445
48,3,51,1,rf,combined,0.9010137031394411
48,3,53,1,rf,combined,0.9403423009418193
48,3,68,1,rf,combined,0.4275920981441974
48,3,85,0,rf,combined,0.8734338723132481
48,3,89,0,rf,combined,0.37224937663145824
48,3,91,0,rf,combined,0.9910075135741202
48,3,92,1,rf,combined,0.9415687951246875
48,3,97,1,rf,combined,0.428025801807651
48,3,99,1,rf,combined,0.46332301006326093
48,3,18,0,rf,mouse_time,0.3668786396718335
48,3,22,0,rf,mouse_time,0.5015555340428666
48,3,24,1,rf,mouse_time,0.5341477406101176
48,3,35,0,rf,mouse_time,0.2939827456155891
48,3,40,0,rf,mouse_time,0.34120497755560036
48,3,49,1,rf,mouse_time,0.9129363939402726
48,3,51,1,rf,mouse_time,0.15626458775446173
48,3,53,1,rf,mouse_time,0.35176517377524036
48,3,68,1,rf,mouse_time,0.5067780187039174
48,3,85,0,rf,mouse_time,0.565510270331927
48,3,89,0,rf,mouse_time,0.21984495568837142
48,3,91,0,rf,mouse_time,0.5039446641287508
48,3,92,1,rf,mouse_time,0.616967488165066
48,3,97,1,rf,mouse_time,0.7204368648661056
48,3,99,1,rf,mouse_time,0.4324734835853922
48,3,18,0,rf,demographic_time,0.42860309487478654
48,3,22,0,rf,demographic_time,0.4836942963211093
48,3,24,1,rf,demographic_time,0.6073030012583687
48,3,35,0,rf,demographic_time,0.29880832439006955
48,3,40,0,rf,demographic_time,0.32261593578160985
48,3,49,1,rf,demographic_time,0.926544897135177
48,3,51,1,rf,demographic_time,0.30169169601645535
48,3,53,1,rf,demographic_time,0.3979444317302089
48,3,68,1,rf,demographic_time,0.48019548095931874
48,3,85,0,rf,demographic_time,0.6247939221359132
48,3,89,0,rf,demographic_time,0.2710813510523129
48,3,91,0,rf,demographic_time,0.6503741770227702
48,3,92,1,rf,demographic_time,0.7505885213677621
48,3,97,1,rf,demographic_time,0.7306911352755174
48,3,99,1,rf,demographic_time,0.41588519301577176
48,3,18,0,rf,all,0.3917093280255327
48,3,22,0,rf,all,0.5216198555230782
48,3,24,1,rf,all,0.5019787825577299
48,3,35,0,rf,all,0.324631940630845
48,3,40,0,rf,all,0.3337455131341078
48,3,49,1,rf,all,0.8990339937150769
48,3,51,1,rf,all,0.3969144421969394
48,3,53,1,rf,all,0.45169303324652743
48,3,68,1,rf,all,0.48655686829212524
48,3,85,0,rf,all,0.5960463885500744
48,3,89,0,rf,all,0.2177093338397383
48,3,91,0,rf,all,0.6447848009221575
48,3,92,1,rf,all,0.6778301933116742
48,3,97,1,rf,all,0.7085473985229531
48,3,99,1,rf,all,0.40393656755224844
48,3,18,0,xgb,mouse,0.5010929703712463
48,3,22,0,xgb,mouse,0.4966733455657959
48,3,24,1,xgb,mouse,0.4982646405696869
48,3,35,0,xgb,mouse,0.495145320892334
48,3,40,0,xgb,mouse,0.5061143040657043
48,3,49,1,xgb,mouse,0.5018119812011719
48,3,51,1,xgb,mouse,0.4982646405696869
48,3,53,1,xgb,mouse,0.49473705887794495
48,3,68,1,xgb,mouse,0.4962939918041229
48,3,85,0,xgb,mouse,0.5010929703712463
48,3,89,0,xgb,mouse,0.488262414932251
48,3,91,0,xgb,mouse,0.5061143040657043
48,3,92,1,xgb,mouse,0.5061143040657043
48,3,97,1,xgb,mouse,0.4994562864303589
48,3,99,1,xgb,mouse,0.49469059705734253
48,3,18,0,xgb,demographic,0.5831249356269836
48,3,22,0,xgb,demographic,0.39483019709587097
48,3,24,1,xgb,demographic,0.5831249356269836
48,3,35,0,xgb,demographic,0.2158217877149582
48,3,40,0,xgb,demographic,0.4641900062561035
48,3,49,1,xgb,demographic,0.5831249356269836
48,3,51,1,xgb,demographic,0.9448091387748718
48,3,53,1,xgb,demographic,0.9291865825653076
48,3,68,1,xgb,demographic,0.4641900062561035
48,3,85,0,xgb,demographic,0.846983015537262
48,3,89,0,xgb,demographic,0.431489497423172
48,3,91,0,xgb,demographic,0.9814291000366211
48,3,92,1,xgb,demographic,0.9291865825653076
48,3,97,1,xgb,demographic,0.4641900062561035
48,3,99,1,xgb,demographic,0.5831249356269836
48,3,18,0,xgb,time,0.2896549701690674
48,3,22,0,xgb,time,0.6555630564689636
48,3,24,1,xgb,time,0.591568648815155
48,3,35,0,xgb,time,0.23298880457878113
48,3,40,0,xgb,time,0.3458966910839081
48,3,49,1,xgb,time,0.9443337321281433
48,3,51,1,xgb,time,0.12473386526107788
48,3,53,1,xgb,time,0.27087002992630005
48,3,68,1,xgb,time,0.44716677069664
48,3,85,0,xgb,time,0.5043660402297974
48,3,89,0,xgb,time,0.2959813177585602
48,3,91,0,xgb,time,0.6290972828865051
48,3,92,1,xgb,time,0.6113759279251099
48,3,97,1,xgb,time,0.7548922300338745
48,3,99,1,xgb,time,0.38754597306251526
48,3,18,0,xgb,combined,0.5456013679504395
48,3,22,0,xgb,combined,0.40675345063209534
48,3,24,1,xgb,combined,0.5490472316741943
48,3,35,0,xgb,combined,0.22867955267429352
48,3,40,0,xgb,combined,0.47341474890708923
48,3,49,1,xgb,combined,0.5456013679504395
48,3,51,1,xgb,combined,0.9325291514396667
48,3,53,1,xgb,combined,0.9366317391395569
48,3,68,1,xgb,combined,0.47341474890708923
48,3,85,0,xgb,combined,0.8647069931030273
48,3,89,0,xgb,combined,0.44068077206611633
48,3,91,0,xgb,combined,0.9716179370880127
48,3,92,1,xgb,combined,0.9366317391395569
48,3,97,1,xgb,combined,0.476883202791214
48,3,99,1,xgb,combined,0.5490472316741943
48,3,18,0,xgb,mouse_time,0.293535977602005
48,3,22,0,xgb,mouse_time,0.5937551856040955
48,3,24,1,xgb,mouse_time,0.6205762028694153
48,3,35,0,xgb,mouse_time,0.21540077030658722
48,3,40,0,xgb,mouse_time,0.38563016057014465
48,3,49,1,xgb,mouse_time,0.9387526512145996
48,3,51,1,xgb,mouse_time,0.0980994701385498
48,3,53,1,xgb,mouse_time,0.23926816880702972
48,3,68,1,xgb,mouse_time,0.4085705876350403
48,3,85,0,xgb,mouse_time,0.5259146690368652
48,3,89,0,xgb,mouse_time,0.30924609303474426
48,3,91,0,xgb,mouse_time,0.5571144223213196
48,3,92,1,xgb,mouse_time,0.6195228099822998
48,3,97,1,xgb,mouse_time,0.7509492039680481
48,3,99,1,xgb,mouse_time,0.32244226336479187
48,3,18,0,xgb,demographic_time,0.32967129349708557
48,3,22,0,xgb,demographic_time,0.6045260429382324
48,3,24,1,xgb,demographic_time,0.6073636412620544
48,3,35,0,xgb,demographic_time,0.2137964963912964
48,3,40,0,xgb,demographic_time,0.3353096544742584
48,3,49,1,xgb,demographic_time,0.9485993385314941
48,3,51,1,xgb,demographic_time,0.15089279413223267
48,3,53,1,xgb,demographic_time,0.2802868187427521
48,3,68,1,xgb,demographic_time,0.4355529546737671
48,3,85,0,xgb,demographic_time,0.5900118350982666
48,3,89,0,xgb,demographic_time,0.3181854486465454
48,3,91,0,xgb,demographic_time,0.7189750075340271
48,3,92,1,xgb,demographic_time,0.6550918817520142
48,3,97,1,xgb,demographic_time,0.7640538215637207
48,3,99,1,xgb,demographic_time,0.3238828480243683
48,3,18,0,xgb,all,0.3274916112422943
48,3,22,0,xgb,all,0.5732073783874512
48,3,24,1,xgb,all,0.5811982750892639
48,3,35,0,xgb,all,0.2485124170780182
48,3,40,0,xgb,all,0.40717366337776184
48,3,49,1,xgb,all,0.9457201957702637
48,3,51,1,xgb,all,0.1626146286725998
48,3,53,1,xgb,all,0.2932935655117035
48,3,68,1,xgb,all,0.4012419283390045
48,3,85,0,xgb,all,0.6371393203735352
48,3,89,0,xgb,all,0.25458720326423645
48,3,91,0,xgb,all,0.7247737050056458
48,3,92,1,xgb,all,0.701697051525116
48,3,97,1,xgb,all,0.7500308752059937
48,3,99,1,xgb,all,0.2602524161338806
48,4,100,0,rf,mouse,0.4946791667218375
48,4,11,1,rf,mouse,0.49999859460501755
48,4,15,1,rf,mouse,0.49633437107100997
48,4,17,1,rf,mouse,0.49581268137683476
48,4,19,1,rf,mouse,0.4951544933533224
48,4,28,0,rf,mouse,0.4977424323311571
48,4,31,0,rf,mouse,0.49814661749427014
48,4,39,0,rf,mouse,0.495395708192108
48,4,41,0,rf,mouse,0.4956838574610194
48,4,45,1,rf,mouse,0.5010151851365222
48,4,46,1,rf,mouse,0.5010316085282671
48,4,64,1,rf,mouse,0.4969787381309773
48,4,79,0,rf,mouse,0.4959998653542823
48,4,8,1,rf,mouse,0.5002025785376147
48,4,9,1,rf,mouse,0.4965142428325029
48,4,100,0,rf,demographic,0.9379738575668689
48,4,11,1,rf,demographic,0.9333430608559061
48,4,15,1,rf,demographic,0.4989548462130691
48,4,17,1,rf,demographic,0.49702628720196795
48,4,19,1,rf,demographic,0.6197057697484288
48,4,28,0,rf,demographic,0.37827859076157455
48,4,31,0,rf,demographic,0.3150936301409104
48,4,39,0,rf,demographic,0.542432153076035
48,4,41,0,rf,demographic,0.2526807111821556
48,4,45,1,rf,demographic,0.5022041467443952
48,4,46,1,rf,demographic,0.7447898870399585
48,4,64,1,rf,demographic,0.7798787167389378
48,4,79,0,rf,demographic,0.6209836201886889
48,4,8,1,rf,demographic,0.3132488767139764
48,4,9,1,rf,demographic,0.2540840632572155
48,4,100,0,rf,time,0.42438129661122376
48,4,11,1,rf,time,0.6691676662207956
48,4,15,1,rf,time,0.5426986358347214
48,4,17,1,rf,time,0.5601411924999701
48,4,19,1,rf,time,0.6777476595391737
48,4,28,0,rf,time,0.18172396737683866
48,4,31,0,rf,time,0.6931917459777606
48,4,39,0,rf,time,0.3167349301617222
48,4,41,0,rf,time,0.2623763590338106
48,4,45,1,rf,time,0.5713579381959897
48,4,46,1,rf,time,0.9381328779614222
48,4,64,1,rf,time,0.220280104376566
48,4,79,0,rf,time,0.31267365714808076
48,4,8,1,rf,time,0.4078152043249369
48,4,9,1,rf,time,0.4216822314820144
48,4,100,0,rf,combined,0.8252008110461583
48,4,11,1,rf,combined,0.8320626620347036
48,4,15,1,rf,combined,0.49660335120577254
48,4,17,1,rf,combined,0.5006041433947375
48,4,19,1,rf,combined,0.5493839816653956
48,4,28,0,rf,combined,0.36203400565175203
48,4,31,0,rf,combined,0.33006343784498365
48,4,39,0,rf,combined,0.48068225096460465
48,4,41,0,rf,combined,0.2576013804635189
48,4,45,1,rf,combined,0.4990459159421145
48,4,46,1,rf,combined,0.7439524891777273
48,4,64,1,rf,combined,0.7250991332786595
48,4,79,0,rf,combined,0.4968643142529595
48,4,8,1,rf,combined,0.3087375021580921
48,4,9,1,rf,combined,0.24580976422463435
48,4,100,0,rf,mouse_time,0.40789631683503946
48,4,11,1,rf,mouse_time,0.6701575728470517
48,4,15,1,rf,mouse_time,0.608205958706588
48,4,17,1,rf,mouse_time,0.494192017191806
48,4,19,1,rf,mouse_time,0.6317898531390262
48,4,28,0,rf,mouse_time,0.14237732915310083
48,4,31,0,rf,mouse_time,0.713939376369189
48,4,39,0,rf,mouse_time,0.2606872992516045
48,4,41,0,rf,mouse_time,0.21202355061959377
48,4,45,1,rf,mouse_time,0.5283598966217709
48,4,46,1,rf,mouse_time,0.959406571439812
48,4,64,1,rf,mouse_time,0.23470393276920237
48,4,79,0,rf,mouse_time,0.29203336726171947
48,4,8,1,rf,mouse_time,0.3129498399207796
48,4,9,1,rf,mouse_time,0.46259786480398707
48,4,100,0,rf,demographic_time,0.33873703678676514
48,4,11,1,rf,demographic_time,0.6238856187501575
48,4,15,1,rf,demographic_time,0.5887489235904584
48,4,17,1,rf,demographic_time,0.5936205782789359
48,4,19,1,rf,demographic_time,0.6212552818845551
48,4,28,0,rf,demographic_time,0.17997163050981685
48,4,31,0,rf,demographic_time,0.6429277869232808
48,4,39,0,rf,demographic_time,0.3022829978315286
48,4,41,0,rf,demographic_time,0.1941889355232683
48,4,45,1,rf,demographic_time,0.5077716628440544
48,4,46,1,rf,demographic_time,0.9153562228388148
48,4,64,1,rf,demographic_time,0.2593756482741481
48,4,79,0,rf,demographic_time,0.36173250732256296
48,4,8,1,rf,demographic_time,0.29182127912448863
48,4,9,1,rf,demographic_time,0.4231611629140077
48,4,100,0,rf,all,0.4633391573742731
48,4,11,1,rf,all,0.6996602140321685
48,4,15,1,rf,all,0.5968524291646715
48,4,17,1,rf,all,0.527850388399487
48,4,19,1,rf,all,0.7234283775360001
48,4,28,0,rf,all,0.15905142525032828
48,4,31,0,rf,all,0.6693786759312559
48,4,39,0,rf,all,0.23015328300932225
48,4,41,0,rf,all,0.2360767346004339
48,4,45,1,rf,all,0.5183408988755153
48,4,46,1,rf,all,0.9234231699576979
48,4,64,1,rf,all,0.21443381002817344
48,4,79,0,rf,all,0.3039213178547641
48,4,8,1,rf,all,0.38714673902306534
48,4,9,1,rf,all,0.41466469939731765
48,4,100,0,xgb,mouse,0.49534502625465393
48,4,11,1,xgb,mouse,0.498576819896698
48,4,15,1,xgb,mouse,0.49807801842689514
48,4,17,1,xgb,mouse,0.4953482747077942
48,4,19,1,xgb,mouse,0.4953482747077942
48,4,28,0,xgb,mouse,0.498576819896698
48,4,31,0,xgb,mouse,0.498576819896698
48,4,39,0,xgb,mouse,0.49541717767715454
48,4,41,0,xgb,mouse,0.49663370847702026
48,4,45,1,xgb,mouse,0.4987823963165283
48,4,46,1,xgb,mouse,0.498576819896698
48,4,64,1,xgb,mouse,0.498576819896698
48,4,79,0,xgb,mouse,0.4962623417377472
48,4,8,1,xgb,mouse,0.4987823963165283
48,4,9,1,xgb,mouse,0.498576819896698
48,4,100,0,xgb,demographic,0.7695280313491821
48,4,11,1,xgb,demographic,0.7695280313491821
48,4,15,1,xgb,demographic,0.5200356841087341
48,4,17,1,xgb,demographic,0.561479926109314
48,4,19,1,xgb,demographic,0.6406539082527161
48,4,28,0,xgb,demographic,0.26372668147087097
48,4,31,0,xgb,demographic,0.4931465983390808
48,4,39,0,xgb,demographic,0.33832696080207825
48,4,41,0,xgb,demographic,0.1072879508137703
48,4,45,1,xgb,demographic,0.5200356841087341
48,4,46,1,xgb,demographic,0.6172714233398438
48,4,64,1,xgb,demographic,0.8707782030105591
48,4,79,0,xgb,demographic,0.6381165385246277
48,4,8,1,xgb,demographic,0.23408055305480957
48,4,9,1,xgb,demographic,0.08694474399089813
48,4,100,0,xgb,time,0.3589869737625122
48,4,11,1,xgb,time,0.30495867133140564
48,4,15,1,xgb,time,0.09848134964704514
48,4,17,1,xgb,time,0.7017183899879456
48,4,19,1,xgb,time,0.8161277770996094
48,4,28,0,xgb,time,0.08349291235208511
48,4,31,0,xgb,time,0.33998754620552063
48,4,39,0,xgb,time,0.26401805877685547
48,4,41,0,xgb,time,0.4520581364631653
48,4,45,1,xgb,time,0.3190942108631134
48,4,46,1,xgb,time,0.9343931674957275
48,4,64,1,xgb,time,0.0750628337264061
48,4,79,0,xgb,time,0.13153786957263947
48,4,8,1,xgb,time,0.42663273215293884
48,4,9,1,xgb,time,0.48754897713661194
48,4,100,0,xgb,combined,0.7970185279846191
48,4,11,1,xgb,combined,0.7970185279846191
48,4,15,1,xgb,combined,0.48409438133239746
48,4,17,1,xgb,combined,0.5320694446563721
48,4,19,1,xgb,combined,0.6002041697502136
48,4,28,0,xgb,combined,0.25145092606544495
48,4,31,0,xgb,combined,0.45349064469337463
48,4,39,0,xgb,combined,0.4315290153026581
48,4,41,0,xgb,combined,0.14887912571430206
48,4,45,1,xgb,combined,0.48409438133239746
48,4,46,1,xgb,combined,0.6208680272102356
48,4,64,1,xgb,combined,0.8698658347129822
48,4,79,0,xgb,combined,0.6807116270065308
48,4,8,1,xgb,combined,0.3564864993095398
48,4,9,1,xgb,combined,0.1292508840560913
48,4,100,0,xgb,mouse_time,0.37259283661842346
48,4,11,1,xgb,mouse_time,0.2969841957092285
48,4,15,1,xgb,mouse_time,0.10400892049074173
48,4,17,1,xgb,mouse_time,0.6789321899414062
48,4,19,1,xgb,mouse_time,0.7687112092971802
48,4,28,0,xgb,mouse_time,0.0810207948088646
48,4,31,0,xgb,mouse_time,0.3739185333251953
48,4,39,0,xgb,mouse_time,0.2534458041191101
48,4,41,0,xgb,mouse_time,0.4687408208847046
48,4,45,1,xgb,mouse_time,0.33065852522850037
48,4,46,1,xgb,mouse_time,0.925406277179718
48,4,64,1,xgb,mouse_time,0.061900898814201355
48,4,79,0,xgb,mouse_time,0.14678038656711578
48,4,8,1,xgb,mouse_time,0.44500038027763367
48,4,9,1,xgb,mouse_time,0.39732715487480164
48,4,100,0,xgb,demographic_time,0.35569968819618225
48,4,11,1,xgb,demographic_time,0.29885730147361755
48,4,15,1,xgb,demographic_time,0.11361692100763321
48,4,17,1,xgb,demographic_time,0.7334081530570984
48,4,19,1,xgb,demographic_time,0.7427226901054382
48,4,28,0,xgb,demographic_time,0.08599431067705154
48,4,31,0,xgb,demographic_time,0.39056992530822754
48,4,39,0,xgb,demographic_time,0.2428501397371292
48,4,41,0,xgb,demographic_time,0.4336710274219513
48,4,45,1,xgb,demographic_time,0.33719751238822937
48,4,46,1,xgb,demographic_time,0.9209574460983276
48,4,64,1,xgb,demographic_time,0.0802384614944458
48,4,79,0,xgb,demographic_time,0.13747772574424744
48,4,8,1,xgb,demographic_time,0.44409048557281494
48,4,9,1,xgb,demographic_time,0.3210947513580322
48,4,100,0,xgb,all,0.3665158152580261
48,4,11,1,xgb,all,0.29596108198165894
48,4,15,1,xgb,all,0.10156990587711334
48,4,17,1,xgb,all,0.7404830455780029
48,4,19,1,xgb,all,0.799315333366394
48,4,28,0,xgb,all,0.08308657258749008
48,4,31,0,xgb,all,0.34937918186187744
48,4,39,0,xgb,all,0.26433679461479187
48,4,41,0,xgb,all,0.4040375053882599
48,4,45,1,xgb,all,0.3198290169239044
48,4,46,1,xgb,all,0.9294821619987488
48,4,64,1,xgb,all,0.10042356699705124
48,4,79,0,xgb,all,0.12922154366970062
48,4,8,1,xgb,all,0.4461961090564728
48,4,9,1,xgb,all,0.42473551630973816
48,5,10,0,rf,mouse,0.49664885576172424
48,5,13,1,rf,mouse,0.49870046738034157
48,5,2,0,rf,mouse,0.5009550753949822
48,5,3,1,rf,mouse,0.5030225375479042
48,5,34,0,rf,mouse,0.502846979740916
48,5,48,1,rf,mouse,0.4972674959057486
48,5,57,1,rf,mouse,0.5007775974989291
48,5,66,1,rf,mouse,0.5095249308345712
48,5,70,0,rf,mouse,0.4975078964725475
48,5,77,1,rf,mouse,0.4972049690794774
48,5,82,1,rf,mouse,0.5088198766785644
48,5,84,0,rf,mouse,0.49972493471246804
48,5,86,0,rf,mouse,0.49615187951928696
48,5,94,1,rf,mouse,0.5030450649937721
48,5,10,0,rf,demographic,0.33817665569058214
48,5,13,1,rf,demographic,0.5042642963543364
48,5,2,0,rf,demographic,0.6079530823583728
48,5,3,1,rf,demographic,0.629948508871376
48,5,34,0,rf,demographic,0.653669564000393
48,5,48,1,rf,demographic,0.33365081021027937
48,5,57,1,rf,demographic,0.6005506722893679
48,5,66,1,rf,demographic,0.7759480551693385
48,5,70,0,rf,demographic,0.7284221521041301
48,5,77,1,rf,demographic,0.686187298924707
48,5,82,1,rf,demographic,0.7910406562642625
48,5,84,0,rf,demographic,0.21524629209864474
48,5,86,0,rf,demographic,0.33817665569058214
48,5,94,1,rf,demographic,0.43528368032465153
48,5,10,0,rf,time,0.4246842153445735
48,5,13,1,rf,time,0.6818182858405305
48,5,2,0,rf,time,0.5727741278356654
48,5,3,1,rf,time,0.9895083729024023
48,5,34,0,rf,time,0.3548662360162778
48,5,48,1,rf,time,0.6720278052224274
48,5,57,1,rf,time,0.7050499140420177
48,5,66,1,rf,time,0.8449975447619839
48,5,70,0,rf,time,0.40484843378862906
48,5,77,1,rf,time,0.7498926284930396
48,5,82,1,rf,time,0.2848022281287026
48,5,84,0,rf,time,0.6328905767088269
48,5,86,0,rf,time,0.7671566450968185
48,5,94,1,rf,time,0.7640011044533848
48,5,10,0,rf,combined,0.3340325627982167
48,5,13,1,rf,combined,0.5626387471989054
48,5,2,0,rf,combined,0.5509961917032369
48,5,3,1,rf,combined,0.6705914926801824
48,5,34,0,rf,combined,0.6492670872115633
48,5,48,1,rf,combined,0.3429884081655138
48,5,57,1,rf,combined,0.6333645967003186
48,5,66,1,rf,combined,0.6690321571773237
48,5,70,0,rf,combined,0.7215882329388312
48,5,77,1,rf,combined,0.6775519555026819
48,5,82,1,rf,combined,0.7381705054796058
48,5,84,0,rf,combined,0.2839298643195986
48,5,86,0,rf,combined,0.33434961167185057
48,5,94,1,rf,combined,0.4743719793979343
48,5,10,0,rf,mouse_time,0.44090056580403775
48,5,13,1,rf,mouse_time,0.6983146945524513
48,5,2,0,rf,mouse_time,0.5695451491396165
48,5,3,1,rf,mouse_time,0.9199229473197297
48,5,34,0,rf,mouse_time,0.3175518266382846
48,5,48,1,rf,mouse_time,0.5975370572224439
48,5,57,1,rf,mouse_time,0.743429026757798
48,5,66,1,rf,mouse_time,0.8498175826826919
48,5,70,0,rf,mouse_time,0.3879642260625613
48,5,77,1,rf,mouse_time,0.7950816941237353
48,5,82,1,rf,mouse_time,0.3342900202076574
48,5,84,0,rf,mouse_time,0.6243497270098451
48,5,86,0,rf,mouse_time,0.7110827126523813
48,5,94,1,rf,mouse_time,0.7726783975928485
48,5,10,0,rf,demographic_time,0.4889011074265386
48,5,13,1,rf,demographic_time,0.7237454979480854
48,5,2,0,rf,demographic_time,0.5807761094129816
48,5,3,1,rf,demographic_time,0.9323297061322562
48,5,34,0,rf,demographic_time,0.3008258473697993
48,5,48,1,rf,demographic_time,0.6521344651664428
48,5,57,1,rf,demographic_time,0.774403250067388
48,5,66,1,rf,demographic_time,0.8456762481114982
48,5,70,0,rf,demographic_time,0.4290218375503588
48,5,77,1,rf,demographic_time,0.731191907528504
48,5,82,1,rf,demographic_time,0.3961855017355777
48,5,84,0,rf,demographic_time,0.5746804567069224
48,5,86,0,rf,demographic_time,0.7528172632860503
48,5,94,1,rf,demographic_time,0.7679825335841526
48,5,10,0,rf,all,0.500939422255424
48,5,13,1,rf,all,0.6686278781773919
48,5,2,0,rf,all,0.5391152776804012
48,5,3,1,rf,all,0.9521710415661623
48,5,34,0,rf,all,0.29059086038267873
48,5,48,1,rf,all,0.6365450395784791
48,5,57,1,rf,all,0.7307732643968967
48,5,66,1,rf,all,0.8504073369398618
48,5,70,0,rf,all,0.37895586091262656
48,5,77,1,rf,all,0.7750981090115038
48,5,82,1,rf,all,0.30558955691245615
48,5,84,0,rf,all,0.5597466152532724
48,5,86,0,rf,all,0.7512047175871779
48,5,94,1,rf,all,0.8266341318121768
48,5,10,0,xgb,mouse,0.4958908259868622
48,5,13,1,xgb,mouse,0.49733859300613403
48,5,2,0,xgb,mouse,0.5019036531448364
48,5,3,1,xgb,mouse,0.5008654594421387
48,5,34,0,xgb,mouse,0.5024274587631226
48,5,48,1,xgb,mouse,0.4959832429885864
48,5,57,1,xgb,mouse,0.5006102323532104
48,5,66,1,xgb,mouse,0.5072169303894043
48,5,70,0,xgb,mouse,0.4958908259868622
48,5,77,1,xgb,mouse,0.4960756301879883
48,5,82,1,xgb,mouse,0.5096808075904846
48,5,84,0,xgb,mouse,0.49733859300613403
48,5,86,0,xgb,mouse,0.4958908259868622
48,5,94,1,xgb,mouse,0.5033300518989563
48,5,10,0,xgb,demographic,0.18126456439495087
48,5,13,1,xgb,demographic,0.4315321147441864
48,5,2,0,xgb,demographic,0.5891119837760925
48,5,3,1,xgb,demographic,0.6864774823188782
48,5,34,0,xgb,demographic,0.5972033739089966
48,5,48,1,xgb,demographic,0.2971257269382477
48,5,57,1,xgb,demographic,0.7603462338447571
48,5,66,1,xgb,demographic,0.6628261208534241
48,5,70,0,xgb,demographic,0.6570394039154053
48,5,77,1,xgb,demographic,0.665389358997345
48,5,82,1,xgb,demographic,0.7989317178726196
48,5,84,0,xgb,demographic,0.20894037187099457
48,5,86,0,xgb,demographic,0.18126456439495087
48,5,94,1,xgb,demographic,0.5783783197402954
48,5,10,0,xgb,time,0.3757040202617645
48,5,13,1,xgb,time,0.7261554598808289
48,5,2,0,xgb,time,0.5725823044776917
48,5,3,1,xgb,time,0.9590588808059692
48,5,34,0,xgb,time,0.0934978649020195
48,5,48,1,xgb,time,0.8194804191589355
48,5,57,1,xgb,time,0.8121634721755981
48,5,66,1,xgb,time,0.9447493553161621
48,5,70,0,xgb,time,0.41533708572387695
48,5,77,1,xgb,time,0.8347744345664978
48,5,82,1,xgb,time,0.22281356155872345
48,5,84,0,xgb,time,0.4638008773326874
48,5,86,0,xgb,time,0.8316671848297119
48,5,94,1,xgb,time,0.8373457789421082
48,5,10,0,xgb,combined,0.21768981218338013
48,5,13,1,xgb,combined,0.6007408499717712
48,5,2,0,xgb,combined,0.5415259003639221
48,5,3,1,xgb,combined,0.6453698873519897
48,5,34,0,xgb,combined,0.5749599933624268
48,5,48,1,xgb,combined,0.26883333921432495
48,5,57,1,xgb,combined,0.8102152347564697
48,5,66,1,xgb,combined,0.6571054458618164
48,5,70,0,xgb,combined,0.630842924118042
48,5,77,1,xgb,combined,0.6022276282310486
48,5,82,1,xgb,combined,0.8358926177024841
48,5,84,0,xgb,combined,0.2678917944431305
48,5,86,0,xgb,combined,0.21768981218338013
48,5,94,1,xgb,combined,0.5603480339050293
48,5,10,0,xgb,mouse_time,0.3905230164527893
48,5,13,1,xgb,mouse_time,0.7101956009864807
48,5,2,0,xgb,mouse_time,0.6187474727630615
48,5,3,1,xgb,mouse_time,0.9605427384376526
48,5,34,0,xgb,mouse_time,0.09014341235160828
48,5,48,1,xgb,mouse_time,0.8456827402114868
48,5,57,1,xgb,mouse_time,0.8080503344535828
48,5,66,1,xgb,mouse_time,0.948007345199585
48,5,70,0,xgb,mouse_time,0.3955062925815582
48,5,77,1,xgb,mouse_time,0.8127785921096802
48,5,82,1,xgb,mouse_time,0.26446834206581116
48,5,84,0,xgb,mouse_time,0.4281822443008423
48,5,86,0,xgb,mouse_time,0.8375390768051147
48,5,94,1,xgb,mouse_time,0.8183547854423523
48,5,10,0,xgb,demographic_time,0.5070936679840088
48,5,13,1,xgb,demographic_time,0.7074324488639832
48,5,2,0,xgb,demographic_time,0.5899097919464111
48,5,3,1,xgb,demographic_time,0.9638903141021729
48,5,34,0,xgb,demographic_time,0.14036661386489868
48,5,48,1,xgb,demographic_time,0.8172236680984497
48,5,57,1,xgb,demographic_time,0.821566104888916
48,5,66,1,xgb,demographic_time,0.9546197056770325
48,5,70,0,xgb,demographic_time,0.4459095895290375
48,5,77,1,xgb,demographic_time,0.8045445680618286
48,5,82,1,xgb,demographic_time,0.2202484905719757
48,5,84,0,xgb,demographic_time,0.43947309255599976
48,5,86,0,xgb,demographic_time,0.8144824504852295
48,5,94,1,xgb,demographic_time,0.8489405512809753
48,5,10,0,xgb,all,0.5032831430435181
48,5,13,1,xgb,all,0.7102437615394592
48,5,2,0,xgb,all,0.5913130044937134
48,5,3,1,xgb,all,0.962919294834137
48,5,34,0,xgb,all,0.11002910137176514
48,5,48,1,xgb,all,0.8219307661056519
48,5,57,1,xgb,all,0.7888482213020325
48,5,66,1,xgb,all,0.9561874866485596
48,5,70,0,xgb,all,0.44136232137680054
48,5,77,1,xgb,all,0.8390516042709351
48,5,82,1,xgb,all,0.21805959939956665
48,5,84,0,xgb,all,0.38844236731529236
48,5,86,0,xgb,all,0.8442227840423584
48,5,94,1,xgb,all,0.8126319646835327
49,1,101,0,rf,mouse,0.48996879100018925
49,1,41,0,rf,mouse,0.48893607345352574
49,1,45,1,rf,mouse,0.4909572037707205
49,1,46,1,rf,mouse,0.4885171520623416
49,1,48,1,rf,mouse,0.49085154226776184
49,1,54,1,rf,mouse,0.49135438105009677
49,1,58,1,rf,mouse,0.49178810123177125
49,1,6,0,rf,mouse,0.48832377040708264
49,1,62,1,rf,mouse,0.49126800877448207
49,1,70,0,rf,mouse,0.4900494700350041
49,1,79,0,rf,mouse,0.4900028081206612
49,1,8,1,rf,mouse,0.49024141101050767
49,1,82,1,rf,mouse,0.49354447941939217
49,1,84,0,rf,mouse,0.4905344926305175
49,1,91,0,rf,mouse,0.49333518793015174
49,1,101,0,rf,demographic,0.5219906331318656
49,1,41,0,rf,demographic,0.26560580044198656
49,1,45,1,rf,demographic,0.41142776337347353
49,1,46,1,rf,demographic,0.7534443545739286
49,1,48,1,rf,demographic,0.27309475596371247
49,1,54,1,rf,demographic,0.27309475596371247
49,1,58,1,rf,demographic,0.33785766159057184
49,1,6,0,rf,demographic,0.24986980107074114
49,1,62,1,rf,demographic,0.43483269624949167
49,1,70,0,rf,demographic,0.43483269624949167
49,1,79,0,rf,demographic,0.5735687657796544
49,1,8,1,rf,demographic,0.25621393954009075
49,1,82,1,rf,demographic,0.9628669335950765
49,1,84,0,rf,demographic,0.3537033201866149
49,1,91,0,rf,demographic,1.0
49,1,101,0,rf,time,0.20959013105811636
49,1,41,0,rf,time,0.20654803099836125
49,1,45,1,rf,time,0.5491863048988385
49,1,46,1,rf,time,0.9373225670327752
49,1,48,1,rf,time,0.6072152937084674
49,1,54,1,rf,time,0.5190474048279031
49,1,58,1,rf,time,0.6964036802504269
49,1,6,0,rf,time,0.3875274722862138
49,1,62,1,rf,time,0.687151280583982
49,1,70,0,rf,time,0.3757348812833804
49,1,79,0,rf,time,0.3542269494132511
49,1,8,1,rf,time,0.2603720475350807
49,1,82,1,rf,time,0.4340743420695398
49,1,84,0,rf,time,0.5188898050904553
49,1,91,0,rf,time,0.5467762310018165
49,1,101,0,rf,combined,0.5103752509875208
49,1,41,0,rf,combined,0.2639265373470525
49,1,45,1,rf,combined,0.3990374621204107
49,1,46,1,rf,combined,0.7420526777663853
49,1,48,1,rf,combined,0.3096815019648286
49,1,54,1,rf,combined,0.3083665946347956
49,1,58,1,rf,combined,0.3854240660506202
49,1,6,0,rf,combined,0.2440373759181651
49,1,62,1,rf,combined,0.43109777311778663
49,1,70,0,rf,combined,0.42845279283747745
49,1,79,0,rf,combined,0.48684398384620114
49,1,8,1,rf,combined,0.34243384887686146
49,1,82,1,rf,combined,0.9021661278664643
49,1,84,0,rf,combined,0.3661179949542208
49,1,91,0,rf,combined,0.9226857648608925
49,1,101,0,rf,mouse_time,0.18233283258515062
49,1,41,0,rf,mouse_time,0.24217023938600718
49,1,45,1,rf,mouse_time,0.6346860284603066
49,1,46,1,rf,mouse_time,0.9361749937559141
49,1,48,1,rf,mouse_time,0.5950404584607715
49,1,54,1,rf,mouse_time,0.5073951061565452
49,1,58,1,rf,mouse_time,0.6829167390641935
49,1,6,0,rf,mouse_time,0.2889797142973886
49,1,62,1,rf,mouse_time,0.7184806141364335
49,1,70,0,rf,mouse_time,0.3903899501631704
49,1,79,0,rf,mouse_time,0.28441153293680077
49,1,8,1,rf,mouse_time,0.27167452512360124
49,1,82,1,rf,mouse_time,0.4736505106377812
49,1,84,0,rf,mouse_time,0.548972173385488
49,1,91,0,rf,mouse_time,0.5180099723483857
49,1,101,0,rf,demographic_time,0.19375237784954946
49,1,41,0,rf,demographic_time,0.18430482377215635
49,1,45,1,rf,demographic_time,0.6445517773431366
49,1,46,1,rf,demographic_time,0.9040848529485273
49,1,48,1,rf,demographic_time,0.5324292099054048
49,1,54,1,rf,demographic_time,0.41808205580607183
49,1,58,1,rf,demographic_time,0.7400404470470103
49,1,6,0,rf,demographic_time,0.289983831035939
49,1,62,1,rf,demographic_time,0.7101569438693406
49,1,70,0,rf,demographic_time,0.373601060021843
49,1,79,0,rf,demographic_time,0.29867568420939866
49,1,8,1,rf,demographic_time,0.26022485977517207
49,1,82,1,rf,demographic_time,0.5497692283220403
49,1,84,0,rf,demographic_time,0.43590818059567615
49,1,91,0,rf,demographic_time,0.5780572707632933
49,1,101,0,rf,all,0.19472027765761005
49,1,41,0,rf,all,0.202571166743646
49,1,45,1,rf,all,0.546633346416572
49,1,46,1,rf,all,0.925783621622022
49,1,48,1,rf,all,0.6131620586008915
49,1,54,1,rf,all,0.5892870255938966
49,1,58,1,rf,all,0.7379463653920966
49,1,6,0,rf,all,0.32302180950959813
49,1,62,1,rf,all,0.6434442197846292
49,1,70,0,rf,all,0.41569226587912844
49,1,79,0,rf,all,0.39366932051815534
49,1,8,1,rf,all,0.27380604322865043
49,1,82,1,rf,all,0.537758272136029
49,1,84,0,rf,all,0.5329307085207088
49,1,91,0,rf,all,0.6353036738562922
49,1,101,0,xgb,mouse,0.4978385865688324
49,1,41,0,xgb,mouse,0.493657648563385
49,1,45,1,xgb,mouse,0.4997837245464325
49,1,46,1,xgb,mouse,0.49153321981430054
49,1,48,1,xgb,mouse,0.4997837245464325
49,1,54,1,xgb,mouse,0.5005185604095459
49,1,58,1,xgb,mouse,0.500643253326416
49,1,6,0,xgb,mouse,0.49283188581466675
49,1,62,1,xgb,mouse,0.5000888109207153
49,1,70,0,xgb,mouse,0.4972544014453888
49,1,79,0,xgb,mouse,0.4972544014453888
49,1,8,1,xgb,mouse,0.4972544014453888
49,1,82,1,xgb,mouse,0.5018202066421509
49,1,84,0,xgb,mouse,0.4997837245464325
49,1,91,0,xgb,mouse,0.5011158585548401
49,1,101,0,xgb,demographic,0.692609429359436
49,1,41,0,xgb,demographic,0.07505591958761215
49,1,45,1,xgb,demographic,0.45925748348236084
49,1,46,1,xgb,demographic,0.7622759938240051
49,1,48,1,xgb,demographic,0.22646011412143707
49,1,54,1,xgb,demographic,0.22646011412143707
49,1,58,1,xgb,demographic,0.39796632528305054
49,1,6,0,xgb,demographic,0.14265969395637512
49,1,62,1,xgb,demographic,0.5805069208145142
49,1,70,0,xgb,demographic,0.5805069208145142
49,1,79,0,xgb,demographic,0.3345299959182739
49,1,8,1,xgb,demographic,0.24495427310466766
49,1,82,1,xgb,demographic,0.871913492679596
49,1,84,0,xgb,demographic,0.2748558521270752
49,1,91,0,xgb,demographic,0.9256306290626526
49,1,101,0,xgb,time,0.14273132383823395
49,1,41,0,xgb,time,0.278390496969223
49,1,45,1,xgb,time,0.23044678568840027
49,1,46,1,xgb,time,0.820573091506958
49,1,48,1,xgb,time,0.8204147815704346
49,1,54,1,xgb,time,0.7702677845954895
49,1,58,1,xgb,time,0.9477375745773315
49,1,6,0,xgb,time,0.4971361756324768
49,1,62,1,xgb,time,0.8716496229171753
49,1,70,0,xgb,time,0.5367958545684814
49,1,79,0,xgb,time,0.17833049595355988
49,1,8,1,xgb,time,0.13380573689937592
49,1,82,1,xgb,time,0.4260157644748688
49,1,84,0,xgb,time,0.14245963096618652
49,1,91,0,xgb,time,0.24518278241157532
49,1,101,0,xgb,combined,0.7102718949317932
49,1,41,0,xgb,combined,0.08596058189868927
49,1,45,1,xgb,combined,0.4531092047691345
49,1,46,1,xgb,combined,0.7886401414871216
49,1,48,1,xgb,combined,0.19949789345264435
49,1,54,1,xgb,combined,0.19949789345264435
49,1,58,1,xgb,combined,0.41677960753440857
49,1,6,0,xgb,combined,0.13986778259277344
49,1,62,1,xgb,combined,0.5670260787010193
49,1,70,0,xgb,combined,0.5670260787010193
49,1,79,0,xgb,combined,0.31990668177604675
49,1,8,1,xgb,combined,0.23675867915153503
49,1,82,1,xgb,combined,0.8650920391082764
49,1,84,0,xgb,combined,0.27615708112716675
49,1,91,0,xgb,combined,0.9126664996147156
49,1,101,0,xgb,mouse_time,0.15204918384552002
49,1,41,0,xgb,mouse_time,0.2725391089916229
49,1,45,1,xgb,mouse_time,0.2825685441493988
49,1,46,1,xgb,mouse_time,0.8383991718292236
49,1,48,1,xgb,mouse_time,0.7912662625312805
49,1,54,1,xgb,mouse_time,0.7584398984909058
49,1,58,1,xgb,mouse_time,0.9239271283149719
49,1,6,0,xgb,mouse_time,0.48027148842811584
49,1,62,1,xgb,mouse_time,0.8383312225341797
49,1,70,0,xgb,mouse_time,0.4899531900882721
49,1,79,0,xgb,mouse_time,0.16693079471588135
49,1,8,1,xgb,mouse_time,0.15336735546588898
49,1,82,1,xgb,mouse_time,0.4250754117965698
49,1,84,0,xgb,mouse_time,0.18319249153137207
49,1,91,0,xgb,mouse_time,0.2455543726682663
49,1,101,0,xgb,demographic_time,0.17906858026981354
49,1,41,0,xgb,demographic_time,0.21527864038944244
49,1,45,1,xgb,demographic_time,0.26144105195999146
49,1,46,1,xgb,demographic_time,0.8624610304832458
49,1,48,1,xgb,demographic_time,0.7884199619293213
49,1,54,1,xgb,demographic_time,0.7260598540306091
49,1,58,1,xgb,demographic_time,0.8839577436447144
49,1,6,0,xgb,demographic_time,0.34754034876823425
49,1,62,1,xgb,demographic_time,0.7718042731285095
49,1,70,0,xgb,demographic_time,0.5756916403770447
49,1,79,0,xgb,demographic_time,0.190047487616539
49,1,8,1,xgb,demographic_time,0.12778279185295105
49,1,82,1,xgb,demographic_time,0.6234040260314941
49,1,84,0,xgb,demographic_time,0.204042449593544
49,1,91,0,xgb,demographic_time,0.3280757963657379
49,1,101,0,xgb,all,0.17159193754196167
49,1,41,0,xgb,all,0.222192645072937
49,1,45,1,xgb,all,0.26819097995758057
49,1,46,1,xgb,all,0.8508003354072571
49,1,48,1,xgb,all,0.7165431380271912
49,1,54,1,xgb,all,0.8013951778411865
49,1,58,1,xgb,all,0.8917437791824341
49,1,6,0,xgb,all,0.3757263123989105
49,1,62,1,xgb,all,0.7654399275779724
49,1,70,0,xgb,all,0.5222248435020447
49,1,79,0,xgb,all,0.24550263583660126
49,1,8,1,xgb,all,0.12401082366704941
49,1,82,1,xgb,all,0.6236389875411987
49,1,84,0,xgb,all,0.20349153876304626
49,1,91,0,xgb,all,0.4498632848262787
49,2,12,1,rf,mouse,0.48483316634379997
49,2,13,1,rf,mouse,0.4885654399239727
49,2,17,1,rf,mouse,0.48678455952817634
49,2,2,0,rf,mouse,0.504660659692599
49,2,22,0,rf,mouse,0.4857753350175435
49,2,24,1,rf,mouse,0.49016013617082504
49,2,26,0,rf,mouse,0.49950213644848274
49,2,29,0,rf,mouse,0.4881834767477658
49,2,30,0,rf,mouse,0.486262753563805
49,2,35,0,rf,mouse,0.48525105098076804
49,2,47,1,rf,mouse,0.48673252014725765
49,2,64,1,rf,mouse,0.48859063859669327
49,2,9,1,rf,mouse,0.48624475685608415
49,2,94,1,rf,mouse,0.4990866441512209
49,2,95,0,rf,mouse,0.48570575478663236
49,2,12,1,rf,demographic,0.8693556840916633
49,2,13,1,rf,demographic,0.3720950281248226
49,2,17,1,rf,demographic,0.5666089394480552
49,2,2,0,rf,demographic,0.6117124155434766
49,2,22,0,rf,demographic,0.5269712285345338
49,2,24,1,rf,demographic,0.7777031053617299
49,2,26,0,rf,demographic,0.2981392927038306
49,2,29,0,rf,demographic,0.6137882132236728
49,2,30,0,rf,demographic,0.5827015076154993
49,2,35,0,rf,demographic,0.13526728269819688
49,2,47,1,rf,demographic,0.49893059755477986
49,2,64,1,rf,demographic,0.7332073172508381
49,2,9,1,rf,demographic,0.28597971259890176
49,2,94,1,rf,demographic,0.542379505492341
49,2,95,0,rf,demographic,0.19588309121521857
49,2,12,1,rf,time,0.8974927211056128
49,2,13,1,rf,time,0.7923803114389989
49,2,17,1,rf,time,0.6155213183981569
49,2,2,0,rf,time,0.7712850014528254
49,2,22,0,rf,time,0.6432258935655338
49,2,24,1,rf,time,0.49569461789066277
49,2,26,0,rf,time,0.42536498668848477
49,2,29,0,rf,time,0.7458580581179141
49,2,30,0,rf,time,0.17317760768730261
49,2,35,0,rf,time,0.2000754369274825
49,2,47,1,rf,time,0.23442214878024195
49,2,64,1,rf,time,0.207086332442669
49,2,9,1,rf,time,0.7757232698846422
49,2,94,1,rf,time,0.9060902553975483
49,2,95,0,rf,time,0.8229520227906761
49,2,12,1,rf,combined,0.7825973126110284
49,2,13,1,rf,combined,0.4296562287165348
49,2,17,1,rf,combined,0.5839827565140776
49,2,2,0,rf,combined,0.5652399762568598
49,2,22,0,rf,combined,0.5460351368395856
49,2,24,1,rf,combined,0.658694829816053
49,2,26,0,rf,combined,0.34848948208378816
49,2,29,0,rf,combined,0.5202901313306147
49,2,30,0,rf,combined,0.5349441537940226
49,2,35,0,rf,combined,0.22261059076254264
49,2,47,1,rf,combined,0.5919226676538887
49,2,64,1,rf,combined,0.6535930166125554
49,2,9,1,rf,combined,0.25314383192028755
49,2,94,1,rf,combined,0.49706953000903353
49,2,95,0,rf,combined,0.24808733091933793
49,2,12,1,rf,mouse_time,0.8994924219156888
49,2,13,1,rf,mouse_time,0.7929132546449649
49,2,17,1,rf,mouse_time,0.5686981991299938
49,2,2,0,rf,mouse_time,0.6687226438882117
49,2,22,0,rf,mouse_time,0.5708656818588065
49,2,24,1,rf,mouse_time,0.6219573647265035
49,2,26,0,rf,mouse_time,0.4389515009714036
49,2,29,0,rf,mouse_time,0.6723629445897334
49,2,30,0,rf,mouse_time,0.20058329768859337
49,2,35,0,rf,mouse_time,0.19549951913302605
49,2,47,1,rf,mouse_time,0.2204544778125665
49,2,64,1,rf,mouse_time,0.1669381618739319
49,2,9,1,rf,mouse_time,0.7473621100823284
49,2,94,1,rf,mouse_time,0.8869988810044795
49,2,95,0,rf,mouse_time,0.7638861817785283
49,2,12,1,rf,demographic_time,0.9533722348849919
49,2,13,1,rf,demographic_time,0.8312838380580114
49,2,17,1,rf,demographic_time,0.5055307194644149
49,2,2,0,rf,demographic_time,0.6909679056174649
49,2,22,0,rf,demographic_time,0.6217276773363067
49,2,24,1,rf,demographic_time,0.5358169910583924
49,2,26,0,rf,demographic_time,0.3869216731566875
49,2,29,0,rf,demographic_time,0.7015240396783865
49,2,30,0,rf,demographic_time,0.1794151502516243
49,2,35,0,rf,demographic_time,0.20358166069682643
49,2,47,1,rf,demographic_time,0.21247107115389063
49,2,64,1,rf,demographic_time,0.2531640678840367
49,2,9,1,rf,demographic_time,0.7950835953998394
49,2,94,1,rf,demographic_time,0.9065096531519046
49,2,95,0,rf,demographic_time,0.7845130517300387
49,2,12,1,rf,all,0.9182428732666346
49,2,13,1,rf,all,0.8290354189006137
49,2,17,1,rf,all,0.546149882745991
49,2,2,0,rf,all,0.7916186336636167
49,2,22,0,rf,all,0.6639264017523254
49,2,24,1,rf,all,0.4914648900279177
49,2,26,0,rf,all,0.35697522868063924
49,2,29,0,rf,all,0.7402066930535799
49,2,30,0,rf,all,0.16166915774753382
49,2,35,0,rf,all,0.19132096448454355
49,2,47,1,rf,all,0.20137446558554
49,2,64,1,rf,all,0.1915362177707291
49,2,9,1,rf,all,0.8026613637240999
49,2,94,1,rf,all,0.9020446680772197
49,2,95,0,rf,all,0.832205470255673
49,2,12,1,xgb,mouse,0.4916658401489258
49,2,13,1,xgb,mouse,0.4931342899799347
49,2,17,1,xgb,mouse,0.4931342899799347
49,2,2,0,xgb,mouse,0.505050778388977
49,2,22,0,xgb,mouse,0.4931342899799347
49,2,24,1,xgb,mouse,0.49560675024986267
49,2,26,0,xgb,mouse,0.5032943487167358
49,2,29,0,xgb,mouse,0.49451249837875366
49,2,30,0,xgb,mouse,0.4923156797885895
49,2,35,0,xgb,mouse,0.4931342899799347
49,2,47,1,xgb,mouse,0.49449074268341064
49,2,64,1,xgb,mouse,0.4945342242717743
49,2,9,1,xgb,mouse,0.4912070631980896
49,2,94,1,xgb,mouse,0.5008736848831177
49,2,95,0,xgb,mouse,0.4923156797885895
49,2,12,1,xgb,demographic,0.8204878568649292
49,2,13,1,xgb,demographic,0.4782296419143677
49,2,17,1,xgb,demographic,0.5944707989692688
49,2,2,0,xgb,demographic,0.19977614283561707
49,2,22,0,xgb,demographic,0.5082727670669556
49,2,24,1,xgb,demographic,0.6661301255226135
49,2,26,0,xgb,demographic,0.39697057008743286
49,2,29,0,xgb,demographic,0.47919321060180664
49,2,30,0,xgb,demographic,0.6409547924995422
49,2,35,0,xgb,demographic,0.16954055428504944
49,2,47,1,xgb,demographic,0.7208539843559265
49,2,64,1,xgb,demographic,0.8495925068855286
49,2,9,1,xgb,demographic,0.06102022901177406
49,2,94,1,xgb,demographic,0.6025570034980774
49,2,95,0,xgb,demographic,0.19735905528068542
49,2,12,1,xgb,time,0.9482430219650269
49,2,13,1,xgb,time,0.7688968777656555
49,2,17,1,xgb,time,0.7077608704566956
49,2,2,0,xgb,time,0.8538450002670288
49,2,22,0,xgb,time,0.7004675269126892
49,2,24,1,xgb,time,0.16179201006889343
49,2,26,0,xgb,time,0.14628323912620544
49,2,29,0,xgb,time,0.6531139016151428
49,2,30,0,xgb,time,0.1669583022594452
49,2,35,0,xgb,time,0.15294334292411804
49,2,47,1,xgb,time,0.144754096865654
49,2,64,1,xgb,time,0.08668617159128189
49,2,9,1,xgb,time,0.8944330215454102
49,2,94,1,xgb,time,0.9364016652107239
49,2,95,0,xgb,time,0.8497650027275085
49,2,12,1,xgb,combined,0.826078474521637
49,2,13,1,xgb,combined,0.49833276867866516
49,2,17,1,xgb,combined,0.5987369418144226
49,2,2,0,xgb,combined,0.20211394131183624
49,2,22,0,xgb,combined,0.5034770965576172
49,2,24,1,xgb,combined,0.6555177569389343
49,2,26,0,xgb,combined,0.44435930252075195
49,2,29,0,xgb,combined,0.5064659714698792
49,2,30,0,xgb,combined,0.6370013952255249
49,2,35,0,xgb,combined,0.17032821476459503
49,2,47,1,xgb,combined,0.683630108833313
49,2,64,1,xgb,combined,0.8812561631202698
49,2,9,1,xgb,combined,0.05875379219651222
49,2,94,1,xgb,combined,0.5875357985496521
49,2,95,0,xgb,combined,0.19693031907081604
49,2,12,1,xgb,mouse_time,0.9451451897621155
49,2,13,1,xgb,mouse_time,0.7812696695327759
49,2,17,1,xgb,mouse_time,0.7170314788818359
49,2,2,0,xgb,mouse_time,0.8649229407310486
49,2,22,0,xgb,mouse_time,0.7370848655700684
49,2,24,1,xgb,mouse_time,0.1551898568868637
49,2,26,0,xgb,mouse_time,0.13278301060199738
49,2,29,0,xgb,mouse_time,0.6657049655914307
49,2,30,0,xgb,mouse_time,0.16692085564136505
49,2,35,0,xgb,mouse_time,0.1446712464094162
49,2,47,1,xgb,mouse_time,0.15641658008098602
49,2,64,1,xgb,mouse_time,0.08361788839101791
49,2,9,1,xgb,mouse_time,0.8896892070770264
49,2,94,1,xgb,mouse_time,0.9372605085372925
49,2,95,0,xgb,mouse_time,0.8490042686462402
49,2,12,1,xgb,demographic_time,0.9485730528831482
49,2,13,1,xgb,demographic_time,0.7611663937568665
49,2,17,1,xgb,demographic_time,0.6755679249763489
49,2,2,0,xgb,demographic_time,0.8454670310020447
49,2,22,0,xgb,demographic_time,0.7175173163414001
49,2,24,1,xgb,demographic_time,0.1638215035200119
49,2,26,0,xgb,demographic_time,0.16008657217025757
49,2,29,0,xgb,demographic_time,0.6544164419174194
49,2,30,0,xgb,demographic_time,0.1749604344367981
49,2,35,0,xgb,demographic_time,0.14369232952594757
49,2,47,1,xgb,demographic_time,0.15125100314617157
49,2,64,1,xgb,demographic_time,0.09973083436489105
49,2,9,1,xgb,demographic_time,0.8808809518814087
49,2,94,1,xgb,demographic_time,0.9325621128082275
49,2,95,0,xgb,demographic_time,0.8195342421531677
49,2,12,1,xgb,all,0.9476960301399231
49,2,13,1,xgb,all,0.779913604259491
49,2,17,1,xgb,all,0.7288908362388611
49,2,2,0,xgb,all,0.8446279764175415
49,2,22,0,xgb,all,0.746120035648346
49,2,24,1,xgb,all,0.16132386028766632
49,2,26,0,xgb,all,0.12010959535837173
49,2,29,0,xgb,all,0.7002425789833069
49,2,30,0,xgb,all,0.16428624093532562
49,2,35,0,xgb,all,0.13780587911605835
49,2,47,1,xgb,all,0.16954532265663147
49,2,64,1,xgb,all,0.08864597976207733
49,2,9,1,xgb,all,0.8823537826538086
49,2,94,1,xgb,all,0.9430439472198486
49,2,95,0,xgb,all,0.8392466902732849
49,3,10,0,rf,mouse,0.4939335327469368
49,3,100,0,rf,mouse,0.4921306356482003
49,3,15,1,rf,mouse,0.48763700770051155
49,3,18,0,rf,mouse,0.4980287760900163
49,3,31,0,rf,mouse,0.4948573989802648
49,3,38,0,rf,mouse,0.4892361367851004
49,3,42,1,rf,mouse,0.49441050009387044
49,3,49,1,rf,mouse,0.4978679848965346
49,3,50,1,rf,mouse,0.49728502455441925
49,3,53,1,rf,mouse,0.4926303045083722
49,3,68,1,rf,mouse,0.4943094564906091
49,3,85,0,rf,mouse,0.49709755611629997
49,3,86,0,rf,mouse,0.49158993332531664
49,3,88,1,rf,mouse,0.5019736270596145
49,3,99,1,rf,mouse,0.49107558017906944
49,3,10,0,rf,demographic,0.218028120673135
49,3,100,0,rf,demographic,0.8417164567209768
49,3,15,1,rf,demographic,0.2986495299463198
49,3,18,0,rf,demographic,0.6706729695411405
49,3,31,0,rf,demographic,0.27977769220255155
49,3,38,0,rf,demographic,0.2740679011804336
49,3,42,1,rf,demographic,0.4451318082128398
49,3,49,1,rf,demographic,0.8417164567209768
49,3,50,1,rf,demographic,0.6252177119321918
49,3,53,1,rf,demographic,0.9396828574484315
49,3,68,1,rf,demographic,0.2986495299463198
49,3,85,0,rf,demographic,0.7650240894164414
49,3,86,0,rf,demographic,0.218028120673135
49,3,88,1,rf,demographic,0.6729401954915366
49,3,99,1,rf,demographic,0.41819166167105815
49,3,10,0,rf,time,0.33741238819191033
49,3,100,0,rf,time,0.4690918411198407
49,3,15,1,rf,time,0.6890366208113671
49,3,18,0,rf,time,0.5643109351625841
49,3,31,0,rf,time,0.8132067292985976
49,3,38,0,rf,time,0.5338830361319831
49,3,42,1,rf,time,0.6235700682657062
49,3,49,1,rf,time,0.9813504702304462
49,3,50,1,rf,time,0.8614702482029027
49,3,53,1,rf,time,0.33026835527070586
49,3,68,1,rf,time,0.43686508299705984
49,3,85,0,rf,time,0.5053991029868388
49,3,86,0,rf,time,0.8327192371053604
49,3,88,1,rf,time,0.8159253379207136
49,3,99,1,rf,time,0.5051602221383532
49,3,10,0,rf,combined,0.25499909082477973
49,3,100,0,rf,combined,0.7228718390191364
49,3,15,1,rf,combined,0.3760543351780814
49,3,18,0,rf,combined,0.6693034063508261
49,3,31,0,rf,combined,0.3572528808550029
49,3,38,0,rf,combined,0.28185604411042176
49,3,42,1,rf,combined,0.41646274939854033
49,3,49,1,rf,combined,0.7258263073896375
49,3,50,1,rf,combined,0.6308034998356176
49,3,53,1,rf,combined,0.8888621342428655
49,3,68,1,rf,combined,0.37581409396357046
49,3,85,0,rf,combined,0.7683863099072631
49,3,86,0,rf,combined,0.2549903344182561
49,3,88,1,rf,combined,0.5162966508203992
49,3,99,1,rf,combined,0.4114806610882436
49,3,10,0,rf,mouse_time,0.3782805120142973
49,3,100,0,rf,mouse_time,0.45436887027767314
49,3,15,1,rf,mouse_time,0.7258248478153714
49,3,18,0,rf,mouse_time,0.5510477010943765
49,3,31,0,rf,mouse_time,0.816213920131732
49,3,38,0,rf,mouse_time,0.48572358346704547
49,3,42,1,rf,mouse_time,0.5983668306594419
49,3,49,1,rf,mouse_time,0.9756438894697584
49,3,50,1,rf,mouse_time,0.895675419702985
49,3,53,1,rf,mouse_time,0.2845126044842412
49,3,68,1,rf,mouse_time,0.5010687062186865
49,3,85,0,rf,mouse_time,0.45893521497692547
49,3,86,0,rf,mouse_time,0.8643255944265658
49,3,88,1,rf,mouse_time,0.8379842004963493
49,3,99,1,rf,mouse_time,0.44942237711571353
49,3,10,0,rf,demographic_time,0.38856208154025834
49,3,100,0,rf,demographic_time,0.45455303160812877
49,3,15,1,rf,demographic_time,0.6879977229190318
49,3,18,0,rf,demographic_time,0.4872789646347783
49,3,31,0,rf,demographic_time,0.8736873262485334
49,3,38,0,rf,demographic_time,0.45091464287487454
49,3,42,1,rf,demographic_time,0.6111864397003557
49,3,49,1,rf,demographic_time,0.9839114354460843
49,3,50,1,rf,demographic_time,0.8651421312599584
49,3,53,1,rf,demographic_time,0.4133259974814451
49,3,68,1,rf,demographic_time,0.5431553823769681
49,3,85,0,rf,demographic_time,0.5270881990011518
49,3,86,0,rf,demographic_time,0.7911927523910534
49,3,88,1,rf,demographic_time,0.8424628936729075
49,3,99,1,rf,demographic_time,0.5450260087396812
49,3,10,0,rf,all,0.3732245618939464
49,3,100,0,rf,all,0.39836402214800676
49,3,15,1,rf,all,0.706388563600504
49,3,18,0,rf,all,0.5838546446096997
49,3,31,0,rf,all,0.8120465019830613
49,3,38,0,rf,all,0.40535016622194087
49,3,42,1,rf,all,0.5907794658637776
49,3,49,1,rf,all,0.9836441311268616
49,3,50,1,rf,all,0.8732306913892977
49,3,53,1,rf,all,0.45143985778096285
49,3,68,1,rf,all,0.4344635302833516
49,3,85,0,rf,all,0.5108271293232047
49,3,86,0,rf,all,0.8288870481796644
49,3,88,1,rf,all,0.8526011096210325
49,3,99,1,rf,all,0.5067006085003858
49,3,10,0,xgb,mouse,0.49212950468063354
49,3,100,0,xgb,mouse,0.49212950468063354
49,3,15,1,xgb,mouse,0.4890873432159424
49,3,18,0,xgb,mouse,0.5006885528564453
49,3,31,0,xgb,mouse,0.49463173747062683
49,3,38,0,xgb,mouse,0.4890873432159424
49,3,42,1,xgb,mouse,0.49696746468544006
49,3,49,1,xgb,mouse,0.5010536313056946
49,3,50,1,xgb,mouse,0.49804016947746277
49,3,53,1,xgb,mouse,0.49334943294525146
49,3,68,1,xgb,mouse,0.49401259422302246
49,3,85,0,xgb,mouse,0.49863579869270325
49,3,86,0,xgb,mouse,0.4908294081687927
49,3,88,1,xgb,mouse,0.5030063390731812
49,3,99,1,xgb,mouse,0.4893648028373718
49,3,10,0,xgb,demographic,0.1913289874792099
49,3,100,0,xgb,demographic,0.6747322082519531
49,3,15,1,xgb,demographic,0.4211218059062958
49,3,18,0,xgb,demographic,0.6935276389122009
49,3,31,0,xgb,demographic,0.4211218059062958
49,3,38,0,xgb,demographic,0.10827023535966873
49,3,42,1,xgb,demographic,0.3634583353996277
49,3,49,1,xgb,demographic,0.6747322082519531
49,3,50,1,xgb,demographic,0.6257957220077515
49,3,53,1,xgb,demographic,0.8822406530380249
49,3,68,1,xgb,demographic,0.4211218059062958
49,3,85,0,xgb,demographic,0.7090125679969788
49,3,86,0,xgb,demographic,0.1913289874792099
49,3,88,1,xgb,demographic,0.4627360701560974
49,3,99,1,xgb,demographic,0.4437429904937744
49,3,10,0,xgb,time,0.39930015802383423
49,3,100,0,xgb,time,0.4053157567977905
49,3,15,1,xgb,time,0.41281187534332275
49,3,18,0,xgb,time,0.5755544304847717
49,3,31,0,xgb,time,0.7936137318611145
49,3,38,0,xgb,time,0.516459047794342
49,3,42,1,xgb,time,0.5012096762657166
49,3,49,1,xgb,time,0.9642305374145508
49,3,50,1,xgb,time,0.8856214284896851
49,3,53,1,xgb,time,0.3167825937271118
49,3,68,1,xgb,time,0.3488280773162842
49,3,85,0,xgb,time,0.3315827548503876
49,3,86,0,xgb,time,0.855064332485199
49,3,88,1,xgb,time,0.7842183709144592
49,3,99,1,xgb,time,0.4173021912574768
49,3,10,0,xgb,combined,0.21044595539569855
49,3,100,0,xgb,combined,0.6737186312675476
49,3,15,1,xgb,combined,0.400850385427475
49,3,18,0,xgb,combined,0.6917619109153748
49,3,31,0,xgb,combined,0.400850385427475
49,3,38,0,xgb,combined,0.1380176693201065
49,3,42,1,xgb,combined,0.33118265867233276
49,3,49,1,xgb,combined,0.6737186312675476
49,3,50,1,xgb,combined,0.6369137763977051
49,3,53,1,xgb,combined,0.8875110745429993
49,3,68,1,xgb,combined,0.400850385427475
49,3,85,0,xgb,combined,0.7586421966552734
49,3,86,0,xgb,combined,0.21044595539569855
49,3,88,1,xgb,combined,0.4443196654319763
49,3,99,1,xgb,combined,0.4306495189666748
49,3,10,0,xgb,mouse_time,0.4151327908039093
49,3,100,0,xgb,mouse_time,0.39639607071876526
49,3,15,1,xgb,mouse_time,0.38651999831199646
49,3,18,0,xgb,mouse_time,0.598543643951416
49,3,31,0,xgb,mouse_time,0.8059440851211548
49,3,38,0,xgb,mouse_time,0.40898939967155457
49,3,42,1,xgb,mouse_time,0.4961269795894623
49,3,49,1,xgb,mouse_time,0.9668607711791992
49,3,50,1,xgb,mouse_time,0.8673983812332153
49,3,53,1,xgb,mouse_time,0.25510847568511963
49,3,68,1,xgb,mouse_time,0.37981683015823364
49,3,85,0,xgb,mouse_time,0.31273993849754333
49,3,86,0,xgb,mouse_time,0.869061291217804
49,3,88,1,xgb,mouse_time,0.8016448616981506
49,3,99,1,xgb,mouse_time,0.3785938620567322
49,3,10,0,xgb,demographic_time,0.3957860469818115
49,3,100,0,xgb,demographic_time,0.46424293518066406
49,3,15,1,xgb,demographic_time,0.415504515171051
49,3,18,0,xgb,demographic_time,0.5834397673606873
49,3,31,0,xgb,demographic_time,0.7895270586013794
49,3,38,0,xgb,demographic_time,0.43797752261161804
49,3,42,1,xgb,demographic_time,0.420407772064209
49,3,49,1,xgb,demographic_time,0.9720606207847595
49,3,50,1,xgb,demographic_time,0.8932287096977234
49,3,53,1,xgb,demographic_time,0.4885648787021637
49,3,68,1,xgb,demographic_time,0.34939855337142944
49,3,85,0,xgb,demographic_time,0.360615074634552
49,3,86,0,xgb,demographic_time,0.8649783134460449
49,3,88,1,xgb,demographic_time,0.8260427713394165
49,3,99,1,xgb,demographic_time,0.3186018764972687
49,3,10,0,xgb,all,0.37910938262939453
49,3,100,0,xgb,all,0.44307613372802734
49,3,15,1,xgb,all,0.39019542932510376
49,3,18,0,xgb,all,0.5832736492156982
49,3,31,0,xgb,all,0.7875296473503113
49,3,38,0,xgb,all,0.40759143233299255
49,3,42,1,xgb,all,0.41572999954223633
49,3,49,1,xgb,all,0.9689369201660156
49,3,50,1,xgb,all,0.8840374946594238
49,3,53,1,xgb,all,0.46185755729675293
49,3,68,1,xgb,all,0.40088343620300293
49,3,85,0,xgb,all,0.3674493134021759
49,3,86,0,xgb,all,0.8691178560256958
49,3,88,1,xgb,all,0.8403060436248779
49,3,99,1,xgb,all,0.33894798159599304
49,4,11,1,rf,mouse,0.5005726791768645
49,4,14,0,rf,mouse,0.49169324817408266
49,4,16,1,rf,mouse,0.4954737289962865
49,4,21,0,rf,mouse,0.4963015067779524
49,4,28,0,rf,mouse,0.49697651831748885
49,4,34,0,rf,mouse,0.49883575540552655
49,4,39,0,rf,mouse,0.49312432343557455
49,4,40,0,rf,mouse,0.5040714111087815
49,4,5,1,rf,mouse,0.5010486656783428
49,4,51,1,rf,mouse,0.4954002149917307
49,4,57,1,rf,mouse,0.5037870027548588
49,4,66,1,rf,mouse,0.508359426964879
49,4,69,1,rf,mouse,0.49633048885854353
49,4,77,1,rf,mouse,0.49400703504183907
49,4,97,1,rf,mouse,0.4987164933052627
49,4,11,1,rf,demographic,0.7653681941512831
49,4,14,0,rf,demographic,0.7310092876783302
49,4,16,1,rf,demographic,0.67241665307991
49,4,21,0,rf,demographic,0.7742171214573654
49,4,28,0,rf,demographic,0.5515175464130192
49,4,34,0,rf,demographic,0.6956605301091466
49,4,39,0,rf,demographic,0.6301594811647757
49,4,40,0,rf,demographic,0.7051730494377303
49,4,5,1,rf,demographic,0.5315582505166266
49,4,51,1,rf,demographic,0.5871229215268505
49,4,57,1,rf,demographic,0.695156371820181
49,4,66,1,rf,demographic,0.7653681941512831
49,4,69,1,rf,demographic,0.5721651014428414
49,4,77,1,rf,demographic,0.7035093801834227
49,4,97,1,rf,demographic,0.67241665307991
49,4,11,1,rf,time,0.5055337821203962
49,4,14,0,rf,time,0.17018268624341226
49,4,16,1,rf,time,0.18620707106706777
49,4,21,0,rf,time,0.521237677703152
49,4,28,0,rf,time,0.18321987177656673
49,4,34,0,rf,time,0.35417315300493524
49,4,39,0,rf,time,0.2455503532419741
49,4,40,0,rf,time,0.2433771838707289
49,4,5,1,rf,time,0.69033456551349
49,4,51,1,rf,time,0.29245607460308665
49,4,57,1,rf,time,0.8390932810165138
49,4,66,1,rf,time,0.8712259550169446
49,4,69,1,rf,time,0.6725000663035383
49,4,77,1,rf,time,0.6274840653891226
49,4,97,1,rf,time,0.7125635762704983
49,4,11,1,rf,combined,0.6230249020717848
49,4,14,0,rf,combined,0.7584144183959591
49,4,16,1,rf,combined,0.6721284263142246
49,4,21,0,rf,combined,0.7671129035118842
49,4,28,0,rf,combined,0.5355349140674783
49,4,34,0,rf,combined,0.713301912281136
49,4,39,0,rf,combined,0.5556413884011093
49,4,40,0,rf,combined,0.7141913933169136
49,4,5,1,rf,combined,0.5611284588766035
49,4,51,1,rf,combined,0.542778093603766
49,4,57,1,rf,combined,0.6445856253155746
49,4,66,1,rf,combined,0.6263507110915395
49,4,69,1,rf,combined,0.6726131062669957
49,4,77,1,rf,combined,0.6982094334532716
49,4,97,1,rf,combined,0.6729363674833355
49,4,11,1,rf,mouse_time,0.49664370087795084
49,4,14,0,rf,mouse_time,0.24679816538863503
49,4,16,1,rf,mouse_time,0.23391426767923756
49,4,21,0,rf,mouse_time,0.43879530478674156
49,4,28,0,rf,mouse_time,0.17033938415702393
49,4,34,0,rf,mouse_time,0.39674536553973694
49,4,39,0,rf,mouse_time,0.2666164076174533
49,4,40,0,rf,mouse_time,0.28297759348523266
49,4,5,1,rf,mouse_time,0.696552530196013
49,4,51,1,rf,mouse_time,0.238024878389617
49,4,57,1,rf,mouse_time,0.8361544391538187
49,4,66,1,rf,mouse_time,0.8886239489852803
49,4,69,1,rf,mouse_time,0.6482142618222573
49,4,77,1,rf,mouse_time,0.6629693043075332
49,4,97,1,rf,mouse_time,0.7279498612965336
49,4,11,1,rf,demographic_time,0.5217392271425157
49,4,14,0,rf,demographic_time,0.2081279836315713
49,4,16,1,rf,demographic_time,0.20666711565829288
49,4,21,0,rf,demographic_time,0.45296619811703664
49,4,28,0,rf,demographic_time,0.21823668326787432
49,4,34,0,rf,demographic_time,0.36546386504857253
49,4,39,0,rf,demographic_time,0.2518115138712801
49,4,40,0,rf,demographic_time,0.2900442429985901
49,4,5,1,rf,demographic_time,0.7759967379842299
49,4,51,1,rf,demographic_time,0.2943383884969159
49,4,57,1,rf,demographic_time,0.8475191895849876
49,4,66,1,rf,demographic_time,0.9015163587873909
49,4,69,1,rf,demographic_time,0.6486184086800186
49,4,77,1,rf,demographic_time,0.6231782808262276
49,4,97,1,rf,demographic_time,0.7271722048169779
49,4,11,1,rf,all,0.5188701799683504
49,4,14,0,rf,all,0.19991194831276315
49,4,16,1,rf,all,0.2634320639038289
49,4,21,0,rf,all,0.4815042052202109
49,4,28,0,rf,all,0.19463564069913517
49,4,34,0,rf,all,0.41141091101311283
49,4,39,0,rf,all,0.22342263125269168
49,4,40,0,rf,all,0.29711308294277183
49,4,5,1,rf,all,0.6579166901985634
49,4,51,1,rf,all,0.30943507398235404
49,4,57,1,rf,all,0.8423483904148708
49,4,66,1,rf,all,0.8389990168724702
49,4,69,1,rf,all,0.6385843466917439
49,4,77,1,rf,all,0.6680934250309536
49,4,97,1,rf,all,0.7136694024360988
49,4,11,1,xgb,mouse,0.49846595525741577
49,4,14,0,xgb,mouse,0.4946882128715515
49,4,16,1,xgb,mouse,0.4959767758846283
49,4,21,0,xgb,mouse,0.49731263518333435
49,4,28,0,xgb,mouse,0.49731263518333435
49,4,34,0,xgb,mouse,0.49846595525741577
49,4,39,0,xgb,mouse,0.4946882128715515
49,4,40,0,xgb,mouse,0.49980196356773376
49,4,5,1,xgb,mouse,0.49846595525741577
49,4,51,1,xgb,mouse,0.4960239827632904
49,4,57,1,xgb,mouse,0.49980196356773376
49,4,66,1,xgb,mouse,0.5011253356933594
49,4,69,1,xgb,mouse,0.4969058632850647
49,4,77,1,xgb,mouse,0.49556997418403625
49,4,97,1,xgb,mouse,0.49710923433303833
49,4,11,1,xgb,demographic,0.546548068523407
49,4,14,0,xgb,demographic,0.8321002125740051
49,4,16,1,xgb,demographic,0.6407630443572998
49,4,21,0,xgb,demographic,0.8321002125740051
49,4,28,0,xgb,demographic,0.5601372122764587
49,4,34,0,xgb,demographic,0.6407630443572998
49,4,39,0,xgb,demographic,0.39742693305015564
49,4,40,0,xgb,demographic,0.6407630443572998
49,4,5,1,xgb,demographic,0.4231345057487488
49,4,51,1,xgb,demographic,0.815792977809906
49,4,57,1,xgb,demographic,0.8038977384567261
49,4,66,1,xgb,demographic,0.546548068523407
49,4,69,1,xgb,demographic,0.8750002384185791
49,4,77,1,xgb,demographic,0.5629637241363525
49,4,97,1,xgb,demographic,0.6407630443572998
49,4,11,1,xgb,time,0.5417100191116333
49,4,14,0,xgb,time,0.15502187609672546
49,4,16,1,xgb,time,0.14740490913391113
49,4,21,0,xgb,time,0.5940804481506348
49,4,28,0,xgb,time,0.08792521804571152
49,4,34,0,xgb,time,0.11678145080804825
49,4,39,0,xgb,time,0.20978417992591858
49,4,40,0,xgb,time,0.13903461396694183
49,4,5,1,xgb,time,0.4972987174987793
49,4,51,1,xgb,time,0.18634499609470367
49,4,57,1,xgb,time,0.9355296492576599
49,4,66,1,xgb,time,0.9554259181022644
49,4,69,1,xgb,time,0.6696808338165283
49,4,77,1,xgb,time,0.8425074815750122
49,4,97,1,xgb,time,0.7013258934020996
49,4,11,1,xgb,combined,0.546077311038971
49,4,14,0,xgb,combined,0.8296021819114685
49,4,16,1,xgb,combined,0.6282531023025513
49,4,21,0,xgb,combined,0.8296021819114685
49,4,28,0,xgb,combined,0.5698970556259155
49,4,34,0,xgb,combined,0.6282531023025513
49,4,39,0,xgb,combined,0.44699162244796753
49,4,40,0,xgb,combined,0.6282531023025513
49,4,5,1,xgb,combined,0.3904707431793213
49,4,51,1,xgb,combined,0.8551400303840637
49,4,57,1,xgb,combined,0.8205714225769043
49,4,66,1,xgb,combined,0.546077311038971
49,4,69,1,xgb,combined,0.8863681554794312
49,4,77,1,xgb,combined,0.5221384167671204
49,4,97,1,xgb,combined,0.6282531023025513
49,4,11,1,xgb,mouse_time,0.5207122564315796
49,4,14,0,xgb,mouse_time,0.15259765088558197
49,4,16,1,xgb,mouse_time,0.1574762463569641
49,4,21,0,xgb,mouse_time,0.5669286251068115
49,4,28,0,xgb,mouse_time,0.081265889108181
49,4,34,0,xgb,mouse_time,0.12411489337682724
49,4,39,0,xgb,mouse_time,0.20546166598796844
49,4,40,0,xgb,mouse_time,0.16520117223262787
49,4,5,1,xgb,mouse_time,0.4989173114299774
49,4,51,1,xgb,mouse_time,0.20583476126194
49,4,57,1,xgb,mouse_time,0.9371978044509888
49,4,66,1,xgb,mouse_time,0.9543560147285461
49,4,69,1,xgb,mouse_time,0.6917431354522705
49,4,77,1,xgb,mouse_time,0.8258839249610901
49,4,97,1,xgb,mouse_time,0.7165576815605164
49,4,11,1,xgb,demographic_time,0.5134347081184387
49,4,14,0,xgb,demographic_time,0.17196904122829437
49,4,16,1,xgb,demographic_time,0.14863595366477966
49,4,21,0,xgb,demographic_time,0.5756257176399231
49,4,28,0,xgb,demographic_time,0.09251512587070465
49,4,34,0,xgb,demographic_time,0.13063021004199982
49,4,39,0,xgb,demographic_time,0.22307655215263367
49,4,40,0,xgb,demographic_time,0.15473397076129913
49,4,5,1,xgb,demographic_time,0.4743909239768982
49,4,51,1,xgb,demographic_time,0.1598261594772339
49,4,57,1,xgb,demographic_time,0.8622267246246338
49,4,66,1,xgb,demographic_time,0.9699338674545288
49,4,69,1,xgb,demographic_time,0.6587628126144409
49,4,77,1,xgb,demographic_time,0.9149695038795471
49,4,97,1,xgb,demographic_time,0.7077094912528992
49,4,11,1,xgb,all,0.4945945143699646
49,4,14,0,xgb,all,0.18372121453285217
49,4,16,1,xgb,all,0.14591607451438904
49,4,21,0,xgb,all,0.581895112991333
49,4,28,0,xgb,all,0.09379833191633224
49,4,34,0,xgb,all,0.1296650618314743
49,4,39,0,xgb,all,0.2159968465566635
49,4,40,0,xgb,all,0.12888069450855255
49,4,5,1,xgb,all,0.47721078991889954
49,4,51,1,xgb,all,0.21175944805145264
49,4,57,1,xgb,all,0.8674994707107544
49,4,66,1,xgb,all,0.9713928699493408
49,4,69,1,xgb,all,0.6778823137283325
49,4,77,1,xgb,all,0.9226778745651245
49,4,97,1,xgb,all,0.7247058749198914
49,5,19,1,rf,mouse,0.4891646703563779
49,5,20,1,rf,mouse,0.49175539536260315
49,5,23,0,rf,mouse,0.4922168754696803
49,5,27,1,rf,mouse,0.4935118026517209
49,5,3,1,rf,mouse,0.4916495828683356
49,5,36,0,rf,mouse,0.49242141645182447
49,5,60,1,rf,mouse,0.4912971251197076
49,5,78,0,rf,mouse,0.4900326077412186
49,5,83,0,rf,mouse,0.49300674098167063
49,5,87,0,rf,mouse,0.491830587229854
49,5,89,0,rf,mouse,0.48886359832101656
49,5,92,1,rf,mouse,0.4906107007439212
49,5,93,1,rf,mouse,0.4870576177225699
49,5,98,1,rf,mouse,0.49284992777713
49,5,19,1,rf,demographic,0.5451298337216776
49,5,20,1,rf,demographic,0.23704267100056392
49,5,23,0,rf,demographic,0.7554273303377415
49,5,27,1,rf,demographic,0.4529575685218677
49,5,3,1,rf,demographic,0.32249517945162337
49,5,36,0,rf,demographic,0.5951905220222377
49,5,60,1,rf,demographic,0.4281191180753581
49,5,78,0,rf,demographic,0.1720795569658855
49,5,83,0,rf,demographic,0.7808540484102151
49,5,87,0,rf,demographic,0.08399714409628592
49,5,89,0,rf,demographic,0.4936130444332463
49,5,92,1,rf,demographic,0.8967120995246329
49,5,93,1,rf,demographic,0.1223329909799736
49,5,98,1,rf,demographic,0.1720795569658855
49,5,19,1,rf,time,0.48656891120061846
49,5,20,1,rf,time,0.9222776213472935
49,5,23,0,rf,time,0.7038803235207933
49,5,27,1,rf,time,0.7348749287935931
49,5,3,1,rf,time,0.8294044695593911
49,5,36,0,rf,time,0.4216496687596186
49,5,60,1,rf,time,0.7417564301240515
49,5,78,0,rf,time,0.5250625519183981
49,5,83,0,rf,time,0.5151713687419612
49,5,87,0,rf,time,0.7060896609326832
49,5,89,0,rf,time,0.4429967801911645
49,5,92,1,rf,time,0.5949367838426185
49,5,93,1,rf,time,0.5159780953734999
49,5,98,1,rf,time,0.5164918141320206
49,5,19,1,rf,combined,0.3830098315422673
49,5,20,1,rf,combined,0.43484542565653905
49,5,23,0,rf,combined,0.5890271092573063
49,5,27,1,rf,combined,0.5878669388620791
49,5,3,1,rf,combined,0.32386529007345427
49,5,36,0,rf,combined,0.6099363703646277
49,5,60,1,rf,combined,0.4662000359678307
49,5,78,0,rf,combined,0.19734332250682612
49,5,83,0,rf,combined,0.5975652146684196
49,5,87,0,rf,combined,0.1657057361066327
49,5,89,0,rf,combined,0.6267350119359291
49,5,92,1,rf,combined,0.838393373089098
49,5,93,1,rf,combined,0.2165321462968023
49,5,98,1,rf,combined,0.19798121454908463
49,5,19,1,rf,mouse_time,0.5259174219924846
49,5,20,1,rf,mouse_time,0.9371855686865924
49,5,23,0,rf,mouse_time,0.6202108182967334
49,5,27,1,rf,mouse_time,0.6731650312234833
49,5,3,1,rf,mouse_time,0.838674307182049
49,5,36,0,rf,mouse_time,0.4596699764789247
49,5,60,1,rf,mouse_time,0.6582305073378919
49,5,78,0,rf,mouse_time,0.5163162320553116
49,5,83,0,rf,mouse_time,0.5279668268692695
49,5,87,0,rf,mouse_time,0.6883953478498042
49,5,89,0,rf,mouse_time,0.43279753501674084
49,5,92,1,rf,mouse_time,0.6032703563924506
49,5,93,1,rf,mouse_time,0.44809759465268034
49,5,98,1,rf,mouse_time,0.5344494024929811
49,5,19,1,rf,demographic_time,0.535629929224336
49,5,20,1,rf,demographic_time,0.9045037174185457
49,5,23,0,rf,demographic_time,0.5981546762691184
49,5,27,1,rf,demographic_time,0.7170241631147476
49,5,3,1,rf,demographic_time,0.8301490436073881
49,5,36,0,rf,demographic_time,0.4554701404368845
49,5,60,1,rf,demographic_time,0.6462140150560263
49,5,78,0,rf,demographic_time,0.4731178599907831
49,5,83,0,rf,demographic_time,0.5181885774703401
49,5,87,0,rf,demographic_time,0.6315243714091694
49,5,89,0,rf,demographic_time,0.41361412427558397
49,5,92,1,rf,demographic_time,0.6133714972646904
49,5,93,1,rf,demographic_time,0.45990043967010197
49,5,98,1,rf,demographic_time,0.4801817983674194
49,5,19,1,rf,all,0.4637010570359836
49,5,20,1,rf,all,0.9179113444656692
49,5,23,0,rf,all,0.5949899848455856
49,5,27,1,rf,all,0.7051835479288759
49,5,3,1,rf,all,0.814124943613761
49,5,36,0,rf,all,0.4577209718035153
49,5,60,1,rf,all,0.6418483620951869
49,5,78,0,rf,all,0.506049419514042
49,5,83,0,rf,all,0.4925961503707099
49,5,87,0,rf,all,0.6924298810202918
49,5,89,0,rf,all,0.4197193066313055
49,5,92,1,rf,all,0.6098296141944772
49,5,93,1,rf,all,0.44046530067419465
49,5,98,1,rf,all,0.4453176693388462
49,5,19,1,xgb,mouse,0.4879641830921173
49,5,20,1,xgb,mouse,0.49259886145591736
49,5,23,0,xgb,mouse,0.49259886145591736
49,5,27,1,xgb,mouse,0.4963069558143616
49,5,3,1,xgb,mouse,0.49259886145591736
49,5,36,0,xgb,mouse,0.49259886145591736
49,5,60,1,xgb,mouse,0.49016183614730835
49,5,78,0,xgb,mouse,0.49259886145591736
49,5,83,0,xgb,mouse,0.49259886145591736
49,5,87,0,xgb,mouse,0.49259886145591736
49,5,89,0,xgb,mouse,0.4879641830921173
49,5,92,1,xgb,mouse,0.48969823122024536
49,5,93,1,xgb,mouse,0.48551949858665466
49,5,98,1,xgb,mouse,0.4963069558143616
49,5,19,1,xgb,demographic,0.45097270607948303
49,5,20,1,xgb,demographic,0.6574981808662415
49,5,23,0,xgb,demographic,0.7166120409965515
49,5,27,1,xgb,demographic,0.37598609924316406
49,5,3,1,xgb,demographic,0.3071077764034271
49,5,36,0,xgb,demographic,0.5664125084877014
49,5,60,1,xgb,demographic,0.4761401116847992
49,5,78,0,xgb,demographic,0.07960079610347748
49,5,83,0,xgb,demographic,0.8233521580696106
49,5,87,0,xgb,demographic,0.09297893941402435
49,5,89,0,xgb,demographic,0.5686879754066467
49,5,92,1,xgb,demographic,0.8656924962997437
49,5,93,1,xgb,demographic,0.2928211987018585
49,5,98,1,xgb,demographic,0.07960079610347748
49,5,19,1,xgb,time,0.26910167932510376
49,5,20,1,xgb,time,0.948061466217041
49,5,23,0,xgb,time,0.6345166563987732
49,5,27,1,xgb,time,0.6757073998451233
49,5,3,1,xgb,time,0.8878799676895142
49,5,36,0,xgb,time,0.34019067883491516
49,5,60,1,xgb,time,0.6118120551109314
49,5,78,0,xgb,time,0.4334797263145447
49,5,83,0,xgb,time,0.46125125885009766
49,5,87,0,xgb,time,0.31477993726730347
49,5,89,0,xgb,time,0.6012120842933655
49,5,92,1,xgb,time,0.5316468477249146
49,5,93,1,xgb,time,0.47503161430358887
49,5,98,1,xgb,time,0.4255831837654114
49,5,19,1,xgb,combined,0.39341241121292114
49,5,20,1,xgb,combined,0.6464876532554626
49,5,23,0,xgb,combined,0.710026204586029
49,5,27,1,xgb,combined,0.3407742977142334
49,5,3,1,xgb,combined,0.2625078856945038
49,5,36,0,xgb,combined,0.5833756327629089
49,5,60,1,xgb,combined,0.4910508692264557
49,5,78,0,xgb,combined,0.08774256706237793
49,5,83,0,xgb,combined,0.8375926613807678
49,5,87,0,xgb,combined,0.10943582653999329
49,5,89,0,xgb,combined,0.602519154548645
49,5,92,1,xgb,combined,0.8799915909767151
49,5,93,1,xgb,combined,0.2435690313577652
49,5,98,1,xgb,combined,0.08774256706237793
49,5,19,1,xgb,mouse_time,0.24979275465011597
49,5,20,1,xgb,mouse_time,0.9429152607917786
49,5,23,0,xgb,mouse_time,0.6725623607635498
49,5,27,1,xgb,mouse_time,0.6729661822319031
49,5,3,1,xgb,mouse_time,0.8837485313415527
49,5,36,0,xgb,mouse_time,0.35187873244285583
49,5,60,1,xgb,mouse_time,0.6174942255020142
49,5,78,0,xgb,mouse_time,0.4200686514377594
49,5,83,0,xgb,mouse_time,0.4555506110191345
49,5,87,0,xgb,mouse_time,0.331279456615448
49,5,89,0,xgb,mouse_time,0.615881621837616
49,5,92,1,xgb,mouse_time,0.5350220799446106
49,5,93,1,xgb,mouse_time,0.4767325520515442
49,5,98,1,xgb,mouse_time,0.4335015118122101
49,5,19,1,xgb,demographic_time,0.27325570583343506
49,5,20,1,xgb,demographic_time,0.9476054310798645
49,5,23,0,xgb,demographic_time,0.6097092628479004
49,5,27,1,xgb,demographic_time,0.6851975917816162
49,5,3,1,xgb,demographic_time,0.8958494663238525
49,5,36,0,xgb,demographic_time,0.3608151078224182
49,5,60,1,xgb,demographic_time,0.5923473834991455
49,5,78,0,xgb,demographic_time,0.40339383482933044
49,5,83,0,xgb,demographic_time,0.4520377814769745
49,5,87,0,xgb,demographic_time,0.31609272956848145
49,5,89,0,xgb,demographic_time,0.5573158860206604
49,5,92,1,xgb,demographic_time,0.5596177577972412
49,5,93,1,xgb,demographic_time,0.4531381130218506
49,5,98,1,xgb,demographic_time,0.441922664642334
49,5,19,1,xgb,all,0.24464274942874908
49,5,20,1,xgb,all,0.947135865688324
49,5,23,0,xgb,all,0.6308700442314148
49,5,27,1,xgb,all,0.7091856598854065
49,5,3,1,xgb,all,0.8995030522346497
49,5,36,0,xgb,all,0.3916524648666382
49,5,60,1,xgb,all,0.5780317187309265
49,5,78,0,xgb,all,0.3956441283226013
49,5,83,0,xgb,all,0.4739222526550293
49,5,87,0,xgb,all,0.30172106623649597
49,5,89,0,xgb,all,0.5841488838195801
49,5,92,1,xgb,all,0.5677204728126526
49,5,93,1,xgb,all,0.44104230403900146
49,5,98,1,xgb,all,0.4149899184703827
50,1,12,1,rf,mouse,0.4893763438474353
50,1,2,0,rf,mouse,0.49313935302083306
50,1,24,1,rf,mouse,0.49238343300125437
50,1,36,0,rf,mouse,0.4898488779746322
50,1,42,1,rf,mouse,0.491576304291502
50,1,53,1,rf,mouse,0.4908849166989098
50,1,6,0,rf,mouse,0.4878964974393738
50,1,62,1,rf,mouse,0.49163029280322423
50,1,68,1,rf,mouse,0.48898568369097417
50,1,84,0,rf,mouse,0.4939388586602912
50,1,85,0,rf,mouse,0.4943498527649509
50,1,86,0,rf,mouse,0.4925401908421554
50,1,87,0,rf,mouse,0.48842768689199473
50,1,9,1,rf,mouse,0.49172740066309706
50,1,94,1,rf,mouse,0.49419257348274426
50,1,12,1,rf,demographic,0.9272084755256061
50,1,2,0,rf,demographic,0.6256944897189076
50,1,24,1,rf,demographic,0.7283870431111887
50,1,36,0,rf,demographic,0.5360512882883547
50,1,42,1,rf,demographic,0.38934963987533855
50,1,53,1,rf,demographic,0.9272084755256061
50,1,6,0,rf,demographic,0.11161649285394579
50,1,62,1,rf,demographic,0.38934963987533855
50,1,68,1,rf,demographic,0.38934963987533855
50,1,84,0,rf,demographic,0.3035573125154092
50,1,85,0,rf,demographic,0.8360234654731409
50,1,86,0,rf,demographic,0.23082501666063973
50,1,87,0,rf,demographic,0.2128833646419551
50,1,9,1,rf,demographic,0.24945858980511953
50,1,94,1,rf,demographic,0.491931649916758
50,1,12,1,rf,time,0.9177241819682168
50,1,2,0,rf,time,0.6546333842227952
50,1,24,1,rf,time,0.37063306224596954
50,1,36,0,rf,time,0.34171077890566803
50,1,42,1,rf,time,0.660568086023283
50,1,53,1,rf,time,0.43224473881792325
50,1,6,0,rf,time,0.2716287221321817
50,1,62,1,rf,time,0.9097884234617734
50,1,68,1,rf,time,0.6756546208838773
50,1,84,0,rf,time,0.604247482429578
50,1,85,0,rf,time,0.6209274184717126
50,1,86,0,rf,time,0.7830040700421701
50,1,87,0,rf,time,0.638191101067906
50,1,9,1,rf,time,0.5826585217309299
50,1,94,1,rf,time,0.8025680663990572
50,1,12,1,rf,combined,0.9120095496720289
50,1,2,0,rf,combined,0.5264463997482648
50,1,24,1,rf,combined,0.6387451446724264
50,1,36,0,rf,combined,0.510222308132317
50,1,42,1,rf,combined,0.38765217173506283
50,1,53,1,rf,combined,0.9120243720222303
50,1,6,0,rf,combined,0.19333796483606885
50,1,62,1,rf,combined,0.3878566807489253
50,1,68,1,rf,combined,0.3874288363336616
50,1,84,0,rf,combined,0.33924033172122015
50,1,85,0,rf,combined,0.8585671996611552
50,1,86,0,rf,combined,0.2912759614062551
50,1,87,0,rf,combined,0.28890278652316254
50,1,9,1,rf,combined,0.22150266222784643
50,1,94,1,rf,combined,0.48973049395357826
50,1,12,1,rf,mouse_time,0.9444437437725712
50,1,2,0,rf,mouse_time,0.7002439314847695
50,1,24,1,rf,mouse_time,0.38746814133574536
50,1,36,0,rf,mouse_time,0.3034261385974516
50,1,42,1,rf,mouse_time,0.7502586023833253
50,1,53,1,rf,mouse_time,0.4168711512285759
50,1,6,0,rf,mouse_time,0.2910914727575482
50,1,62,1,rf,mouse_time,0.7878815278952871
50,1,68,1,rf,mouse_time,0.6745794037471271
50,1,84,0,rf,mouse_time,0.6215695205345108
50,1,85,0,rf,mouse_time,0.6445358420003781
50,1,86,0,rf,mouse_time,0.8044915240056723
50,1,87,0,rf,mouse_time,0.5848900639200707
50,1,9,1,rf,mouse_time,0.649976699576545
50,1,94,1,rf,mouse_time,0.8089028420951182
50,1,12,1,rf,demographic_time,0.9371816985403584
50,1,2,0,rf,demographic_time,0.6400096898103942
50,1,24,1,rf,demographic_time,0.41597461040774253
50,1,36,0,rf,demographic_time,0.273371179637588
50,1,42,1,rf,demographic_time,0.6912803062075173
50,1,53,1,rf,demographic_time,0.5188113794073945
50,1,6,0,rf,demographic_time,0.28343238038904073
50,1,62,1,rf,demographic_time,0.845963973468975
50,1,68,1,rf,demographic_time,0.6359072007905817
50,1,84,0,rf,demographic_time,0.5712118571510711
50,1,85,0,rf,demographic_time,0.5690421968690362
50,1,86,0,rf,demographic_time,0.8209088820398067
50,1,87,0,rf,demographic_time,0.6214204912680581
50,1,9,1,rf,demographic_time,0.547712685916095
50,1,94,1,rf,demographic_time,0.8001362044835872
50,1,12,1,rf,all,0.8979898348890863
50,1,2,0,rf,all,0.7039532979132598
50,1,24,1,rf,all,0.36788035652004114
50,1,36,0,rf,all,0.33006936155737254
50,1,42,1,rf,all,0.6934425427061315
50,1,53,1,rf,all,0.5714348490321128
50,1,6,0,rf,all,0.2686145279244495
50,1,62,1,rf,all,0.8289533697546743
50,1,68,1,rf,all,0.6775281108325802
50,1,84,0,rf,all,0.5982972039983191
50,1,85,0,rf,all,0.6211676284517114
50,1,86,0,rf,all,0.8244319174222843
50,1,87,0,rf,all,0.6097695968485563
50,1,9,1,rf,all,0.5986357853698733
50,1,94,1,rf,all,0.782128718016547
50,1,12,1,xgb,mouse,0.49405673146247864
50,1,2,0,xgb,mouse,0.4951893091201782
50,1,24,1,xgb,mouse,0.4951893091201782
50,1,36,0,xgb,mouse,0.4945850670337677
50,1,42,1,xgb,mouse,0.4951893091201782
50,1,53,1,xgb,mouse,0.4945850670337677
50,1,6,0,xgb,mouse,0.49405673146247864
50,1,62,1,xgb,mouse,0.49484801292419434
50,1,68,1,xgb,mouse,0.49402502179145813
50,1,84,0,xgb,mouse,0.4982847571372986
50,1,85,0,xgb,mouse,0.5015054941177368
50,1,86,0,xgb,mouse,0.4951893091201782
50,1,87,0,xgb,mouse,0.4942132234573364
50,1,9,1,xgb,mouse,0.4951501488685608
50,1,94,1,xgb,mouse,0.5015054941177368
50,1,12,1,xgb,demographic,0.8911932706832886
50,1,2,0,xgb,demographic,0.2400832623243332
50,1,24,1,xgb,demographic,0.6302114129066467
50,1,36,0,xgb,demographic,0.5178101062774658
50,1,42,1,xgb,demographic,0.4749833047389984
50,1,53,1,xgb,demographic,0.8911932706832886
50,1,6,0,xgb,demographic,0.4383043050765991
50,1,62,1,xgb,demographic,0.4749833047389984
50,1,68,1,xgb,demographic,0.4749833047389984
50,1,84,0,xgb,demographic,0.22304531931877136
50,1,85,0,xgb,demographic,0.7221461534500122
50,1,86,0,xgb,demographic,0.17472048103809357
50,1,87,0,xgb,demographic,0.17472048103809357
50,1,9,1,xgb,demographic,0.08441556990146637
50,1,94,1,xgb,demographic,0.5795775055885315
50,1,12,1,xgb,time,0.9104416370391846
50,1,2,0,xgb,time,0.8157532811164856
50,1,24,1,xgb,time,0.23851378262043
50,1,36,0,xgb,time,0.21728867292404175
50,1,42,1,xgb,time,0.8469511270523071
50,1,53,1,xgb,time,0.6578229069709778
50,1,6,0,xgb,time,0.2304806262254715
50,1,62,1,xgb,time,0.95877605676651
50,1,68,1,xgb,time,0.7354893684387207
50,1,84,0,xgb,time,0.31135815382003784
50,1,85,0,xgb,time,0.5640593767166138
50,1,86,0,xgb,time,0.7759076952934265
50,1,87,0,xgb,time,0.4700106978416443
50,1,9,1,xgb,time,0.7466673254966736
50,1,94,1,xgb,time,0.7678053379058838
50,1,12,1,xgb,combined,0.8970311880111694
50,1,2,0,xgb,combined,0.28128957748413086
50,1,24,1,xgb,combined,0.6250880360603333
50,1,36,0,xgb,combined,0.5448861718177795
50,1,42,1,xgb,combined,0.4476749300956726
50,1,53,1,xgb,combined,0.8970311880111694
50,1,6,0,xgb,combined,0.3577727675437927
50,1,62,1,xgb,combined,0.4476749300956726
50,1,68,1,xgb,combined,0.4389984905719757
50,1,84,0,xgb,combined,0.24708715081214905
50,1,85,0,xgb,combined,0.7851077914237976
50,1,86,0,xgb,combined,0.22562025487422943
50,1,87,0,xgb,combined,0.22562025487422943
50,1,9,1,xgb,combined,0.06887255609035492
50,1,94,1,xgb,combined,0.5543621182441711
50,1,12,1,xgb,mouse_time,0.9198486804962158
50,1,2,0,xgb,mouse_time,0.7963811159133911
50,1,24,1,xgb,mouse_time,0.24434658885002136
50,1,36,0,xgb,mouse_time,0.2070980966091156
50,1,42,1,xgb,mouse_time,0.8442205190658569
50,1,53,1,xgb,mouse_time,0.6440180540084839
50,1,6,0,xgb,mouse_time,0.2561449110507965
50,1,62,1,xgb,mouse_time,0.9583125710487366
50,1,68,1,xgb,mouse_time,0.7256760597229004
50,1,84,0,xgb,mouse_time,0.2958993911743164
50,1,85,0,xgb,mouse_time,0.5600341558456421
50,1,86,0,xgb,mouse_time,0.7939485311508179
50,1,87,0,xgb,mouse_time,0.4937911033630371
50,1,9,1,xgb,mouse_time,0.7825866341590881
50,1,94,1,xgb,mouse_time,0.7724584341049194
50,1,12,1,xgb,demographic_time,0.9129549264907837
50,1,2,0,xgb,demographic_time,0.8312596082687378
50,1,24,1,xgb,demographic_time,0.18730756640434265
50,1,36,0,xgb,demographic_time,0.17273344099521637
50,1,42,1,xgb,demographic_time,0.8208809494972229
50,1,53,1,xgb,demographic_time,0.8208455443382263
50,1,6,0,xgb,demographic_time,0.20335088670253754
50,1,62,1,xgb,demographic_time,0.9506924748420715
50,1,68,1,xgb,demographic_time,0.7739203572273254
50,1,84,0,xgb,demographic_time,0.3491310477256775
50,1,85,0,xgb,demographic_time,0.6786572337150574
50,1,86,0,xgb,demographic_time,0.7840758562088013
50,1,87,0,xgb,demographic_time,0.5651299953460693
50,1,9,1,xgb,demographic_time,0.7065684199333191
50,1,94,1,xgb,demographic_time,0.7824651002883911
50,1,12,1,xgb,all,0.9201553463935852
50,1,2,0,xgb,all,0.823303759098053
50,1,24,1,xgb,all,0.1863974928855896
50,1,36,0,xgb,all,0.18373233079910278
50,1,42,1,xgb,all,0.7958000302314758
50,1,53,1,xgb,all,0.8330205082893372
50,1,6,0,xgb,all,0.2137962281703949
50,1,62,1,xgb,all,0.9423736929893494
50,1,68,1,xgb,all,0.7715469598770142
50,1,84,0,xgb,all,0.36410969495773315
50,1,85,0,xgb,all,0.7144551873207092
50,1,86,0,xgb,all,0.7797053456306458
50,1,87,0,xgb,all,0.5723652243614197
50,1,9,1,xgb,all,0.7233678102493286
50,1,94,1,xgb,all,0.7941529750823975
50,2,10,0,rf,mouse,0.5024289182978529
50,2,11,1,rf,mouse,0.5040156332994659
50,2,16,1,rf,mouse,0.5006063858772555
50,2,21,0,rf,mouse,0.5047747249025716
50,2,3,1,rf,mouse,0.5040405240603218
50,2,31,0,rf,mouse,0.5033844942946053
50,2,35,0,rf,mouse,0.5018316778532346
50,2,41,0,rf,mouse,0.5008467423676598
50,2,57,1,rf,mouse,0.504451657299761
50,2,64,1,rf,mouse,0.5026342745777088
50,2,77,1,rf,mouse,0.5026552478097175
50,2,82,1,rf,mouse,0.5052257422341812
50,2,89,0,rf,mouse,0.4888901472310736
50,2,91,0,rf,mouse,0.5042670766237767
50,2,93,1,rf,mouse,0.49863118907346804
50,2,10,0,rf,demographic,0.2747120769684209
50,2,11,1,rf,demographic,0.7331872477263044
50,2,16,1,rf,demographic,0.4447564533068416
50,2,21,0,rf,demographic,0.43940035848276937
50,2,3,1,rf,demographic,0.43940035848276937
50,2,31,0,rf,demographic,0.34527759755519266
50,2,35,0,rf,demographic,0.2643809897254579
50,2,41,0,rf,demographic,0.30174460578632933
50,2,57,1,rf,demographic,1.0
50,2,64,1,rf,demographic,0.7046421581322886
50,2,77,1,rf,demographic,0.8373491105327633
50,2,82,1,rf,demographic,0.9433851556253391
50,2,89,0,rf,demographic,0.3256005149817993
50,2,91,0,rf,demographic,0.9879474167760316
50,2,93,1,rf,demographic,0.30070807437665337
50,2,10,0,rf,time,0.36628654483657536
50,2,11,1,rf,time,0.7221353372944412
50,2,16,1,rf,time,0.2772978096718701
50,2,21,0,rf,time,0.5022937144183566
50,2,3,1,rf,time,0.9417665335910013
50,2,31,0,rf,time,0.7282830526520272
50,2,35,0,rf,time,0.09703912230346641
50,2,41,0,rf,time,0.34104057982735303
50,2,57,1,rf,time,0.8251501480062096
50,2,64,1,rf,time,0.2249269085124867
50,2,77,1,rf,time,0.6240631977526936
50,2,82,1,rf,time,0.4031414847910315
50,2,89,0,rf,time,0.3673227884247502
50,2,91,0,rf,time,0.4844131797008394
50,2,93,1,rf,time,0.39345939498114646
50,2,10,0,rf,combined,0.36648813924204393
50,2,11,1,rf,combined,0.5744409525540882
50,2,16,1,rf,combined,0.4028030107754659
50,2,21,0,rf,combined,0.38639817263791676
50,2,3,1,rf,combined,0.3857500689814867
50,2,31,0,rf,combined,0.40075620539491164
50,2,35,0,rf,combined,0.36689416303076483
50,2,41,0,rf,combined,0.27374841010138184
50,2,57,1,rf,combined,0.9742062048352051
50,2,64,1,rf,combined,0.6917340749163083
50,2,77,1,rf,combined,0.8018541039894245
50,2,82,1,rf,combined,0.9012445241295677
50,2,89,0,rf,combined,0.422911906980714
50,2,91,0,rf,combined,0.9218269974374662
50,2,93,1,rf,combined,0.37309402701863154
50,2,10,0,rf,mouse_time,0.393187452273562
50,2,11,1,rf,mouse_time,0.631188359242167
50,2,16,1,rf,mouse_time,0.2977960102626235
50,2,21,0,rf,mouse_time,0.461388103365903
50,2,3,1,rf,mouse_time,0.9429869120067635
50,2,31,0,rf,mouse_time,0.7916972314448989
50,2,35,0,rf,mouse_time,0.11185346450232261
50,2,41,0,rf,mouse_time,0.388284437475369
50,2,57,1,rf,mouse_time,0.8536012829144782
50,2,64,1,rf,mouse_time,0.20975380272203456
50,2,77,1,rf,mouse_time,0.6333585291231187
50,2,82,1,rf,mouse_time,0.3814942229320215
50,2,89,0,rf,mouse_time,0.424623659738595
50,2,91,0,rf,mouse_time,0.5393987521977726
50,2,93,1,rf,mouse_time,0.41094197806411986
50,2,10,0,rf,demographic_time,0.38903708957436434
50,2,11,1,rf,demographic_time,0.6446603353604439
50,2,16,1,rf,demographic_time,0.2968606834950955
50,2,21,0,rf,demographic_time,0.4053856409235158
50,2,3,1,rf,demographic_time,0.9192111368787932
50,2,31,0,rf,demographic_time,0.7773664412462218
50,2,35,0,rf,demographic_time,0.1751740482013194
50,2,41,0,rf,demographic_time,0.32620057184773127
50,2,57,1,rf,demographic_time,0.831945262670628
50,2,64,1,rf,demographic_time,0.267977004694504
50,2,77,1,rf,demographic_time,0.6658927046366652
50,2,82,1,rf,demographic_time,0.4247538654156046
50,2,89,0,rf,demographic_time,0.40543624023103664
50,2,91,0,rf,demographic_time,0.5117554920241354
50,2,93,1,rf,demographic_time,0.3968789252096253
50,2,10,0,rf,all,0.33067754549187434
50,2,11,1,rf,all,0.6415501386147298
50,2,16,1,rf,all,0.25980713925317933
50,2,21,0,rf,all,0.4749718465074264
50,2,3,1,rf,all,0.9340207186858807
50,2,31,0,rf,all,0.7737503510673793
50,2,35,0,rf,all,0.1425549417339258
50,2,41,0,rf,all,0.31595343188688624
50,2,57,1,rf,all,0.8707382858490138
50,2,64,1,rf,all,0.2394264300955849
50,2,77,1,rf,all,0.6246633797362673
50,2,82,1,rf,all,0.41341775724469737
50,2,89,0,rf,all,0.4263874296292515
50,2,91,0,rf,all,0.41747550161514607
50,2,93,1,rf,all,0.40970681420914684
50,2,10,0,xgb,mouse,0.49889862537384033
50,2,11,1,xgb,mouse,0.49996304512023926
50,2,16,1,xgb,mouse,0.4981135129928589
50,2,21,0,xgb,mouse,0.49996304512023926
50,2,3,1,xgb,mouse,0.4993875026702881
50,2,31,0,xgb,mouse,0.49996304512023926
50,2,35,0,xgb,mouse,0.49851930141448975
50,2,41,0,xgb,mouse,0.4958716928958893
50,2,57,1,xgb,mouse,0.5000795125961304
50,2,64,1,xgb,mouse,0.4992535412311554
50,2,77,1,xgb,mouse,0.49996304512023926
50,2,82,1,xgb,mouse,0.5041863918304443
50,2,89,0,xgb,mouse,0.4929259419441223
50,2,91,0,xgb,mouse,0.49996304512023926
50,2,93,1,xgb,mouse,0.4958716928958893
50,2,10,0,xgb,demographic,0.25472700595855713
50,2,11,1,xgb,demographic,0.6071758270263672
50,2,16,1,xgb,demographic,0.428381085395813
50,2,21,0,xgb,demographic,0.397605299949646
50,2,3,1,xgb,demographic,0.4094979166984558
50,2,31,0,xgb,demographic,0.428381085395813
50,2,35,0,xgb,demographic,0.2579275667667389
50,2,41,0,xgb,demographic,0.18284037709236145
50,2,57,1,xgb,demographic,0.9762973189353943
50,2,64,1,xgb,demographic,0.8467322587966919
50,2,77,1,xgb,demographic,0.7559471726417542
50,2,82,1,xgb,demographic,0.9152331352233887
50,2,89,0,xgb,demographic,0.4639571011066437
50,2,91,0,xgb,demographic,0.9219751954078674
50,2,93,1,xgb,demographic,0.3452472686767578
50,2,10,0,xgb,time,0.2811830937862396
50,2,11,1,xgb,time,0.7092001438140869
50,2,16,1,xgb,time,0.23669791221618652
50,2,21,0,xgb,time,0.2152833789587021
50,2,3,1,xgb,time,0.9737884402275085
50,2,31,0,xgb,time,0.7837586402893066
50,2,35,0,xgb,time,0.06697583198547363
50,2,41,0,xgb,time,0.6342890858650208
50,2,57,1,xgb,time,0.9168722033500671
50,2,64,1,xgb,time,0.11432021856307983
50,2,77,1,xgb,time,0.7137435674667358
50,2,82,1,xgb,time,0.2243281602859497
50,2,89,0,xgb,time,0.29883143305778503
50,2,91,0,xgb,time,0.3417588174343109
50,2,93,1,xgb,time,0.29883143305778503
50,2,10,0,xgb,combined,0.2602451741695404
50,2,11,1,xgb,combined,0.619985044002533
50,2,16,1,xgb,combined,0.4211840331554413
50,2,21,0,xgb,combined,0.3919946253299713
50,2,3,1,xgb,combined,0.3919946253299713
50,2,31,0,xgb,combined,0.4211840331554413
50,2,35,0,xgb,combined,0.2602451741695404
50,2,41,0,xgb,combined,0.18632060289382935
50,2,57,1,xgb,combined,0.9617486000061035
50,2,64,1,xgb,combined,0.7213834524154663
50,2,77,1,xgb,combined,0.8495542407035828
50,2,82,1,xgb,combined,0.9210065603256226
50,2,89,0,xgb,combined,0.41690438985824585
50,2,91,0,xgb,combined,0.9241124987602234
50,2,93,1,xgb,combined,0.33221182227134705
50,2,10,0,xgb,mouse_time,0.30149438977241516
50,2,11,1,xgb,mouse_time,0.695051908493042
50,2,16,1,xgb,mouse_time,0.27368810772895813
50,2,21,0,xgb,mouse_time,0.21905234456062317
50,2,3,1,xgb,mouse_time,0.9740763306617737
50,2,31,0,xgb,mouse_time,0.8234175443649292
50,2,35,0,xgb,mouse_time,0.06328649818897247
50,2,41,0,xgb,mouse_time,0.6148777604103088
50,2,57,1,xgb,mouse_time,0.9201674461364746
50,2,64,1,xgb,mouse_time,0.1098187118768692
50,2,77,1,xgb,mouse_time,0.7364403605461121
50,2,82,1,xgb,mouse_time,0.2580813765525818
50,2,89,0,xgb,mouse_time,0.3202304542064667
50,2,91,0,xgb,mouse_time,0.3285684287548065
50,2,93,1,xgb,mouse_time,0.3202304542064667
50,2,10,0,xgb,demographic_time,0.2971054017543793
50,2,11,1,xgb,demographic_time,0.7131280899047852
50,2,16,1,xgb,demographic_time,0.25725260376930237
50,2,21,0,xgb,demographic_time,0.2273915708065033
50,2,3,1,xgb,demographic_time,0.9744846224784851
50,2,31,0,xgb,demographic_time,0.8070844411849976
50,2,35,0,xgb,demographic_time,0.0629349872469902
50,2,41,0,xgb,demographic_time,0.6122227907180786
50,2,57,1,xgb,demographic_time,0.9096893072128296
50,2,64,1,xgb,demographic_time,0.1255609542131424
50,2,77,1,xgb,demographic_time,0.7042993307113647
50,2,82,1,xgb,demographic_time,0.23096784949302673
50,2,89,0,xgb,demographic_time,0.31575319170951843
50,2,91,0,xgb,demographic_time,0.33391469717025757
50,2,93,1,xgb,demographic_time,0.31575319170951843
50,2,10,0,xgb,all,0.3006403148174286
50,2,11,1,xgb,all,0.6969302296638489
50,2,16,1,xgb,all,0.2617605924606323
50,2,21,0,xgb,all,0.2382308393716812
50,2,3,1,xgb,all,0.9723544716835022
50,2,31,0,xgb,all,0.8115040063858032
50,2,35,0,xgb,all,0.0656476840376854
50,2,41,0,xgb,all,0.6193475723266602
50,2,57,1,xgb,all,0.9220120906829834
50,2,64,1,xgb,all,0.1266518235206604
50,2,77,1,xgb,all,0.7367407083511353
50,2,82,1,xgb,all,0.2606421411037445
50,2,89,0,xgb,all,0.33702144026756287
50,2,91,0,xgb,all,0.3779856562614441
50,2,93,1,xgb,all,0.33702144026756287
50,3,100,0,rf,mouse,0.4857723668303878
50,3,101,0,rf,mouse,0.49381223865331664
50,3,13,1,rf,mouse,0.4949021542516503
50,3,14,0,rf,mouse,0.4845267825008226
50,3,18,0,rf,mouse,0.49634327635688846
50,3,20,1,rf,mouse,0.49749578350846024
50,3,28,0,rf,mouse,0.49673653249619876
50,3,38,0,rf,mouse,0.4843365428696308
50,3,40,0,rf,mouse,0.5003829514414118
50,3,45,1,rf,mouse,0.4934624751146507
50,3,48,1,rf,mouse,0.4869225634971223
50,3,49,1,rf,mouse,0.4968178902387857
50,3,51,1,rf,mouse,0.49655816177041706
50,3,69,1,rf,mouse,0.4910105177367557
50,3,8,1,rf,mouse,0.49782105241057495
50,3,100,0,rf,demographic,0.7649820973454502
50,3,101,0,rf,demographic,0.569962578905794
50,3,13,1,rf,demographic,0.32676883837352494
50,3,14,0,rf,demographic,0.4138518530933914
50,3,18,0,rf,demographic,0.5462682430404988
50,3,20,1,rf,demographic,0.43685442856550116
50,3,28,0,rf,demographic,0.5245076473231032
50,3,38,0,rf,demographic,0.33575687007895766
50,3,40,0,rf,demographic,0.6099042629421064
50,3,45,1,rf,demographic,0.5358635165281292
50,3,48,1,rf,demographic,0.48323359045074865
50,3,49,1,rf,demographic,0.7649820973454502
50,3,51,1,rf,demographic,0.7765769647025866
50,3,69,1,rf,demographic,0.6242555903470145
50,3,8,1,rf,demographic,0.152110153767626
50,3,100,0,rf,time,0.3497738347092231
50,3,101,0,rf,time,0.29198970662026946
50,3,13,1,rf,time,0.6190194469796442
50,3,14,0,rf,time,0.3300712886812863
50,3,18,0,rf,time,0.7388711404518375
50,3,20,1,rf,time,0.8934997201601721
50,3,28,0,rf,time,0.2790004461095617
50,3,38,0,rf,time,0.38812226951807405
50,3,40,0,rf,time,0.31491984829125064
50,3,45,1,rf,time,0.47595999474829015
50,3,48,1,rf,time,0.5359730472389458
50,3,49,1,rf,time,0.9272706168964973
50,3,51,1,rf,time,0.4341587032894024
50,3,69,1,rf,time,0.5115828891430318
50,3,8,1,rf,time,0.32881769890490864
50,3,100,0,rf,combined,0.6724239534870388
50,3,101,0,rf,combined,0.6006971645453237
50,3,13,1,rf,combined,0.39200995695527935
50,3,14,0,rf,combined,0.4814940158926845
50,3,18,0,rf,combined,0.46003413405938703
50,3,20,1,rf,combined,0.5766043430287687
50,3,28,0,rf,combined,0.5172290526966593
50,3,38,0,rf,combined,0.265574254870146
50,3,40,0,rf,combined,0.5856766511258454
50,3,45,1,rf,combined,0.5607449981292404
50,3,48,1,rf,combined,0.4152462610755126
50,3,49,1,rf,combined,0.6773500720854341
50,3,51,1,rf,combined,0.738544214085096
50,3,69,1,rf,combined,0.762213789745271
50,3,8,1,rf,combined,0.27167628876097105
50,3,100,0,rf,mouse_time,0.34897650096395133
50,3,101,0,rf,mouse_time,0.2939234101522251
50,3,13,1,rf,mouse_time,0.6076609222174337
50,3,14,0,rf,mouse_time,0.356644183261052
50,3,18,0,rf,mouse_time,0.6682228260155114
50,3,20,1,rf,mouse_time,0.8841917936461442
50,3,28,0,rf,mouse_time,0.26638985362075523
50,3,38,0,rf,mouse_time,0.31673351434785924
50,3,40,0,rf,mouse_time,0.41043241923931717
50,3,45,1,rf,mouse_time,0.5673498349878351
50,3,48,1,rf,mouse_time,0.5555588380244998
50,3,49,1,rf,mouse_time,0.9346464428857745
50,3,51,1,rf,mouse_time,0.37701577181477536
50,3,69,1,rf,mouse_time,0.5069157368447155
50,3,8,1,rf,mouse_time,0.3286174575467764
50,3,100,0,rf,demographic_time,0.36230727418319997
50,3,101,0,rf,demographic_time,0.23720068600954775
50,3,13,1,rf,demographic_time,0.5681452323643548
50,3,14,0,rf,demographic_time,0.3661824358250015
50,3,18,0,rf,demographic_time,0.6912539308864203
50,3,20,1,rf,demographic_time,0.8757547223228416
50,3,28,0,rf,demographic_time,0.28900635258623836
50,3,38,0,rf,demographic_time,0.4168379048166315
50,3,40,0,rf,demographic_time,0.35314201571487824
50,3,45,1,rf,demographic_time,0.528305422655085
50,3,48,1,rf,demographic_time,0.5686555079609582
50,3,49,1,rf,demographic_time,0.9079852105279311
50,3,51,1,rf,demographic_time,0.4357206808329804
50,3,69,1,rf,demographic_time,0.508391196760835
50,3,8,1,rf,demographic_time,0.35357174047748396
50,3,100,0,rf,all,0.2851591836055208
50,3,101,0,rf,all,0.20973025975405676
50,3,13,1,rf,all,0.6386656629323839
50,3,14,0,rf,all,0.35124707276033834
50,3,18,0,rf,all,0.7006760516515993
50,3,20,1,rf,all,0.8946535149889516
50,3,28,0,rf,all,0.2612153491712238
50,3,38,0,rf,all,0.3914167408776182
50,3,40,0,rf,all,0.40879687829451206
50,3,45,1,rf,all,0.5100198347975016
50,3,48,1,rf,all,0.499288139665535
50,3,49,1,rf,all,0.9364085359581233
50,3,51,1,rf,all,0.3810039733091285
50,3,69,1,rf,all,0.5347993037021656
50,3,8,1,rf,all,0.3228789648120366
50,3,100,0,xgb,mouse,0.48932385444641113
50,3,101,0,xgb,mouse,0.4968452453613281
50,3,13,1,xgb,mouse,0.4950149357318878
50,3,14,0,xgb,mouse,0.4877467751502991
50,3,18,0,xgb,mouse,0.4968452453613281
50,3,20,1,xgb,mouse,0.4968452453613281
50,3,28,0,xgb,mouse,0.4968452453613281
50,3,38,0,xgb,mouse,0.4890579879283905
50,3,40,0,xgb,mouse,0.4990938603878021
50,3,45,1,xgb,mouse,0.4968452453613281
50,3,48,1,xgb,mouse,0.4907646179199219
50,3,49,1,xgb,mouse,0.4968452453613281
50,3,51,1,xgb,mouse,0.4968452453613281
50,3,69,1,xgb,mouse,0.4950149357318878
50,3,8,1,xgb,mouse,0.4968452453613281
50,3,100,0,xgb,demographic,0.6878515481948853
50,3,101,0,xgb,demographic,0.7299615144729614
50,3,13,1,xgb,demographic,0.4280283749103546
50,3,14,0,xgb,demographic,0.37092530727386475
50,3,18,0,xgb,demographic,0.542046308517456
50,3,20,1,xgb,demographic,0.5252023935317993
50,3,28,0,xgb,demographic,0.3499256372451782
50,3,38,0,xgb,demographic,0.08520905673503876
50,3,40,0,xgb,demographic,0.5949427485466003
50,3,45,1,xgb,demographic,0.5949427485466003
50,3,48,1,xgb,demographic,0.3848262131214142
50,3,49,1,xgb,demographic,0.6878515481948853
50,3,51,1,xgb,demographic,0.876134991645813
50,3,69,1,xgb,demographic,0.8122293949127197
50,3,8,1,xgb,demographic,0.33192721009254456
50,3,100,0,xgb,time,0.2909490466117859
50,3,101,0,xgb,time,0.1795264482498169
50,3,13,1,xgb,time,0.456949919462204
50,3,14,0,xgb,time,0.24703450500965118
50,3,18,0,xgb,time,0.8925067782402039
50,3,20,1,xgb,time,0.898943305015564
50,3,28,0,xgb,time,0.28209787607192993
50,3,38,0,xgb,time,0.577513575553894
50,3,40,0,xgb,time,0.34246450662612915
50,3,45,1,xgb,time,0.13357730209827423
50,3,48,1,xgb,time,0.7477307915687561
50,3,49,1,xgb,time,0.9365770816802979
50,3,51,1,xgb,time,0.5083641409873962
50,3,69,1,xgb,time,0.38908272981643677
50,3,8,1,xgb,time,0.26558917760849
50,3,100,0,xgb,combined,0.7461806535720825
50,3,101,0,xgb,combined,0.7642450332641602
50,3,13,1,xgb,combined,0.4193556010723114
50,3,14,0,xgb,combined,0.3111266493797302
50,3,18,0,xgb,combined,0.5516451001167297
50,3,20,1,xgb,combined,0.5308873653411865
50,3,28,0,xgb,combined,0.35234740376472473
50,3,38,0,xgb,combined,0.10048917680978775
50,3,40,0,xgb,combined,0.5838140249252319
50,3,45,1,xgb,combined,0.5838140249252319
50,3,48,1,xgb,combined,0.36240100860595703
50,3,49,1,xgb,combined,0.7461806535720825
50,3,51,1,xgb,combined,0.8901187181472778
50,3,69,1,xgb,combined,0.8296517729759216
50,3,8,1,xgb,combined,0.33060145378112793
50,3,100,0,xgb,mouse_time,0.30171018838882446
50,3,101,0,xgb,mouse_time,0.17540830373764038
50,3,13,1,xgb,mouse_time,0.458298921585083
50,3,14,0,xgb,mouse_time,0.22542209923267365
50,3,18,0,xgb,mouse_time,0.8930493593215942
50,3,20,1,xgb,mouse_time,0.9053623080253601
50,3,28,0,xgb,mouse_time,0.2901717722415924
50,3,38,0,xgb,mouse_time,0.5765858888626099
50,3,40,0,xgb,mouse_time,0.3335804045200348
50,3,45,1,xgb,mouse_time,0.13004247844219208
50,3,48,1,xgb,mouse_time,0.7474345564842224
50,3,49,1,xgb,mouse_time,0.9375827312469482
50,3,51,1,xgb,mouse_time,0.5333130955696106
50,3,69,1,xgb,mouse_time,0.3897269666194916
50,3,8,1,xgb,mouse_time,0.27685973048210144
50,3,100,0,xgb,demographic_time,0.3052555322647095
50,3,101,0,xgb,demographic_time,0.14488893747329712
50,3,13,1,xgb,demographic_time,0.4457325339317322
50,3,14,0,xgb,demographic_time,0.25018370151519775
50,3,18,0,xgb,demographic_time,0.8900778293609619
50,3,20,1,xgb,demographic_time,0.9087212085723877
50,3,28,0,xgb,demographic_time,0.29008111357688904
50,3,38,0,xgb,demographic_time,0.5221384763717651
50,3,40,0,xgb,demographic_time,0.3755223751068115
50,3,45,1,xgb,demographic_time,0.1297951489686966
50,3,48,1,xgb,demographic_time,0.7640193104743958
50,3,49,1,xgb,demographic_time,0.9369805455207825
50,3,51,1,xgb,demographic_time,0.48804014921188354
50,3,69,1,xgb,demographic_time,0.38668128848075867
50,3,8,1,xgb,demographic_time,0.2899107336997986
50,3,100,0,xgb,all,0.29037487506866455
50,3,101,0,xgb,all,0.14975737035274506
50,3,13,1,xgb,all,0.4513978660106659
50,3,14,0,xgb,all,0.23270532488822937
50,3,18,0,xgb,all,0.884786069393158
50,3,20,1,xgb,all,0.9070478677749634
50,3,28,0,xgb,all,0.2895820736885071
50,3,38,0,xgb,all,0.5704990029335022
50,3,40,0,xgb,all,0.4218039810657501
50,3,45,1,xgb,all,0.13455259799957275
50,3,48,1,xgb,all,0.7607159614562988
50,3,49,1,xgb,all,0.9412822127342224
50,3,51,1,xgb,all,0.48730531334877014
50,3,69,1,xgb,all,0.3975657522678375
50,3,8,1,xgb,all,0.2744644582271576
50,4,19,1,rf,mouse,0.48504787061268895
50,4,22,0,rf,mouse,0.4862379472644827
50,4,23,0,rf,mouse,0.4873537018104632
50,4,27,1,rf,mouse,0.48678786247026695
50,4,29,0,rf,mouse,0.4907353998698757
50,4,30,0,rf,mouse,0.48581712961844925
50,4,50,1,rf,mouse,0.49335904404524145
50,4,54,1,rf,mouse,0.4914749012213646
50,4,60,1,rf,mouse,0.48527586563535513
50,4,66,1,rf,mouse,0.49920709545739533
50,4,70,0,rf,mouse,0.4857426937263312
50,4,79,0,rf,mouse,0.4856860312264842
50,4,92,1,rf,mouse,0.4891583222900458
50,4,97,1,rf,mouse,0.4878671563588057
50,4,99,1,rf,mouse,0.484873357973009
50,4,19,1,rf,demographic,0.5816697526241483
50,4,22,0,rf,demographic,0.5588922643651367
50,4,23,0,rf,demographic,0.7269801554431631
50,4,27,1,rf,demographic,0.3957584057122339
50,4,29,0,rf,demographic,0.4814744002201602
50,4,30,0,rf,demographic,0.4571251896580894
50,4,50,1,rf,demographic,0.522018792720664
50,4,54,1,rf,demographic,0.341306171128964
50,4,60,1,rf,demographic,0.49116069465960804
50,4,66,1,rf,demographic,0.6923868169385271
50,4,70,0,rf,demographic,0.7507555770826151
50,4,79,0,rf,demographic,0.8399886125259461
50,4,92,1,rf,demographic,0.8505849946961469
50,4,97,1,rf,demographic,0.6931163010761219
50,4,99,1,rf,demographic,0.4571251896580894
50,4,19,1,rf,time,0.5220952397512123
50,4,22,0,rf,time,0.5446261599459017
50,4,23,0,rf,time,0.5197001301652396
50,4,27,1,rf,time,0.5703340705489716
50,4,29,0,rf,time,0.4024954174380479
50,4,30,0,rf,time,0.21817749225746094
50,4,50,1,rf,time,0.8075566376427954
50,4,54,1,rf,time,0.5513341623937814
50,4,60,1,rf,time,0.5942295928149108
50,4,66,1,rf,time,0.8411588525175399
50,4,70,0,rf,time,0.34928177977846186
50,4,79,0,rf,time,0.16419133597036406
50,4,92,1,rf,time,0.4814657733326702
50,4,97,1,rf,time,0.5553144463020951
50,4,99,1,rf,time,0.5265816328564061
50,4,19,1,rf,combined,0.5789936775628881
50,4,22,0,rf,combined,0.6510100458175956
50,4,23,0,rf,combined,0.721723165259889
50,4,27,1,rf,combined,0.4500572070227819
50,4,29,0,rf,combined,0.4532860663196601
50,4,30,0,rf,combined,0.46732077043053993
50,4,50,1,rf,combined,0.5332645091488575
50,4,54,1,rf,combined,0.35654436669006245
50,4,60,1,rf,combined,0.46120241330837
50,4,66,1,rf,combined,0.6296481452596963
50,4,70,0,rf,combined,0.7323456857031422
50,4,79,0,rf,combined,0.7763625946778304
50,4,92,1,rf,combined,0.8177278281835083
50,4,97,1,rf,combined,0.6941636208900479
50,4,99,1,rf,combined,0.46665293747878267
50,4,19,1,rf,mouse_time,0.5386241187235556
50,4,22,0,rf,mouse_time,0.5031931372467688
50,4,23,0,rf,mouse_time,0.5449643566911025
50,4,27,1,rf,mouse_time,0.6192508960391755
50,4,29,0,rf,mouse_time,0.4297165800068431
50,4,30,0,rf,mouse_time,0.22645660982018914
50,4,50,1,rf,mouse_time,0.8249599674712836
50,4,54,1,rf,mouse_time,0.5036752682008435
50,4,60,1,rf,mouse_time,0.6266570841206529
50,4,66,1,rf,mouse_time,0.8125174548111838
50,4,70,0,rf,mouse_time,0.3166476449137223
50,4,79,0,rf,mouse_time,0.21561432229187955
50,4,92,1,rf,mouse_time,0.4679270220188491
50,4,97,1,rf,mouse_time,0.5844318274197036
50,4,99,1,rf,mouse_time,0.5565286312826483
50,4,19,1,rf,demographic_time,0.5143231083746932
50,4,22,0,rf,demographic_time,0.5186065717810943
50,4,23,0,rf,demographic_time,0.558415466321873
50,4,27,1,rf,demographic_time,0.5767418301651456
50,4,29,0,rf,demographic_time,0.4213243309319091
50,4,30,0,rf,demographic_time,0.28740496602453763
50,4,50,1,rf,demographic_time,0.8365652197341047
50,4,54,1,rf,demographic_time,0.5011526666085137
50,4,60,1,rf,demographic_time,0.5999450718962115
50,4,66,1,rf,demographic_time,0.8305986861365069
50,4,70,0,rf,demographic_time,0.41004699190145344
50,4,79,0,rf,demographic_time,0.23698089228109653
50,4,92,1,rf,demographic_time,0.5111851428975128
50,4,97,1,rf,demographic_time,0.6018555699780058
50,4,99,1,rf,demographic_time,0.48373601932094445
50,4,19,1,rf,all,0.5454603446552015
50,4,22,0,rf,all,0.5269569018142014
50,4,23,0,rf,all,0.534738583956004
50,4,27,1,rf,all,0.5807335555818909
50,4,29,0,rf,all,0.43107455202777745
50,4,30,0,rf,all,0.21529658727193368
50,4,50,1,rf,all,0.8625029357079583
50,4,54,1,rf,all,0.525198254095612
50,4,60,1,rf,all,0.6519724288160158
50,4,66,1,rf,all,0.8497477852862712
50,4,70,0,rf,all,0.36863315084447124
50,4,79,0,rf,all,0.17948477698803206
50,4,92,1,rf,all,0.4455051698929693
50,4,97,1,rf,all,0.569537737437408
50,4,99,1,rf,all,0.5249531942679472
50,4,19,1,xgb,mouse,0.4901866912841797
50,4,22,0,xgb,mouse,0.491116464138031
50,4,23,0,xgb,mouse,0.49180686473846436
50,4,27,1,xgb,mouse,0.4901866912841797
50,4,29,0,xgb,mouse,0.4922594130039215
50,4,30,0,xgb,mouse,0.491116464138031
50,4,50,1,xgb,mouse,0.49304404854774475
50,4,54,1,xgb,mouse,0.491899311542511
50,4,60,1,xgb,mouse,0.4901866912841797
50,4,66,1,xgb,mouse,0.5020831823348999
50,4,70,0,xgb,mouse,0.4901866912841797
50,4,79,0,xgb,mouse,0.4901866912841797
50,4,92,1,xgb,mouse,0.49180686473846436
50,4,97,1,xgb,mouse,0.49180686473846436
50,4,99,1,xgb,mouse,0.4901866912841797
50,4,19,1,xgb,demographic,0.5488929748535156
50,4,22,0,xgb,demographic,0.6048957705497742
50,4,23,0,xgb,demographic,0.7053095698356628
50,4,27,1,xgb,demographic,0.45123472809791565
50,4,29,0,xgb,demographic,0.44827157258987427
50,4,30,0,xgb,demographic,0.60430908203125
50,4,50,1,xgb,demographic,0.39581429958343506
50,4,54,1,xgb,demographic,0.44827157258987427
50,4,60,1,xgb,demographic,0.44827157258987427
50,4,66,1,xgb,demographic,0.6312475204467773
50,4,70,0,xgb,demographic,0.7398216128349304
50,4,79,0,xgb,demographic,0.677100658416748
50,4,92,1,xgb,demographic,0.8670638799667358
50,4,97,1,xgb,demographic,0.6994309425354004
50,4,99,1,xgb,demographic,0.60430908203125
50,4,19,1,xgb,time,0.5633536577224731
50,4,22,0,xgb,time,0.5676233768463135
50,4,23,0,xgb,time,0.7746464610099792
50,4,27,1,xgb,time,0.5976277589797974
50,4,29,0,xgb,time,0.3336043953895569
50,4,30,0,xgb,time,0.12626658380031586
50,4,50,1,xgb,time,0.8541135787963867
50,4,54,1,xgb,time,0.5389637351036072
50,4,60,1,xgb,time,0.7198652625083923
50,4,66,1,xgb,time,0.9526468515396118
50,4,70,0,xgb,time,0.2502807676792145
50,4,79,0,xgb,time,0.08331438899040222
50,4,92,1,xgb,time,0.4683910310268402
50,4,97,1,xgb,time,0.6865607500076294
50,4,99,1,xgb,time,0.8043422102928162
50,4,19,1,xgb,combined,0.5425405502319336
50,4,22,0,xgb,combined,0.5791763663291931
50,4,23,0,xgb,combined,0.6925566792488098
50,4,27,1,xgb,combined,0.4120936393737793
50,4,29,0,xgb,combined,0.4315524399280548
50,4,30,0,xgb,combined,0.5594074726104736
50,4,50,1,xgb,combined,0.41908136010169983
50,4,54,1,xgb,combined,0.3567102551460266
50,4,60,1,xgb,combined,0.4315524399280548
50,4,66,1,xgb,combined,0.621327817440033
50,4,70,0,xgb,combined,0.71370929479599
50,4,79,0,xgb,combined,0.663111686706543
50,4,92,1,xgb,combined,0.8929663300514221
50,4,97,1,xgb,combined,0.6925566792488098
50,4,99,1,xgb,combined,0.5594074726104736
50,4,19,1,xgb,mouse_time,0.5804242491722107
50,4,22,0,xgb,mouse_time,0.5832874178886414
50,4,23,0,xgb,mouse_time,0.7545167207717896
50,4,27,1,xgb,mouse_time,0.566250741481781
50,4,29,0,xgb,mouse_time,0.3502427041530609
50,4,30,0,xgb,mouse_time,0.1238357201218605
50,4,50,1,xgb,mouse_time,0.8592182397842407
50,4,54,1,xgb,mouse_time,0.530131995677948
50,4,60,1,xgb,mouse_time,0.7082619071006775
50,4,66,1,xgb,mouse_time,0.9460566639900208
50,4,70,0,xgb,mouse_time,0.24261175096035004
50,4,79,0,xgb,mouse_time,0.08114667236804962
50,4,92,1,xgb,mouse_time,0.46371063590049744
50,4,97,1,xgb,mouse_time,0.6866730451583862
50,4,99,1,xgb,mouse_time,0.7856224775314331
50,4,19,1,xgb,demographic_time,0.6059005260467529
50,4,22,0,xgb,demographic_time,0.6038985848426819
50,4,23,0,xgb,demographic_time,0.6923575401306152
50,4,27,1,xgb,demographic_time,0.5579814314842224
50,4,29,0,xgb,demographic_time,0.4455183446407318
50,4,30,0,xgb,demographic_time,0.13502384722232819
50,4,50,1,xgb,demographic_time,0.877938985824585
50,4,54,1,xgb,demographic_time,0.5124878883361816
50,4,60,1,xgb,demographic_time,0.6496443748474121
50,4,66,1,xgb,demographic_time,0.9483093619346619
50,4,70,0,xgb,demographic_time,0.3277477025985718
50,4,79,0,xgb,demographic_time,0.09866521507501602
50,4,92,1,xgb,demographic_time,0.42638370394706726
50,4,97,1,xgb,demographic_time,0.6665573120117188
50,4,99,1,xgb,demographic_time,0.7890526652336121
50,4,19,1,xgb,all,0.5780309438705444
50,4,22,0,xgb,all,0.582271933555603
50,4,23,0,xgb,all,0.7310644388198853
50,4,27,1,xgb,all,0.5686655640602112
50,4,29,0,xgb,all,0.37107348442077637
50,4,30,0,xgb,all,0.1308239996433258
50,4,50,1,xgb,all,0.8563787341117859
50,4,54,1,xgb,all,0.5315358638763428
50,4,60,1,xgb,all,0.7058418989181519
50,4,66,1,xgb,all,0.9479793906211853
50,4,70,0,xgb,all,0.36710360646247864
50,4,79,0,xgb,all,0.10418855398893356
50,4,92,1,xgb,all,0.4163350462913513
50,4,97,1,xgb,all,0.6707535982131958
50,4,99,1,xgb,all,0.7905845642089844
50,5,15,1,rf,mouse,0.4937034566414594
50,5,17,1,rf,mouse,0.4927212181567534
50,5,26,0,rf,mouse,0.4908434666077386
50,5,34,0,rf,mouse,0.4930267607881347
50,5,39,0,rf,mouse,0.491070725061084
50,5,46,1,rf,mouse,0.4897462230370828
50,5,47,1,rf,mouse,0.49243538323407654
50,5,5,1,rf,mouse,0.49461212783923714
50,5,58,1,rf,mouse,0.4932442825807758
50,5,78,0,rf,mouse,0.491658069248353
50,5,83,0,rf,mouse,0.4922931660616374
50,5,88,1,rf,mouse,0.49107477231419716
50,5,95,0,rf,mouse,0.49360168048682673
50,5,98,1,rf,mouse,0.4946854572991223
50,5,15,1,rf,demographic,0.5055510995516302
50,5,17,1,rf,demographic,0.5199872871671155
50,5,26,0,rf,demographic,0.2965113922240993
50,5,34,0,rf,demographic,0.5185910570080903
50,5,39,0,rf,demographic,0.47840804044836477
50,5,46,1,rf,demographic,0.605800190435802
50,5,47,1,rf,demographic,0.3947531866247312
50,5,5,1,rf,demographic,0.5846682886170407
50,5,58,1,rf,demographic,0.5001535886790762
50,5,78,0,rf,demographic,0.2746878822418515
50,5,83,0,rf,demographic,0.5015498188381015
50,5,88,1,rf,demographic,0.7048316742430035
50,5,95,0,rf,demographic,0.27546384369972304
50,5,98,1,rf,demographic,0.2746878822418515
50,5,15,1,rf,time,0.6876671164998988
50,5,17,1,rf,time,0.6603389206709761
50,5,26,0,rf,time,0.516396839516956
50,5,34,0,rf,time,0.24651320270524776
50,5,39,0,rf,time,0.24540005884593058
50,5,46,1,rf,time,0.9017435357342581
50,5,47,1,rf,time,0.24973143275164586
50,5,5,1,rf,time,0.8591647201214707
50,5,58,1,rf,time,0.8560922039239806
50,5,78,0,rf,time,0.4634705640082303
50,5,83,0,rf,time,0.5725004979378644
50,5,88,1,rf,time,0.7907559780885145
50,5,95,0,rf,time,0.7524781568483044
50,5,98,1,rf,time,0.7084184321767031
50,5,15,1,rf,combined,0.4762092499095327
50,5,17,1,rf,combined,0.507625584960502
50,5,26,0,rf,combined,0.37674122279009226
50,5,34,0,rf,combined,0.5016408177206758
50,5,39,0,rf,combined,0.4071881957915551
50,5,46,1,rf,combined,0.6434318648175794
50,5,47,1,rf,combined,0.4705007078823895
50,5,5,1,rf,combined,0.6475622064509635
50,5,58,1,rf,combined,0.5013279118439022
50,5,78,0,rf,combined,0.30119881003345955
50,5,83,0,rf,combined,0.5069036414283941
50,5,88,1,rf,combined,0.5769277405736086
50,5,95,0,rf,combined,0.2951670354602547
50,5,98,1,rf,combined,0.3015272331178038
50,5,15,1,rf,mouse_time,0.7862232265503125
50,5,17,1,rf,mouse_time,0.5403725258782381
50,5,26,0,rf,mouse_time,0.5067934158748342
50,5,34,0,rf,mouse_time,0.26710013411876143
50,5,39,0,rf,mouse_time,0.25986496833718725
50,5,46,1,rf,mouse_time,0.854812147933296
50,5,47,1,rf,mouse_time,0.2956254762625655
50,5,5,1,rf,mouse_time,0.9008832757099455
50,5,58,1,rf,mouse_time,0.8234028989574224
50,5,78,0,rf,mouse_time,0.3867005676240507
50,5,83,0,rf,mouse_time,0.6268450549212434
50,5,88,1,rf,mouse_time,0.7690622992149375
50,5,95,0,rf,mouse_time,0.7600089459020196
50,5,98,1,rf,mouse_time,0.7040761447142744
50,5,15,1,rf,demographic_time,0.7239992977638895
50,5,17,1,rf,demographic_time,0.6221308925952941
50,5,26,0,rf,demographic_time,0.4631505557408643
50,5,34,0,rf,demographic_time,0.29374208531007817
50,5,39,0,rf,demographic_time,0.23064367347689202
50,5,46,1,rf,demographic_time,0.8635752108509811
50,5,47,1,rf,demographic_time,0.27777077659487387
50,5,5,1,rf,demographic_time,0.857039595679149
50,5,58,1,rf,demographic_time,0.8384031156061912
50,5,78,0,rf,demographic_time,0.3536301788491386
50,5,83,0,rf,demographic_time,0.5549626270342419
50,5,88,1,rf,demographic_time,0.7194457400614432
50,5,95,0,rf,demographic_time,0.7610561677894184
50,5,98,1,rf,demographic_time,0.6109206718267968
50,5,15,1,rf,all,0.770829430699372
50,5,17,1,rf,all,0.5832396943734999
50,5,26,0,rf,all,0.4919360003933345
50,5,34,0,rf,all,0.24451043575915382
50,5,39,0,rf,all,0.25347691011598095
50,5,46,1,rf,all,0.9089777638995425
50,5,47,1,rf,all,0.2533410487847162
50,5,5,1,rf,all,0.8898524211320453
50,5,58,1,rf,all,0.8097075161806202
50,5,78,0,rf,all,0.4157858846783193
50,5,83,0,rf,all,0.5068681436067684
50,5,88,1,rf,all,0.7915386199237284
50,5,95,0,rf,all,0.7544356093915476
50,5,98,1,rf,all,0.7436153385907347
50,5,15,1,xgb,mouse,0.4941118359565735
50,5,17,1,xgb,mouse,0.4941118359565735
50,5,26,0,xgb,mouse,0.4941118359565735
50,5,34,0,xgb,mouse,0.49516797065734863
50,5,39,0,xgb,mouse,0.489337682723999
50,5,46,1,xgb,mouse,0.489337682723999
50,5,47,1,xgb,mouse,0.4941118359565735
50,5,5,1,xgb,mouse,0.4983357787132263
50,5,58,1,xgb,mouse,0.49516797065734863
50,5,78,0,xgb,mouse,0.49225637316703796
50,5,83,0,xgb,mouse,0.49356725811958313
50,5,88,1,xgb,mouse,0.49122586846351624
50,5,95,0,xgb,mouse,0.4941118359565735
50,5,98,1,xgb,mouse,0.49516797065734863
50,5,15,1,xgb,demographic,0.4856001138687134
50,5,17,1,xgb,demographic,0.6899852752685547
50,5,26,0,xgb,demographic,0.41711509227752686
50,5,34,0,xgb,demographic,0.5173223614692688
50,5,39,0,xgb,demographic,0.1914142519235611
50,5,46,1,xgb,demographic,0.4959484040737152
50,5,47,1,xgb,demographic,0.5968322157859802
50,5,5,1,xgb,demographic,0.4959484040737152
50,5,58,1,xgb,demographic,0.5173223614692688
50,5,78,0,xgb,demographic,0.18887050449848175
50,5,83,0,xgb,demographic,0.8456712365150452
50,5,88,1,xgb,demographic,0.5869340896606445
50,5,95,0,xgb,demographic,0.16274602711200714
50,5,98,1,xgb,demographic,0.18887050449848175
50,5,15,1,xgb,time,0.5946222543716431
50,5,17,1,xgb,time,0.606170654296875
50,5,26,0,xgb,time,0.4828091561794281
50,5,34,0,xgb,time,0.21313875913619995
50,5,39,0,xgb,time,0.2749790847301483
50,5,46,1,xgb,time,0.9135988354682922
50,5,47,1,xgb,time,0.2626151442527771
50,5,5,1,xgb,time,0.9711359143257141
50,5,58,1,xgb,time,0.9354069828987122
50,5,78,0,xgb,time,0.20038403570652008
50,5,83,0,xgb,time,0.7026490569114685
50,5,88,1,xgb,time,0.8325535655021667
50,5,95,0,xgb,time,0.817817747592926
50,5,98,1,xgb,time,0.4318948984146118
50,5,15,1,xgb,combined,0.4659632742404938
50,5,17,1,xgb,combined,0.674860417842865
50,5,26,0,xgb,combined,0.4398784935474396
50,5,34,0,xgb,combined,0.4898960590362549
50,5,39,0,xgb,combined,0.2610977292060852
50,5,46,1,xgb,combined,0.492360383272171
50,5,47,1,xgb,combined,0.592725396156311
50,5,5,1,xgb,combined,0.492360383272171
50,5,58,1,xgb,combined,0.4898960590362549
50,5,78,0,xgb,combined,0.2573939263820648
50,5,83,0,xgb,combined,0.8705298900604248
50,5,88,1,xgb,combined,0.591722846031189
50,5,95,0,xgb,combined,0.20387203991413116
50,5,98,1,xgb,combined,0.2573939263820648
50,5,15,1,xgb,mouse_time,0.5931408405303955
50,5,17,1,xgb,mouse_time,0.6174024939537048
50,5,26,0,xgb,mouse_time,0.5412120223045349
50,5,34,0,xgb,mouse_time,0.2239389568567276
50,5,39,0,xgb,mouse_time,0.26268622279167175
50,5,46,1,xgb,mouse_time,0.9093210101127625
50,5,47,1,xgb,mouse_time,0.2741221487522125
50,5,5,1,xgb,mouse_time,0.9737542867660522
50,5,58,1,xgb,mouse_time,0.9329457879066467
50,5,78,0,xgb,mouse_time,0.17665405571460724
50,5,83,0,xgb,mouse_time,0.6719034314155579
50,5,88,1,xgb,mouse_time,0.8328930139541626
50,5,95,0,xgb,mouse_time,0.825020432472229
50,5,98,1,xgb,mouse_time,0.45786041021347046
50,5,15,1,xgb,demographic_time,0.5738025903701782
50,5,17,1,xgb,demographic_time,0.5215480327606201
50,5,26,0,xgb,demographic_time,0.48089614510536194
50,5,34,0,xgb,demographic_time,0.16529196500778198
50,5,39,0,xgb,demographic_time,0.1753021776676178
50,5,46,1,xgb,demographic_time,0.9167983531951904
50,5,47,1,xgb,demographic_time,0.1883707344532013
50,5,5,1,xgb,demographic_time,0.971373975276947
50,5,58,1,xgb,demographic_time,0.9381570219993591
50,5,78,0,xgb,demographic_time,0.15201981365680695
50,5,83,0,xgb,demographic_time,0.5393851399421692
50,5,88,1,xgb,demographic_time,0.9089251160621643
50,5,95,0,xgb,demographic_time,0.773626446723938
50,5,98,1,xgb,demographic_time,0.5083611011505127
50,5,15,1,xgb,all,0.5775770545005798
50,5,17,1,xgb,all,0.5135670900344849
50,5,26,0,xgb,all,0.5617624521255493
50,5,34,0,xgb,all,0.16628636419773102
50,5,39,0,xgb,all,0.20719017088413239
50,5,46,1,xgb,all,0.9277890920639038
50,5,47,1,xgb,all,0.1979881227016449
50,5,5,1,xgb,all,0.9668664932250977
50,5,58,1,xgb,all,0.9354434609413147
50,5,78,0,xgb,all,0.1756163239479065
50,5,83,0,xgb,all,0.5670632719993591
50,5,88,1,xgb,all,0.8852909207344055
50,5,95,0,xgb,all,0.7625316381454468
50,5,98,1,xgb,all,0.5333552360534668
51,1,10,0,rf,mouse,0.4945050558632677
51,1,15,1,rf,mouse,0.49235521047355385
51,1,28,0,rf,mouse,0.4955322287187758
51,1,34,0,rf,mouse,0.49874809454905267
51,1,40,0,rf,mouse,0.5006940090161685
51,1,41,0,rf,mouse,0.4915121611849432
51,1,46,1,rf,mouse,0.49653044000865754
51,1,49,1,rf,mouse,0.4984021869642925
51,1,51,1,rf,mouse,0.49456227028127264
51,1,6,0,rf,mouse,0.4934523425671642
51,1,60,1,rf,mouse,0.4941068599900619
51,1,64,1,rf,mouse,0.49552111840859353
51,1,89,0,rf,mouse,0.49286858155080626
51,1,93,1,rf,mouse,0.4944067980296065
51,1,98,1,rf,mouse,0.4947438408123538
51,1,10,0,rf,demographic,0.12355222971925602
51,1,15,1,rf,demographic,0.6385428795328469
51,1,28,0,rf,demographic,0.4655736466439153
51,1,34,0,rf,demographic,0.6385428795328469
51,1,40,0,rf,demographic,0.6385428795328469
51,1,41,0,rf,demographic,0.21431743938143466
51,1,46,1,rf,demographic,0.7501380667593961
51,1,49,1,rf,demographic,0.5402411269402456
51,1,51,1,rf,demographic,0.6691659763665458
51,1,6,0,rf,demographic,0.15172191102494287
51,1,60,1,rf,demographic,0.377611624506877
51,1,64,1,rf,demographic,0.6691659763665458
51,1,89,0,rf,demographic,0.39036680109963207
51,1,93,1,rf,demographic,0.3823917709340171
51,1,98,1,rf,demographic,0.13324391950862008
51,1,10,0,rf,time,0.46616220380597956
51,1,15,1,rf,time,0.5276893749240956
51,1,28,0,rf,time,0.11002446442027847
51,1,34,0,rf,time,0.16731397384550423
51,1,40,0,rf,time,0.3439838670780332
51,1,41,0,rf,time,0.32818581789921786
51,1,46,1,rf,time,0.8213942464409323
51,1,49,1,rf,time,0.8379383903757948
51,1,51,1,rf,time,0.3157233402352763
51,1,6,0,rf,time,0.3604396820513142
51,1,60,1,rf,time,0.502122435991384
51,1,64,1,rf,time,0.2633797485777464
51,1,89,0,rf,time,0.5677371497910835
51,1,93,1,rf,time,0.5068352042347052
51,1,98,1,rf,time,0.5412058557013423
51,1,10,0,rf,combined,0.13376901797406726
51,1,15,1,rf,combined,0.6032322862168422
51,1,28,0,rf,combined,0.3927689631206856
51,1,34,0,rf,combined,0.6042970857162967
51,1,40,0,rf,combined,0.6044099914858121
51,1,41,0,rf,combined,0.22678020572621688
51,1,46,1,rf,combined,0.7348605045961131
51,1,49,1,rf,combined,0.5186662279891339
51,1,51,1,rf,combined,0.6453560504359165
51,1,6,0,rf,combined,0.2799944757376159
51,1,60,1,rf,combined,0.4320652776908639
51,1,64,1,rf,combined,0.6474348487522052
51,1,89,0,rf,combined,0.4841506280286766
51,1,93,1,rf,combined,0.47241076510635305
51,1,98,1,rf,combined,0.19296785054092475
51,1,10,0,rf,mouse_time,0.44132886875676924
51,1,15,1,rf,mouse_time,0.4559436852920061
51,1,28,0,rf,mouse_time,0.14149135416893321
51,1,34,0,rf,mouse_time,0.21027156425849802
51,1,40,0,rf,mouse_time,0.2670012752942312
51,1,41,0,rf,mouse_time,0.34535955313086086
51,1,46,1,rf,mouse_time,0.8326820428720614
51,1,49,1,rf,mouse_time,0.8475470680262436
51,1,51,1,rf,mouse_time,0.324528641403948
51,1,6,0,rf,mouse_time,0.3480212548313112
51,1,60,1,rf,mouse_time,0.4618167759354521
51,1,64,1,rf,mouse_time,0.2967140149302817
51,1,89,0,rf,mouse_time,0.5673318882671821
51,1,93,1,rf,mouse_time,0.435744367456058
51,1,98,1,rf,mouse_time,0.4507065092121306
51,1,10,0,rf,demographic_time,0.46591669196878227
51,1,15,1,rf,demographic_time,0.4928186777236192
51,1,28,0,rf,demographic_time,0.13294947271635335
51,1,34,0,rf,demographic_time,0.19784218222369182
51,1,40,0,rf,demographic_time,0.3285370097812117
51,1,41,0,rf,demographic_time,0.414484902639973
51,1,46,1,rf,demographic_time,0.8236884478147786
51,1,49,1,rf,demographic_time,0.8725793733550121
51,1,51,1,rf,demographic_time,0.37977796365520855
51,1,6,0,rf,demographic_time,0.3709790139680492
51,1,60,1,rf,demographic_time,0.4759229973877117
51,1,64,1,rf,demographic_time,0.2825324981904377
51,1,89,0,rf,demographic_time,0.5943885633405666
51,1,93,1,rf,demographic_time,0.5017103124755667
51,1,98,1,rf,demographic_time,0.47747652495298654
51,1,10,0,rf,all,0.544839108991078
51,1,15,1,rf,all,0.4919267319384935
51,1,28,0,rf,all,0.11267300061057453
51,1,34,0,rf,all,0.17940132544733406
51,1,40,0,rf,all,0.32282854253168936
51,1,41,0,rf,all,0.4098212528099815
51,1,46,1,rf,all,0.8686678065487191
51,1,49,1,rf,all,0.8797569479229074
51,1,51,1,rf,all,0.42926758064949355
51,1,6,0,rf,all,0.41222373253366706
51,1,60,1,rf,all,0.4667419016953908
51,1,64,1,rf,all,0.302701073547505
51,1,89,0,rf,all,0.5768822777962177
51,1,93,1,rf,all,0.5276002527451669
51,1,98,1,rf,all,0.5050420545680597
51,1,10,0,xgb,mouse,0.4946877360343933
51,1,15,1,xgb,mouse,0.4915560185909271
51,1,28,0,xgb,mouse,0.4946877360343933
51,1,34,0,xgb,mouse,0.49851852655410767
51,1,40,0,xgb,mouse,0.49851852655410767
51,1,41,0,xgb,mouse,0.4915560185909271
51,1,46,1,xgb,mouse,0.49651622772216797
51,1,49,1,xgb,mouse,0.49851852655410767
51,1,51,1,xgb,mouse,0.4946877360343933
51,1,6,0,xgb,mouse,0.49222731590270996
51,1,60,1,xgb,mouse,0.49222731590270996
51,1,64,1,xgb,mouse,0.4946877360343933
51,1,89,0,xgb,mouse,0.4915560185909271
51,1,93,1,xgb,mouse,0.49292197823524475
51,1,98,1,xgb,mouse,0.49615195393562317
51,1,10,0,xgb,demographic,0.1011793240904808
51,1,15,1,xgb,demographic,0.5836064219474792
51,1,28,0,xgb,demographic,0.4989081025123596
51,1,34,0,xgb,demographic,0.5836064219474792
51,1,40,0,xgb,demographic,0.5836064219474792
51,1,41,0,xgb,demographic,0.1389404535293579
51,1,46,1,xgb,demographic,0.6678494811058044
51,1,49,1,xgb,demographic,0.5592153072357178
51,1,51,1,xgb,demographic,0.8506765365600586
51,1,6,0,xgb,demographic,0.4426838159561157
51,1,60,1,xgb,demographic,0.2875344455242157
51,1,64,1,xgb,demographic,0.8506765365600586
51,1,89,0,xgb,demographic,0.5170215964317322
51,1,93,1,xgb,demographic,0.43421614170074463
51,1,98,1,xgb,demographic,0.10716667026281357
51,1,10,0,xgb,time,0.3795035183429718
51,1,15,1,xgb,time,0.19980691373348236
51,1,28,0,xgb,time,0.07553176581859589
51,1,34,0,xgb,time,0.11820113658905029
51,1,40,0,xgb,time,0.1471785604953766
51,1,41,0,xgb,time,0.27764931321144104
51,1,46,1,xgb,time,0.921645998954773
51,1,49,1,xgb,time,0.928554117679596
51,1,51,1,xgb,time,0.3095611333847046
51,1,6,0,xgb,time,0.3381548523902893
51,1,60,1,xgb,time,0.36701467633247375
51,1,64,1,xgb,time,0.20625680685043335
51,1,89,0,xgb,time,0.5478726029396057
51,1,93,1,xgb,time,0.3482159972190857
51,1,98,1,xgb,time,0.522049069404602
51,1,10,0,xgb,combined,0.12082085013389587
51,1,15,1,xgb,combined,0.5603745579719543
51,1,28,0,xgb,combined,0.3940534293651581
51,1,34,0,xgb,combined,0.5603745579719543
51,1,40,0,xgb,combined,0.5603745579719543
51,1,41,0,xgb,combined,0.16330137848854065
51,1,46,1,xgb,combined,0.6659134030342102
51,1,49,1,xgb,combined,0.5286171436309814
51,1,51,1,xgb,combined,0.8662346005439758
51,1,6,0,xgb,combined,0.3434399664402008
51,1,60,1,xgb,combined,0.30546489357948303
51,1,64,1,xgb,combined,0.8662346005439758
51,1,89,0,xgb,combined,0.4682324528694153
51,1,93,1,xgb,combined,0.4421267509460449
51,1,98,1,xgb,combined,0.11966541409492493
51,1,10,0,xgb,mouse_time,0.3480178713798523
51,1,15,1,xgb,mouse_time,0.17989060282707214
51,1,28,0,xgb,mouse_time,0.08258769661188126
51,1,34,0,xgb,mouse_time,0.12057963013648987
51,1,40,0,xgb,mouse_time,0.15751495957374573
51,1,41,0,xgb,mouse_time,0.24489134550094604
51,1,46,1,xgb,mouse_time,0.9236786961555481
51,1,49,1,xgb,mouse_time,0.928433358669281
51,1,51,1,xgb,mouse_time,0.27552834153175354
51,1,6,0,xgb,mouse_time,0.2910735607147217
51,1,60,1,xgb,mouse_time,0.44998881220817566
51,1,64,1,xgb,mouse_time,0.2289980798959732
51,1,89,0,xgb,mouse_time,0.5367489457130432
51,1,93,1,xgb,mouse_time,0.317283034324646
51,1,98,1,xgb,mouse_time,0.524414598941803
51,1,10,0,xgb,demographic_time,0.33292508125305176
51,1,15,1,xgb,demographic_time,0.2510114908218384
51,1,28,0,xgb,demographic_time,0.077515609562397
51,1,34,0,xgb,demographic_time,0.10162907838821411
51,1,40,0,xgb,demographic_time,0.16850855946540833
51,1,41,0,xgb,demographic_time,0.27968934178352356
51,1,46,1,xgb,demographic_time,0.9270312190055847
51,1,49,1,xgb,demographic_time,0.921946108341217
51,1,51,1,xgb,demographic_time,0.2860850393772125
51,1,6,0,xgb,demographic_time,0.34082478284835815
51,1,60,1,xgb,demographic_time,0.4390381872653961
51,1,64,1,xgb,demographic_time,0.18964116275310516
51,1,89,0,xgb,demographic_time,0.5457552075386047
51,1,93,1,xgb,demographic_time,0.3748927414417267
51,1,98,1,xgb,demographic_time,0.431997150182724
51,1,10,0,xgb,all,0.34283900260925293
51,1,15,1,xgb,all,0.20166152715682983
51,1,28,0,xgb,all,0.08132554590702057
51,1,34,0,xgb,all,0.1112864539027214
51,1,40,0,xgb,all,0.16354802250862122
51,1,41,0,xgb,all,0.2592604458332062
51,1,46,1,xgb,all,0.9300099611282349
51,1,49,1,xgb,all,0.9204747080802917
51,1,51,1,xgb,all,0.2786707282066345
51,1,6,0,xgb,all,0.3564226031303406
51,1,60,1,xgb,all,0.3862042725086212
51,1,64,1,xgb,all,0.2118101269006729
51,1,89,0,xgb,all,0.5185843110084534
51,1,93,1,xgb,all,0.339680016040802
51,1,98,1,xgb,all,0.47804322838783264
51,2,16,1,rf,mouse,0.49337805705470233
51,2,18,0,rf,mouse,0.49233932833465466
51,2,19,1,rf,mouse,0.4911504231932424
51,2,2,0,rf,mouse,0.49719604270580425
51,2,20,1,rf,mouse,0.49930921584582794
51,2,26,0,rf,mouse,0.49846724331235015
51,2,27,1,rf,mouse,0.4892191222570725
51,2,29,0,rf,mouse,0.49328298300686657
51,2,31,0,rf,mouse,0.4929130531478808
51,2,39,0,rf,mouse,0.4907135105250958
51,2,45,1,rf,mouse,0.4934688917403439
51,2,68,1,rf,mouse,0.4892650985580906
51,2,69,1,rf,mouse,0.49410039594379296
51,2,91,0,rf,mouse,0.49993867063550834
51,2,99,1,rf,mouse,0.4909098108735963
51,2,16,1,rf,demographic,0.4406924362155353
51,2,18,0,rf,demographic,0.6649890845671934
51,2,19,1,rf,demographic,0.6101203578146578
51,2,2,0,rf,demographic,0.7721597579633271
51,2,20,1,rf,demographic,0.45302494158872386
51,2,26,0,rf,demographic,0.44605465885049095
51,2,27,1,rf,demographic,0.5420436214981414
51,2,29,0,rf,demographic,0.6000394770861598
51,2,31,0,rf,demographic,0.28942894188935914
51,2,39,0,rf,demographic,0.4716631547819693
51,2,45,1,rf,demographic,0.4406924362155353
51,2,68,1,rf,demographic,0.4406924362155353
51,2,69,1,rf,demographic,0.713231395235378
51,2,91,0,rf,demographic,0.9728440892537409
51,2,99,1,rf,demographic,0.467688230319807
51,2,16,1,rf,time,0.19505015338565898
51,2,18,0,rf,time,0.6846246782263725
51,2,19,1,rf,time,0.764514482347677
51,2,2,0,rf,time,0.6240191680533199
51,2,20,1,rf,time,0.9556740055116821
51,2,26,0,rf,time,0.33758229946877644
51,2,27,1,rf,time,0.693089569120812
51,2,29,0,rf,time,0.4237196049470645
51,2,31,0,rf,time,0.7244137550272539
51,2,39,0,rf,time,0.27387398161462917
51,2,45,1,rf,time,0.446853090804524
51,2,68,1,rf,time,0.4664390464469352
51,2,69,1,rf,time,0.689342914948644
51,2,91,0,rf,time,0.7128573794305088
51,2,99,1,rf,time,0.5363127979908482
51,2,16,1,rf,combined,0.41617504260847255
51,2,18,0,rf,combined,0.6699826815998291
51,2,19,1,rf,combined,0.5114369111935844
51,2,2,0,rf,combined,0.7522940949163759
51,2,20,1,rf,combined,0.4633929317438847
51,2,26,0,rf,combined,0.5449716449846045
51,2,27,1,rf,combined,0.46805511833502356
51,2,29,0,rf,combined,0.5690473471279732
51,2,31,0,rf,combined,0.2576889280673574
51,2,39,0,rf,combined,0.39358094941820115
51,2,45,1,rf,combined,0.41647992806690376
51,2,68,1,rf,combined,0.4144933859636528
51,2,69,1,rf,combined,0.8166672740598162
51,2,91,0,rf,combined,0.9064831583800468
51,2,99,1,rf,combined,0.4886001507771138
51,2,16,1,rf,mouse_time,0.19290811607374075
51,2,18,0,rf,mouse_time,0.6842994890203842
51,2,19,1,rf,mouse_time,0.7687067520091282
51,2,2,0,rf,mouse_time,0.6426297921705159
51,2,20,1,rf,mouse_time,0.9649110919175385
51,2,26,0,rf,mouse_time,0.38405216913804624
51,2,27,1,rf,mouse_time,0.6810583941658094
51,2,29,0,rf,mouse_time,0.43794544652521933
51,2,31,0,rf,mouse_time,0.6945790080265367
51,2,39,0,rf,mouse_time,0.26599561768991464
51,2,45,1,rf,mouse_time,0.4887478199208199
51,2,68,1,rf,mouse_time,0.49308462709833156
51,2,69,1,rf,mouse_time,0.6921258862646135
51,2,91,0,rf,mouse_time,0.6291794930476019
51,2,99,1,rf,mouse_time,0.5466887328195962
51,2,16,1,rf,demographic_time,0.16044825007111813
51,2,18,0,rf,demographic_time,0.6389456114882601
51,2,19,1,rf,demographic_time,0.7500711906401827
51,2,2,0,rf,demographic_time,0.6463212991595487
51,2,20,1,rf,demographic_time,0.9672628509638729
51,2,26,0,rf,demographic_time,0.3718141703081917
51,2,27,1,rf,demographic_time,0.6604152840056811
51,2,29,0,rf,demographic_time,0.49131891757891893
51,2,31,0,rf,demographic_time,0.710171045668913
51,2,39,0,rf,demographic_time,0.2539302929690287
51,2,45,1,rf,demographic_time,0.39971701326643966
51,2,68,1,rf,demographic_time,0.44694774247836877
51,2,69,1,rf,demographic_time,0.7155988242636357
51,2,91,0,rf,demographic_time,0.6573303230544194
51,2,99,1,rf,demographic_time,0.5530168848580974
51,2,16,1,rf,all,0.1457735732626111
51,2,18,0,rf,all,0.7107920480022825
51,2,19,1,rf,all,0.7451518459983975
51,2,2,0,rf,all,0.6543549841437555
51,2,20,1,rf,all,0.9727157368001705
51,2,26,0,rf,all,0.3773015174058468
51,2,27,1,rf,all,0.6670715142072212
51,2,29,0,rf,all,0.4396528420840101
51,2,31,0,rf,all,0.6994991695510839
51,2,39,0,rf,all,0.24680717865944582
51,2,45,1,rf,all,0.39268956794299575
51,2,68,1,rf,all,0.44245135810695685
51,2,69,1,rf,all,0.7088755306436012
51,2,91,0,rf,all,0.6483967180223431
51,2,99,1,rf,all,0.4500487528621721
51,2,16,1,xgb,mouse,0.49898093938827515
51,2,18,0,xgb,mouse,0.5015063881874084
51,2,19,1,xgb,mouse,0.49668508768081665
51,2,2,0,xgb,mouse,0.5037954449653625
51,2,20,1,xgb,mouse,0.5058544278144836
51,2,26,0,xgb,mouse,0.5037954449653625
51,2,27,1,xgb,mouse,0.49548450112342834
51,2,29,0,xgb,mouse,0.5018820762634277
51,2,31,0,xgb,mouse,0.5000616908073425
51,2,39,0,xgb,mouse,0.49790334701538086
51,2,45,1,xgb,mouse,0.5000616908073425
51,2,68,1,xgb,mouse,0.49168094992637634
51,2,69,1,xgb,mouse,0.5015063881874084
51,2,91,0,xgb,mouse,0.5058544278144836
51,2,99,1,xgb,mouse,0.4979206621646881
51,2,16,1,xgb,demographic,0.4570463299751282
51,2,18,0,xgb,demographic,0.7949217557907104
51,2,19,1,xgb,demographic,0.5549017190933228
51,2,2,0,xgb,demographic,0.8150701522827148
51,2,20,1,xgb,demographic,0.5106902122497559
51,2,26,0,xgb,demographic,0.527256965637207
51,2,27,1,xgb,demographic,0.4265357255935669
51,2,29,0,xgb,demographic,0.5967182517051697
51,2,31,0,xgb,demographic,0.2929857075214386
51,2,39,0,xgb,demographic,0.2690466642379761
51,2,45,1,xgb,demographic,0.4570463299751282
51,2,68,1,xgb,demographic,0.4570463299751282
51,2,69,1,xgb,demographic,0.9186954498291016
51,2,91,0,xgb,demographic,0.8432552814483643
51,2,99,1,xgb,demographic,0.6573744416236877
51,2,16,1,xgb,time,0.11540613323450089
51,2,18,0,xgb,time,0.8314452171325684
51,2,19,1,xgb,time,0.9040060043334961
51,2,2,0,xgb,time,0.35622408986091614
51,2,20,1,xgb,time,0.9656386375427246
51,2,26,0,xgb,time,0.40385952591896057
51,2,27,1,xgb,time,0.6134905219078064
51,2,29,0,xgb,time,0.21237337589263916
51,2,31,0,xgb,time,0.6194983720779419
51,2,39,0,xgb,time,0.2587655484676361
51,2,45,1,xgb,time,0.27543333172798157
51,2,68,1,xgb,time,0.32092970609664917
51,2,69,1,xgb,time,0.5951820015907288
51,2,91,0,xgb,time,0.6865807175636292
51,2,99,1,xgb,time,0.4816379249095917
51,2,16,1,xgb,combined,0.4353954792022705
51,2,18,0,xgb,combined,0.7252995371818542
51,2,19,1,xgb,combined,0.5239657759666443
51,2,2,0,xgb,combined,0.7748659253120422
51,2,20,1,xgb,combined,0.5013048648834229
51,2,26,0,xgb,combined,0.5814781785011292
51,2,27,1,xgb,combined,0.3903322219848633
51,2,29,0,xgb,combined,0.6470659375190735
51,2,31,0,xgb,combined,0.2628694772720337
51,2,39,0,xgb,combined,0.3553050458431244
51,2,45,1,xgb,combined,0.4353954792022705
51,2,68,1,xgb,combined,0.4353954792022705
51,2,69,1,xgb,combined,0.9337370991706848
51,2,91,0,xgb,combined,0.8455294966697693
51,2,99,1,xgb,combined,0.6484200954437256
51,2,16,1,xgb,mouse_time,0.0998220220208168
51,2,18,0,xgb,mouse_time,0.839123010635376
51,2,19,1,xgb,mouse_time,0.9049844741821289
51,2,2,0,xgb,mouse_time,0.3237835168838501
51,2,20,1,xgb,mouse_time,0.9646080732345581
51,2,26,0,xgb,mouse_time,0.35839977860450745
51,2,27,1,xgb,mouse_time,0.59738689661026
51,2,29,0,xgb,mouse_time,0.2049505114555359
51,2,31,0,xgb,mouse_time,0.6515938639640808
51,2,39,0,xgb,mouse_time,0.2734951972961426
51,2,45,1,xgb,mouse_time,0.3266740143299103
51,2,68,1,xgb,mouse_time,0.3440467119216919
51,2,69,1,xgb,mouse_time,0.6537387371063232
51,2,91,0,xgb,mouse_time,0.6931365728378296
51,2,99,1,xgb,mouse_time,0.46682754158973694
51,2,16,1,xgb,demographic_time,0.1006581112742424
51,2,18,0,xgb,demographic_time,0.8521464467048645
51,2,19,1,xgb,demographic_time,0.8429948687553406
51,2,2,0,xgb,demographic_time,0.4253562092781067
51,2,20,1,xgb,demographic_time,0.9680304527282715
51,2,26,0,xgb,demographic_time,0.37394359707832336
51,2,27,1,xgb,demographic_time,0.7414135932922363
51,2,29,0,xgb,demographic_time,0.26111626625061035
51,2,31,0,xgb,demographic_time,0.5904421806335449
51,2,39,0,xgb,demographic_time,0.2301155924797058
51,2,45,1,xgb,demographic_time,0.23615749180316925
51,2,68,1,xgb,demographic_time,0.2851918041706085
51,2,69,1,xgb,demographic_time,0.7709469199180603
51,2,91,0,xgb,demographic_time,0.7680571675300598
51,2,99,1,xgb,demographic_time,0.4394713342189789
51,2,16,1,xgb,all,0.10544410347938538
51,2,18,0,xgb,all,0.8634197115898132
51,2,19,1,xgb,all,0.8449392318725586
51,2,2,0,xgb,all,0.45034080743789673
51,2,20,1,xgb,all,0.9685258865356445
51,2,26,0,xgb,all,0.362925261259079
51,2,27,1,xgb,all,0.7361180186271667
51,2,29,0,xgb,all,0.2811179757118225
51,2,31,0,xgb,all,0.5701650381088257
51,2,39,0,xgb,all,0.22191061079502106
51,2,45,1,xgb,all,0.27667924761772156
51,2,68,1,xgb,all,0.30764058232307434
51,2,69,1,xgb,all,0.77628093957901
51,2,91,0,xgb,all,0.7788811922073364
51,2,99,1,xgb,all,0.4277932345867157
51,3,100,0,rf,mouse,0.4908068442599349
51,3,11,1,rf,mouse,0.49637527085048977
51,3,17,1,rf,mouse,0.4964745020514044
51,3,23,0,rf,mouse,0.4973426356196069
51,3,36,0,rf,mouse,0.4961881848029625
51,3,38,0,rf,mouse,0.49014842410614873
51,3,42,1,rf,mouse,0.4966699382704628
51,3,48,1,rf,mouse,0.4966367651183017
51,3,53,1,rf,mouse,0.494498620708963
51,3,77,1,rf,mouse,0.49869797497576485
51,3,79,0,rf,mouse,0.49537817711551757
51,3,82,1,rf,mouse,0.5050432883613252
51,3,85,0,rf,mouse,0.4938491181139284
51,3,87,0,rf,mouse,0.49846516832858334
51,3,94,1,rf,mouse,0.5033647463657039
51,3,100,0,rf,demographic,0.8424459826287451
51,3,11,1,rf,demographic,0.8395904658893791
51,3,17,1,rf,demographic,0.4811563184581148
51,3,23,0,rf,demographic,0.5598440117123891
51,3,36,0,rf,demographic,0.48978052474521344
51,3,38,0,rf,demographic,0.26651055987758215
51,3,42,1,rf,demographic,0.4811563184581148
51,3,48,1,rf,demographic,0.4861985102479328
51,3,53,1,rf,demographic,0.838778527450866
51,3,77,1,rf,demographic,0.6911587483851973
51,3,79,0,rf,demographic,0.7001504428757392
51,3,82,1,rf,demographic,0.838778527450866
51,3,85,0,rf,demographic,0.7172343869327984
51,3,87,0,rf,demographic,0.15599237915596648
51,3,94,1,rf,demographic,0.5390490861629373
51,3,100,0,rf,time,0.26184154485660566
51,3,11,1,rf,time,0.6233156928982846
51,3,17,1,rf,time,0.49360418056345556
51,3,23,0,rf,time,0.6083431733612559
51,3,36,0,rf,time,0.30807431985456113
51,3,38,0,rf,time,0.39177870898872436
51,3,42,1,rf,time,0.6118567182944569
51,3,48,1,rf,time,0.4851831617852628
51,3,53,1,rf,time,0.39455600321484113
51,3,77,1,rf,time,0.647196710479773
51,3,79,0,rf,time,0.25561537660860284
51,3,82,1,rf,time,0.376712589292603
51,3,85,0,rf,time,0.4582801325140614
51,3,87,0,rf,time,0.5140582073178105
51,3,94,1,rf,time,0.7031725447714673
51,3,100,0,rf,combined,0.7465803202178773
51,3,11,1,rf,combined,0.7489722752004351
51,3,17,1,rf,combined,0.47360343266992544
51,3,23,0,rf,combined,0.496841780006937
51,3,36,0,rf,combined,0.47025689752895905
51,3,38,0,rf,combined,0.24088939083047234
51,3,42,1,rf,combined,0.47367914783322373
51,3,48,1,rf,combined,0.4643260494646708
51,3,53,1,rf,combined,0.842307566059384
51,3,77,1,rf,combined,0.6843549551707448
51,3,79,0,rf,combined,0.5953812890732391
51,3,82,1,rf,combined,0.8443921632859468
51,3,85,0,rf,combined,0.742355833421039
51,3,87,0,rf,combined,0.24797959411523243
51,3,94,1,rf,combined,0.5211499198714397
51,3,100,0,rf,mouse_time,0.2498468234774871
51,3,11,1,rf,mouse_time,0.6328709831825035
51,3,17,1,rf,mouse_time,0.519066801924033
51,3,23,0,rf,mouse_time,0.5698107447684732
51,3,36,0,rf,mouse_time,0.3097682795996247
51,3,38,0,rf,mouse_time,0.4122115572311606
51,3,42,1,rf,mouse_time,0.6102511014322504
51,3,48,1,rf,mouse_time,0.4590113583583636
51,3,53,1,rf,mouse_time,0.4281016872016215
51,3,77,1,rf,mouse_time,0.7038795829565992
51,3,79,0,rf,mouse_time,0.29066275220068943
51,3,82,1,rf,mouse_time,0.3602957755729757
51,3,85,0,rf,mouse_time,0.4561743972634166
51,3,87,0,rf,mouse_time,0.5668194110680758
51,3,94,1,rf,mouse_time,0.7230201071036023
51,3,100,0,rf,demographic_time,0.3265456990912669
51,3,11,1,rf,demographic_time,0.6273879808643018
51,3,17,1,rf,demographic_time,0.5406351204912305
51,3,23,0,rf,demographic_time,0.5239593235122174
51,3,36,0,rf,demographic_time,0.3394965717201448
51,3,38,0,rf,demographic_time,0.38742716265420135
51,3,42,1,rf,demographic_time,0.6139285731272606
51,3,48,1,rf,demographic_time,0.4728694677024503
51,3,53,1,rf,demographic_time,0.39965956721888996
51,3,77,1,rf,demographic_time,0.6806690611762279
51,3,79,0,rf,demographic_time,0.2655393868367191
51,3,82,1,rf,demographic_time,0.3863499669047636
51,3,85,0,rf,demographic_time,0.46309957167783
51,3,87,0,rf,demographic_time,0.5660714433735361
51,3,94,1,rf,demographic_time,0.7544371930028793
51,3,100,0,rf,all,0.33034485829705246
51,3,11,1,rf,all,0.6070398172882583
51,3,17,1,rf,all,0.49936339339721175
51,3,23,0,rf,all,0.5706113415640746
51,3,36,0,rf,all,0.33841097325345126
51,3,38,0,rf,all,0.3927069819203014
51,3,42,1,rf,all,0.6152718187791887
51,3,48,1,rf,all,0.45856217669136407
51,3,53,1,rf,all,0.42078450738739487
51,3,77,1,rf,all,0.6449447142201044
51,3,79,0,rf,all,0.30476142990710886
51,3,82,1,rf,all,0.31840775944481825
51,3,85,0,rf,all,0.4427492444569521
51,3,87,0,rf,all,0.5868582526895765
51,3,94,1,rf,all,0.7420426392694417
51,3,100,0,xgb,mouse,0.49374133348464966
51,3,11,1,xgb,mouse,0.49768370389938354
51,3,17,1,xgb,mouse,0.4967508614063263
51,3,23,0,xgb,mouse,0.4973321557044983
51,3,36,0,xgb,mouse,0.4973321557044983
51,3,38,0,xgb,mouse,0.49472853541374207
51,3,42,1,xgb,mouse,0.4973321557044983
51,3,48,1,xgb,mouse,0.4973321557044983
51,3,53,1,xgb,mouse,0.4970415234565735
51,3,77,1,xgb,mouse,0.4973321557044983
51,3,79,0,xgb,mouse,0.4973321557044983
51,3,82,1,xgb,mouse,0.5033450126647949
51,3,85,0,xgb,mouse,0.4967215061187744
51,3,87,0,xgb,mouse,0.49768370389938354
51,3,94,1,xgb,mouse,0.5004727840423584
51,3,100,0,xgb,demographic,0.6799079775810242
51,3,11,1,xgb,demographic,0.6799079775810242
51,3,17,1,xgb,demographic,0.5050260424613953
51,3,23,0,xgb,demographic,0.5050260424613953
51,3,36,0,xgb,demographic,0.4800792932510376
51,3,38,0,xgb,demographic,0.10612791776657104
51,3,42,1,xgb,demographic,0.5050260424613953
51,3,48,1,xgb,demographic,0.4685162901878357
51,3,53,1,xgb,demographic,0.8763201832771301
51,3,77,1,xgb,demographic,0.6961466073989868
51,3,79,0,xgb,demographic,0.5719544887542725
51,3,82,1,xgb,demographic,0.8763201832771301
51,3,85,0,xgb,demographic,0.6663418412208557
51,3,87,0,xgb,demographic,0.20239083468914032
51,3,94,1,xgb,demographic,0.5686100721359253
51,3,100,0,xgb,time,0.18421843647956848
51,3,11,1,xgb,time,0.5945574641227722
51,3,17,1,xgb,time,0.5270204544067383
51,3,23,0,xgb,time,0.8254824280738831
51,3,36,0,xgb,time,0.31479257345199585
51,3,38,0,xgb,time,0.3892163932323456
51,3,42,1,xgb,time,0.6285383105278015
51,3,48,1,xgb,time,0.43809449672698975
51,3,53,1,xgb,time,0.3837750256061554
51,3,77,1,xgb,time,0.8598257303237915
51,3,79,0,xgb,time,0.2095174342393875
51,3,82,1,xgb,time,0.30367881059646606
51,3,85,0,xgb,time,0.4280219078063965
51,3,87,0,xgb,time,0.17515988647937775
51,3,94,1,xgb,time,0.6437689661979675
51,3,100,0,xgb,combined,0.694715142250061
51,3,11,1,xgb,combined,0.694715142250061
51,3,17,1,xgb,combined,0.4848829507827759
51,3,23,0,xgb,combined,0.4848829507827759
51,3,36,0,xgb,combined,0.4895940124988556
51,3,38,0,xgb,combined,0.1480775773525238
51,3,42,1,xgb,combined,0.4848829507827759
51,3,48,1,xgb,combined,0.4442977011203766
51,3,53,1,xgb,combined,0.8980754017829895
51,3,77,1,xgb,combined,0.7204760313034058
51,3,79,0,xgb,combined,0.5624070167541504
51,3,82,1,xgb,combined,0.8980754017829895
51,3,85,0,xgb,combined,0.7760254144668579
51,3,87,0,xgb,combined,0.2334829419851303
51,3,94,1,xgb,combined,0.5610174536705017
51,3,100,0,xgb,mouse_time,0.18073837459087372
51,3,11,1,xgb,mouse_time,0.5992291569709778
51,3,17,1,xgb,mouse_time,0.533788800239563
51,3,23,0,xgb,mouse_time,0.8318532705307007
51,3,36,0,xgb,mouse_time,0.31640997529029846
51,3,38,0,xgb,mouse_time,0.4325697124004364
51,3,42,1,xgb,mouse_time,0.6070379018783569
51,3,48,1,xgb,mouse_time,0.48463940620422363
51,3,53,1,xgb,mouse_time,0.4009319245815277
51,3,77,1,xgb,mouse_time,0.8489167094230652
51,3,79,0,xgb,mouse_time,0.21152961254119873
51,3,82,1,xgb,mouse_time,0.2888183891773224
51,3,85,0,xgb,mouse_time,0.4040670394897461
51,3,87,0,xgb,mouse_time,0.19117072224617004
51,3,94,1,xgb,mouse_time,0.6302932500839233
51,3,100,0,xgb,demographic_time,0.2075367271900177
51,3,11,1,xgb,demographic_time,0.6045485734939575
51,3,17,1,xgb,demographic_time,0.5292030572891235
51,3,23,0,xgb,demographic_time,0.8511250615119934
51,3,36,0,xgb,demographic_time,0.3014526069164276
51,3,38,0,xgb,demographic_time,0.36943015456199646
51,3,42,1,xgb,demographic_time,0.6369947195053101
51,3,48,1,xgb,demographic_time,0.4827539026737213
51,3,53,1,xgb,demographic_time,0.37255144119262695
51,3,77,1,xgb,demographic_time,0.8726917505264282
51,3,79,0,xgb,demographic_time,0.19260334968566895
51,3,82,1,xgb,demographic_time,0.303558886051178
51,3,85,0,xgb,demographic_time,0.41765719652175903
51,3,87,0,xgb,demographic_time,0.18037199974060059
51,3,94,1,xgb,demographic_time,0.6580564975738525
51,3,100,0,xgb,all,0.2103569507598877
51,3,11,1,xgb,all,0.6068933606147766
51,3,17,1,xgb,all,0.5141720175743103
51,3,23,0,xgb,all,0.8239930868148804
51,3,36,0,xgb,all,0.33111000061035156
51,3,38,0,xgb,all,0.3895287811756134
51,3,42,1,xgb,all,0.6297524571418762
51,3,48,1,xgb,all,0.44238942861557007
51,3,53,1,xgb,all,0.37374231219291687
51,3,77,1,xgb,all,0.854353129863739
51,3,79,0,xgb,all,0.20045557618141174
51,3,82,1,xgb,all,0.3109736442565918
51,3,85,0,xgb,all,0.4268406927585602
51,3,87,0,xgb,all,0.18261918425559998
51,3,94,1,xgb,all,0.6627251505851746
51,4,101,0,rf,mouse,0.491827057066793
51,4,12,1,rf,mouse,0.4920506315282407
51,4,14,0,rf,mouse,0.49205637676579816
51,4,21,0,rf,mouse,0.4951699488888007
51,4,3,1,rf,mouse,0.49522941410191895
51,4,35,0,rf,mouse,0.4929301230703651
51,4,5,1,rf,mouse,0.49885571261470296
51,4,54,1,rf,mouse,0.4943163114283161
51,4,57,1,rf,mouse,0.49815093536556077
51,4,62,1,rf,mouse,0.4926854055479697
51,4,66,1,rf,mouse,0.5060977196013627
51,4,78,0,rf,mouse,0.4922477395702208
51,4,86,0,rf,mouse,0.4932426107953455
51,4,9,1,rf,mouse,0.4907547607193852
51,4,97,1,rf,mouse,0.49500819929888107
51,4,101,0,rf,demographic,0.6518090935858057
51,4,12,1,rf,demographic,0.7218000760195142
51,4,14,0,rf,demographic,0.564268123836935
51,4,21,0,rf,demographic,0.5594151223704797
51,4,3,1,rf,demographic,0.5594151223704797
51,4,35,0,rf,demographic,0.23178958923118947
51,4,5,1,rf,demographic,0.6129337466654077
51,4,54,1,rf,demographic,0.26216347522317335
51,4,57,1,rf,demographic,0.6955518269252208
51,4,62,1,rf,demographic,0.49249955783579197
51,4,66,1,rf,demographic,0.8225851015438266
51,4,78,0,rf,demographic,0.3904809799570446
51,4,86,0,rf,demographic,0.23022452245645067
51,4,9,1,rf,demographic,0.13222832239093743
51,4,97,1,rf,demographic,0.49249955783579197
51,4,101,0,rf,time,0.2467298138979713
51,4,12,1,rf,time,0.9437670825018698
51,4,14,0,rf,time,0.22986421029729653
51,4,21,0,rf,time,0.572685372942144
51,4,3,1,rf,time,0.9373178169494503
51,4,35,0,rf,time,0.26823433766718663
51,4,5,1,rf,time,0.8100114790716638
51,4,54,1,rf,time,0.4313652344340901
51,4,57,1,rf,time,0.7127616752317316
51,4,62,1,rf,time,0.8404986359191579
51,4,66,1,rf,time,0.8548554418607452
51,4,78,0,rf,time,0.7071823187548537
51,4,86,0,rf,time,0.6934325793185582
51,4,9,1,rf,time,0.626375298463699
51,4,97,1,rf,time,0.7709107196941332
51,4,101,0,rf,combined,0.6869363790133585
51,4,12,1,rf,combined,0.7415917326066037
51,4,14,0,rf,combined,0.5321173155602277
51,4,21,0,rf,combined,0.5080861698342446
51,4,3,1,rf,combined,0.5082492701459091
51,4,35,0,rf,combined,0.27683243649839284
51,4,5,1,rf,combined,0.6463570737939762
51,4,54,1,rf,combined,0.31145536660510775
51,4,57,1,rf,combined,0.723590589439364
51,4,62,1,rf,combined,0.48687699419113023
51,4,66,1,rf,combined,0.7456888556397653
51,4,78,0,rf,combined,0.34698885738636387
51,4,86,0,rf,combined,0.27683259503064334
51,4,9,1,rf,combined,0.10958412909839295
51,4,97,1,rf,combined,0.4869689294005183
51,4,101,0,rf,mouse_time,0.22774905572694948
51,4,12,1,rf,mouse_time,0.9271298124127304
51,4,14,0,rf,mouse_time,0.2360867183747061
51,4,21,0,rf,mouse_time,0.5637778974867574
51,4,3,1,rf,mouse_time,0.891462859438757
51,4,35,0,rf,mouse_time,0.27095257784322835
51,4,5,1,rf,mouse_time,0.8282987404407441
51,4,54,1,rf,mouse_time,0.47938447322271205
51,4,57,1,rf,mouse_time,0.779538296899329
51,4,62,1,rf,mouse_time,0.8641275507020494
51,4,66,1,rf,mouse_time,0.8255313463327962
51,4,78,0,rf,mouse_time,0.6955691719124844
51,4,86,0,rf,mouse_time,0.7146488375345598
51,4,9,1,rf,mouse_time,0.588873557453803
51,4,97,1,rf,mouse_time,0.7165028326237816
51,4,101,0,rf,demographic_time,0.2978600409132775
51,4,12,1,rf,demographic_time,0.8908134931228411
51,4,14,0,rf,demographic_time,0.3087848586665881
51,4,21,0,rf,demographic_time,0.522605995536843
51,4,3,1,rf,demographic_time,0.8744597094926556
51,4,35,0,rf,demographic_time,0.3107884026333282
51,4,5,1,rf,demographic_time,0.8095390213274112
51,4,54,1,rf,demographic_time,0.4474547548241608
51,4,57,1,rf,demographic_time,0.7384049689742038
51,4,62,1,rf,demographic_time,0.8900724625805972
51,4,66,1,rf,demographic_time,0.8578992495228587
51,4,78,0,rf,demographic_time,0.6589925231416209
51,4,86,0,rf,demographic_time,0.6818243184473802
51,4,9,1,rf,demographic_time,0.47641910100838364
51,4,97,1,rf,demographic_time,0.6968437649788017
51,4,101,0,rf,all,0.2835489640815021
51,4,12,1,rf,all,0.9409955716237857
51,4,14,0,rf,all,0.30047965641732277
51,4,21,0,rf,all,0.5536306370489202
51,4,3,1,rf,all,0.9120668400017575
51,4,35,0,rf,all,0.2897168971319338
51,4,5,1,rf,all,0.8730753766855232
51,4,54,1,rf,all,0.43671055625269045
51,4,57,1,rf,all,0.6988375311464614
51,4,62,1,rf,all,0.8663187204858176
51,4,66,1,rf,all,0.9015970278163202
51,4,78,0,rf,all,0.6574644927186373
51,4,86,0,rf,all,0.7508269918513666
51,4,9,1,rf,all,0.49471454456164976
51,4,97,1,rf,all,0.7033714422445565
51,4,101,0,xgb,mouse,0.492005318403244
51,4,12,1,xgb,mouse,0.492005318403244
51,4,14,0,xgb,mouse,0.492005318403244
51,4,21,0,xgb,mouse,0.49801602959632874
51,4,3,1,xgb,mouse,0.4976139962673187
51,4,35,0,xgb,mouse,0.49285781383514404
51,4,5,1,xgb,mouse,0.4983132481575012
51,4,54,1,xgb,mouse,0.49801602959632874
51,4,57,1,xgb,mouse,0.5004013776779175
51,4,62,1,xgb,mouse,0.49760955572128296
51,4,66,1,xgb,mouse,0.5074353218078613
51,4,78,0,xgb,mouse,0.4945368468761444
51,4,86,0,xgb,mouse,0.49720311164855957
51,4,9,1,xgb,mouse,0.492005318403244
51,4,97,1,xgb,mouse,0.49801602959632874
51,4,101,0,xgb,demographic,0.7349506616592407
51,4,12,1,xgb,demographic,0.805353581905365
51,4,14,0,xgb,demographic,0.6423395276069641
51,4,21,0,xgb,demographic,0.6391083002090454
51,4,3,1,xgb,demographic,0.6391083002090454
51,4,35,0,xgb,demographic,0.1844252645969391
51,4,5,1,xgb,demographic,0.5872679948806763
51,4,54,1,xgb,demographic,0.3099660277366638
51,4,57,1,xgb,demographic,0.805353581905365
51,4,62,1,xgb,demographic,0.5115671753883362
51,4,66,1,xgb,demographic,0.6671144366264343
51,4,78,0,xgb,demographic,0.2907436490058899
51,4,86,0,xgb,demographic,0.1844252645969391
51,4,9,1,xgb,demographic,0.03799382597208023
51,4,97,1,xgb,demographic,0.5115671753883362
51,4,101,0,xgb,time,0.12528476119041443
51,4,12,1,xgb,time,0.9116827249526978
51,4,14,0,xgb,time,0.221152663230896
51,4,21,0,xgb,time,0.6889294385910034
51,4,3,1,xgb,time,0.9354407787322998
51,4,35,0,xgb,time,0.14587418735027313
51,4,5,1,xgb,time,0.8721401691436768
51,4,54,1,xgb,time,0.5051899552345276
51,4,57,1,xgb,time,0.8524516224861145
51,4,62,1,xgb,time,0.9518924355506897
51,4,66,1,xgb,time,0.9490180611610413
51,4,78,0,xgb,time,0.5711961388587952
51,4,86,0,xgb,time,0.7239385843276978
51,4,9,1,xgb,time,0.7626274228096008
51,4,97,1,xgb,time,0.7969167828559875
51,4,101,0,xgb,combined,0.7372387647628784
51,4,12,1,xgb,combined,0.8310282826423645
51,4,14,0,xgb,combined,0.5876054763793945
51,4,21,0,xgb,combined,0.5842261910438538
51,4,3,1,xgb,combined,0.5842261910438538
51,4,35,0,xgb,combined,0.22740569710731506
51,4,5,1,xgb,combined,0.5376123785972595
51,4,54,1,xgb,combined,0.24228090047836304
51,4,57,1,xgb,combined,0.8339864015579224
51,4,62,1,xgb,combined,0.479697048664093
51,4,66,1,xgb,combined,0.6816719770431519
51,4,78,0,xgb,combined,0.35072198510169983
51,4,86,0,xgb,combined,0.22740569710731506
51,4,9,1,xgb,combined,0.06277444958686829
51,4,97,1,xgb,combined,0.479697048664093
51,4,101,0,xgb,mouse_time,0.1435549259185791
51,4,12,1,xgb,mouse_time,0.9070526361465454
51,4,14,0,xgb,mouse_time,0.24283823370933533
51,4,21,0,xgb,mouse_time,0.6762357950210571
51,4,3,1,xgb,mouse_time,0.942240834236145
51,4,35,0,xgb,mouse_time,0.14608965814113617
51,4,5,1,xgb,mouse_time,0.8940764665603638
51,4,54,1,xgb,mouse_time,0.5160999298095703
51,4,57,1,xgb,mouse_time,0.8462049961090088
51,4,62,1,xgb,mouse_time,0.952613115310669
51,4,66,1,xgb,mouse_time,0.9489166140556335
51,4,78,0,xgb,mouse_time,0.5938653349876404
51,4,86,0,xgb,mouse_time,0.7528795003890991
51,4,9,1,xgb,mouse_time,0.7403424382209778
51,4,97,1,xgb,mouse_time,0.7835336327552795
51,4,101,0,xgb,demographic_time,0.20188495516777039
51,4,12,1,xgb,demographic_time,0.9333434104919434
51,4,14,0,xgb,demographic_time,0.3182588517665863
51,4,21,0,xgb,demographic_time,0.568337082862854
51,4,3,1,xgb,demographic_time,0.9473515152931213
51,4,35,0,xgb,demographic_time,0.2289351224899292
51,4,5,1,xgb,demographic_time,0.8842337727546692
51,4,54,1,xgb,demographic_time,0.4473133087158203
51,4,57,1,xgb,demographic_time,0.8465515375137329
51,4,62,1,xgb,demographic_time,0.9383589625358582
51,4,66,1,xgb,demographic_time,0.9518670439720154
51,4,78,0,xgb,demographic_time,0.621724009513855
51,4,86,0,xgb,demographic_time,0.7681024074554443
51,4,9,1,xgb,demographic_time,0.528303861618042
51,4,97,1,xgb,demographic_time,0.7605617046356201
51,4,101,0,xgb,all,0.21560177206993103
51,4,12,1,xgb,all,0.932773768901825
51,4,14,0,xgb,all,0.30965936183929443
51,4,21,0,xgb,all,0.5796433091163635
51,4,3,1,xgb,all,0.94415283203125
51,4,35,0,xgb,all,0.23183535039424896
51,4,5,1,xgb,all,0.8876901268959045
51,4,54,1,xgb,all,0.436903715133667
51,4,57,1,xgb,all,0.833548367023468
51,4,62,1,xgb,all,0.9435750842094421
51,4,66,1,xgb,all,0.9626115560531616
51,4,78,0,xgb,all,0.5984736084938049
51,4,86,0,xgb,all,0.7678131461143494
51,4,9,1,xgb,all,0.550210177898407
51,4,97,1,xgb,all,0.766663670539856
51,5,13,1,rf,mouse,0.48970335092954775
51,5,22,0,rf,mouse,0.49106326952624607
51,5,24,1,rf,mouse,0.49131633280201265
51,5,30,0,rf,mouse,0.4898003115086486
51,5,47,1,rf,mouse,0.48766856979165685
51,5,50,1,rf,mouse,0.49768987629602696
51,5,58,1,rf,mouse,0.4936680549245268
51,5,70,0,rf,mouse,0.48804419267461274
51,5,8,1,rf,mouse,0.48798259467338945
51,5,83,0,rf,mouse,0.491465641068802
51,5,84,0,rf,mouse,0.49183550439528856
51,5,88,1,rf,mouse,0.49021805529016615
51,5,92,1,rf,mouse,0.4894024880448765
51,5,95,0,rf,mouse,0.49145082598569434
51,5,13,1,rf,demographic,0.46505206252063075
51,5,22,0,rf,demographic,0.5667588883184814
51,5,24,1,rf,demographic,0.7088426278314186
51,5,30,0,rf,demographic,0.5984087124786358
51,5,47,1,rf,demographic,0.24636519232635087
51,5,50,1,rf,demographic,0.6723093877594583
51,5,58,1,rf,demographic,0.5560065559670013
51,5,70,0,rf,demographic,0.7496181973271605
51,5,8,1,rf,demographic,0.360194706371815
51,5,83,0,rf,demographic,0.6174578952558385
51,5,84,0,rf,demographic,0.2965012541310247
51,5,88,1,rf,demographic,0.608008733739955
51,5,92,1,rf,demographic,0.830708059747197
51,5,95,0,rf,demographic,0.3078142848032573
51,5,13,1,rf,time,0.7707857108172206
51,5,22,0,rf,time,0.4561299861635583
51,5,24,1,rf,time,0.3407394887729695
51,5,30,0,rf,time,0.17578254447339042
51,5,47,1,rf,time,0.30017279208842906
51,5,50,1,rf,time,0.985806357355389
51,5,58,1,rf,time,0.7544672835346632
51,5,70,0,rf,time,0.359159182969205
51,5,8,1,rf,time,0.30701307385111154
51,5,83,0,rf,time,0.5152057119450425
51,5,84,0,rf,time,0.635531556221282
51,5,88,1,rf,time,0.6836698589367509
51,5,92,1,rf,time,0.6268314262433872
51,5,95,0,rf,time,0.7839254785382417
51,5,13,1,rf,combined,0.4719919917162644
51,5,22,0,rf,combined,0.503564216527354
51,5,24,1,rf,combined,0.5767364794613667
51,5,30,0,rf,combined,0.5439076708617872
51,5,47,1,rf,combined,0.37226822574495044
51,5,50,1,rf,combined,0.665952816792861
51,5,58,1,rf,combined,0.5955826318172063
51,5,70,0,rf,combined,0.6869235777624081
51,5,8,1,rf,combined,0.24238612353261604
51,5,83,0,rf,combined,0.6477145780965018
51,5,84,0,rf,combined,0.3494895239931381
51,5,88,1,rf,combined,0.516341061889694
51,5,92,1,rf,combined,0.8204386143714123
51,5,95,0,rf,combined,0.3598775975195062
51,5,13,1,rf,mouse_time,0.7964320999588604
51,5,22,0,rf,mouse_time,0.44451521899561736
51,5,24,1,rf,mouse_time,0.3761773551078017
51,5,30,0,rf,mouse_time,0.18851564390843117
51,5,47,1,rf,mouse_time,0.2718602727226882
51,5,50,1,rf,mouse_time,0.9668182373937084
51,5,58,1,rf,mouse_time,0.7719619905848132
51,5,70,0,rf,mouse_time,0.3031412605516886
51,5,8,1,rf,mouse_time,0.2990988404890894
51,5,83,0,rf,mouse_time,0.5651570424481783
51,5,84,0,rf,mouse_time,0.6950618171393022
51,5,88,1,rf,mouse_time,0.7243801618192202
51,5,92,1,rf,mouse_time,0.6092887703163536
51,5,95,0,rf,mouse_time,0.7970120229514533
51,5,13,1,rf,demographic_time,0.7257943093849953
51,5,22,0,rf,demographic_time,0.46225797532335566
51,5,24,1,rf,demographic_time,0.3455085790970935
51,5,30,0,rf,demographic_time,0.18418654364141382
51,5,47,1,rf,demographic_time,0.24795115925752623
51,5,50,1,rf,demographic_time,0.9681859388254853
51,5,58,1,rf,demographic_time,0.7880286005023038
51,5,70,0,rf,demographic_time,0.31005159168500074
51,5,8,1,rf,demographic_time,0.29435397521364354
51,5,83,0,rf,demographic_time,0.577217737698227
51,5,84,0,rf,demographic_time,0.5898681967013916
51,5,88,1,rf,demographic_time,0.6712358482346298
51,5,92,1,rf,demographic_time,0.6264249892224102
51,5,95,0,rf,demographic_time,0.7956856848860875
51,5,13,1,rf,all,0.7650008814500335
51,5,22,0,rf,all,0.4456082665024147
51,5,24,1,rf,all,0.3206127102078515
51,5,30,0,rf,all,0.14386360001789528
51,5,47,1,rf,all,0.23235337053279914
51,5,50,1,rf,all,0.9733861338100075
51,5,58,1,rf,all,0.8223716968299473
51,5,70,0,rf,all,0.4006847852397447
51,5,8,1,rf,all,0.3176479315853635
51,5,83,0,rf,all,0.5884283819571594
51,5,84,0,rf,all,0.6606902648868707
51,5,88,1,rf,all,0.7138601995651951
51,5,92,1,rf,all,0.6145878423159059
51,5,95,0,rf,all,0.8321764009857816
51,5,13,1,xgb,mouse,0.49188753962516785
51,5,22,0,xgb,mouse,0.4976535141468048
51,5,24,1,xgb,mouse,0.4976535141468048
51,5,30,0,xgb,mouse,0.49188753962516785
51,5,47,1,xgb,mouse,0.48914775252342224
51,5,50,1,xgb,mouse,0.5030626058578491
51,5,58,1,xgb,mouse,0.4994712769985199
51,5,70,0,xgb,mouse,0.48914775252342224
51,5,8,1,xgb,mouse,0.4889553487300873
51,5,83,0,xgb,mouse,0.4976535141468048
51,5,84,0,xgb,mouse,0.4976535141468048
51,5,88,1,xgb,mouse,0.4957903027534485
51,5,92,1,xgb,mouse,0.49455544352531433
51,5,95,0,xgb,mouse,0.4976535141468048
51,5,13,1,xgb,demographic,0.522737979888916
51,5,22,0,xgb,demographic,0.5105281472206116
51,5,24,1,xgb,demographic,0.669041097164154
51,5,30,0,xgb,demographic,0.7067562341690063
51,5,47,1,xgb,demographic,0.669041097164154
51,5,50,1,xgb,demographic,0.6304965615272522
51,5,58,1,xgb,demographic,0.5505794286727905
51,5,70,0,xgb,demographic,0.7410169243812561
51,5,8,1,xgb,demographic,0.15950796008110046
51,5,83,0,xgb,demographic,0.7808762788772583
51,5,84,0,xgb,demographic,0.22764556109905243
51,5,88,1,xgb,demographic,0.669041097164154
51,5,92,1,xgb,demographic,0.8516163229942322
51,5,95,0,xgb,demographic,0.22764556109905243
51,5,13,1,xgb,time,0.7618730068206787
51,5,22,0,xgb,time,0.5362695455551147
51,5,24,1,xgb,time,0.10026106983423233
51,5,30,0,xgb,time,0.1680816113948822
51,5,47,1,xgb,time,0.22652988135814667
51,5,50,1,xgb,time,0.9857286810874939
51,5,58,1,xgb,time,0.9212745428085327
51,5,70,0,xgb,time,0.4048342704772949
51,5,8,1,xgb,time,0.315930038690567
51,5,83,0,xgb,time,0.460269570350647
51,5,84,0,xgb,time,0.7501360177993774
51,5,88,1,xgb,time,0.7150528430938721
51,5,92,1,xgb,time,0.6217872500419617
51,5,95,0,xgb,time,0.9230808615684509
51,5,13,1,xgb,combined,0.5667674541473389
51,5,22,0,xgb,combined,0.4937294125556946
51,5,24,1,xgb,combined,0.6712241172790527
51,5,30,0,xgb,combined,0.6859136819839478
51,5,47,1,xgb,combined,0.6618366837501526
51,5,50,1,xgb,combined,0.6417204737663269
51,5,58,1,xgb,combined,0.5720124840736389
51,5,70,0,xgb,combined,0.7220368981361389
51,5,8,1,xgb,combined,0.1484166830778122
51,5,83,0,xgb,combined,0.7532726526260376
51,5,84,0,xgb,combined,0.2485525906085968
51,5,88,1,xgb,combined,0.6712241172790527
51,5,92,1,xgb,combined,0.8634259700775146
51,5,95,0,xgb,combined,0.2485525906085968
51,5,13,1,xgb,mouse_time,0.7841865420341492
51,5,22,0,xgb,mouse_time,0.5504060387611389
51,5,24,1,xgb,mouse_time,0.11541841924190521
51,5,30,0,xgb,mouse_time,0.16095134615898132
51,5,47,1,xgb,mouse_time,0.21422690153121948
51,5,50,1,xgb,mouse_time,0.9859204888343811
51,5,58,1,xgb,mouse_time,0.9222937226295471
51,5,70,0,xgb,mouse_time,0.33584150671958923
51,5,8,1,xgb,mouse_time,0.33414629101753235
51,5,83,0,xgb,mouse_time,0.445953905582428
51,5,84,0,xgb,mouse_time,0.7544407248497009
51,5,88,1,xgb,mouse_time,0.7134652733802795
51,5,92,1,xgb,mouse_time,0.6051406264305115
51,5,95,0,xgb,mouse_time,0.9315594434738159
51,5,13,1,xgb,demographic_time,0.7655790448188782
51,5,22,0,xgb,demographic_time,0.48609182238578796
51,5,24,1,xgb,demographic_time,0.11182980984449387
51,5,30,0,xgb,demographic_time,0.13578841090202332
51,5,47,1,xgb,demographic_time,0.17533689737319946
51,5,50,1,xgb,demographic_time,0.9855650067329407
51,5,58,1,xgb,demographic_time,0.9336687922477722
51,5,70,0,xgb,demographic_time,0.4761190414428711
51,5,8,1,xgb,demographic_time,0.256883829832077
51,5,83,0,xgb,demographic_time,0.3092079758644104
51,5,84,0,xgb,demographic_time,0.7279366254806519
51,5,88,1,xgb,demographic_time,0.7852806448936462
51,5,92,1,xgb,demographic_time,0.6065482497215271
51,5,95,0,xgb,demographic_time,0.9154384136199951
51,5,13,1,xgb,all,0.7482482194900513
51,5,22,0,xgb,all,0.4927805960178375
51,5,24,1,xgb,all,0.11827769130468369
51,5,30,0,xgb,all,0.13821625709533691
51,5,47,1,xgb,all,0.1793605387210846
51,5,50,1,xgb,all,0.9857368469238281
51,5,58,1,xgb,all,0.9321651458740234
51,5,70,0,xgb,all,0.477295845746994
51,5,8,1,xgb,all,0.23124906420707703
51,5,83,0,xgb,all,0.34308484196662903
51,5,84,0,xgb,all,0.704635500907898
51,5,88,1,xgb,all,0.7746806740760803
51,5,92,1,xgb,all,0.6307997703552246
51,5,95,0,xgb,all,0.9123417139053345
